-- MariaDB dump 10.19  Distrib 10.4.32-MariaDB, for Win64 (AMD64)
--
-- Host: localhost    Database: biznes
-- ------------------------------------------------------
-- Server version	10.4.32-MariaDB

/*!40101 SET @OLD_CHARACTER_SET_CLIENT=@@CHARACTER_SET_CLIENT */;
/*!40101 SET @OLD_CHARACTER_SET_RESULTS=@@CHARACTER_SET_RESULTS */;
/*!40101 SET @OLD_COLLATION_CONNECTION=@@COLLATION_CONNECTION */;
/*!40101 SET NAMES utf8mb4 */;
/*!40103 SET @OLD_TIME_ZONE=@@TIME_ZONE */;
/*!40103 SET TIME_ZONE='+00:00' */;
/*!40014 SET @OLD_UNIQUE_CHECKS=@@UNIQUE_CHECKS, UNIQUE_CHECKS=0 */;
/*!40014 SET @OLD_FOREIGN_KEY_CHECKS=@@FOREIGN_KEY_CHECKS, FOREIGN_KEY_CHECKS=0 */;
/*!40101 SET @OLD_SQL_MODE=@@SQL_MODE, SQL_MODE='NO_AUTO_VALUE_ON_ZERO' */;
/*!40111 SET @OLD_SQL_NOTES=@@SQL_NOTES, SQL_NOTES=0 */;

--
-- Table structure for table `grupa`
--

DROP TABLE IF EXISTS `grupa`;
/*!40101 SET @saved_cs_client     = @@character_set_client */;
/*!40101 SET character_set_client = utf8 */;
CREATE TABLE `grupa` (
  `id` int(11) NOT NULL AUTO_INCREMENT,
  `nazwa` varchar(50) NOT NULL,
  `pensja_od` float DEFAULT NULL,
  `pensja_do` float DEFAULT NULL,
  PRIMARY KEY (`id`)
) ENGINE=InnoDB AUTO_INCREMENT=1001 DEFAULT CHARSET=utf8mb4 COLLATE=utf8mb4_general_ci;
/*!40101 SET character_set_client = @saved_cs_client */;

--
-- Dumping data for table `grupa`
--

LOCK TABLES `grupa` WRITE;
/*!40000 ALTER TABLE `grupa` DISABLE KEYS */;
INSERT INTO `grupa` VALUES (1,'Administracja',4382,5927),(2,'Marketing',4207,5264),(3,'IT',4471,6883),(4,'Marketing',3138,4162),(5,'Sprzeda┼╝',4273,6515),(6,'Marketing',3801,6257),(7,'IT',3869,4975),(8,'Marketing',4513,7124),(9,'IT',6849,9220),(10,'HR',5004,6713),(11,'Marketing',3457,5009),(12,'IT',6286,7619),(13,'HR',4694,6499),(14,'HR',6122,8692),(15,'Marketing',4018,6869),(16,'Sprzeda┼╝',4416,6443),(17,'IT',3896,6744),(18,'HR',3642,5458),(19,'Administracja',3383,4448),(20,'IT',4372,6703),(21,'HR',4112,5529),(22,'IT',3756,4998),(23,'Marketing',3311,6166),(24,'Marketing',4954,7941),(25,'IT',6371,7806),(26,'Sprzeda┼╝',6350,9172),(27,'IT',6530,7677),(28,'Marketing',3521,6494),(29,'Marketing',4183,6778),(30,'HR',5194,8136),(31,'Marketing',5415,6951),(32,'IT',6166,8318),(33,'HR',6566,8113),(34,'Marketing',6085,8374),(35,'IT',4844,6795),(36,'Administracja',5272,8129),(37,'IT',4320,5342),(38,'Marketing',3776,6544),(39,'Marketing',4314,6642),(40,'IT',4302,6591),(41,'Sprzeda┼╝',5508,7873),(42,'Marketing',3558,6359),(43,'Marketing',4797,6035),(44,'Administracja',4240,7224),(45,'Administracja',5714,6965),(46,'Sprzeda┼╝',3830,4913),(47,'Marketing',6600,9347),(48,'Sprzeda┼╝',6741,7933),(49,'IT',6147,7870),(50,'Sprzeda┼╝',5230,7839),(51,'IT',3502,6101),(52,'Sprzeda┼╝',3179,4724),(53,'Administracja',5215,8006),(54,'Marketing',5344,7898),(55,'Sprzeda┼╝',4350,7321),(56,'Administracja',6770,8881),(57,'Sprzeda┼╝',3240,4753),(58,'HR',5066,7729),(59,'HR',3112,4404),(60,'Sprzeda┼╝',5207,6758),(61,'Sprzeda┼╝',3155,4373),(62,'Administracja',3435,5466),(63,'Sprzeda┼╝',5799,7015),(64,'Sprzeda┼╝',5915,8114),(65,'Administracja',3434,5113),(66,'Marketing',5677,7152),(67,'Administracja',6353,7435),(68,'Sprzeda┼╝',6924,9296),(69,'HR',5595,7924),(70,'HR',6827,9214),(71,'HR',6139,7436),(72,'Marketing',4764,7143),(73,'IT',3149,5350),(74,'Marketing',3885,6588),(75,'IT',6425,9098),(76,'Administracja',4591,5754),(77,'HR',3877,4992),(78,'IT',5657,6771),(79,'HR',5448,7926),(80,'Sprzeda┼╝',3114,4158),(81,'Marketing',3274,4480),(82,'HR',3542,5586),(83,'Sprzeda┼╝',6856,9465),(84,'HR',6327,8440),(85,'Sprzeda┼╝',5586,6618),(86,'Administracja',4870,6785),(87,'Sprzeda┼╝',6103,8499),(88,'Administracja',3473,4936),(89,'IT',5565,8070),(90,'HR',6751,8846),(91,'Marketing',6783,8463),(92,'Marketing',3243,5417),(93,'Marketing',3696,5613),(94,'Administracja',4853,6708),(95,'HR',3118,5713),(96,'Sprzeda┼╝',5088,7795),(97,'Marketing',6330,7877),(98,'Administracja',3521,5749),(99,'IT',4923,6027),(100,'Marketing',6049,8666),(101,'Sprzeda┼╝',4641,7437),(102,'IT',6894,9729),(103,'Administracja',3319,5383),(104,'Sprzeda┼╝',5010,6557),(105,'IT',4329,6755),(106,'Administracja',6131,7827),(107,'IT',5702,7367),(108,'Sprzeda┼╝',5119,7933),(109,'Marketing',4848,6183),(110,'Sprzeda┼╝',5476,7109),(111,'Sprzeda┼╝',4047,6473),(112,'IT',4953,7679),(113,'Sprzeda┼╝',4471,5905),(114,'IT',5568,6959),(115,'IT',4422,7269),(116,'HR',4509,6786),(117,'IT',4109,5928),(118,'Sprzeda┼╝',6340,9110),(119,'Administracja',4689,7504),(120,'HR',6457,7750),(121,'IT',6077,8498),(122,'HR',6057,7899),(123,'HR',3788,5481),(124,'Administracja',6219,7325),(125,'Administracja',6281,7827),(126,'HR',3773,6075),(127,'HR',3230,4326),(128,'Administracja',4075,5560),(129,'Administracja',3709,5814),(130,'HR',4955,6770),(131,'Marketing',5008,6971),(132,'Marketing',5878,7228),(133,'Administracja',4759,7614),(134,'IT',6286,7568),(135,'IT',5726,7933),(136,'HR',5155,7898),(137,'Administracja',5856,7312),(138,'HR',3922,6384),(139,'IT',3389,4838),(140,'IT',4380,7006),(141,'HR',4577,6080),(142,'Marketing',3147,6094),(143,'Marketing',6468,7503),(144,'Administracja',5794,8645),(145,'Marketing',3036,4684),(146,'HR',3078,5527),(147,'Marketing',6388,7615),(148,'Marketing',4434,7314),(149,'Administracja',3087,5602),(150,'HR',6921,8586),(151,'IT',5899,8729),(152,'HR',4332,5729),(153,'Sprzeda┼╝',4516,6907),(154,'HR',5899,7751),(155,'Marketing',3725,5411),(156,'IT',6402,8192),(157,'Marketing',6017,8391),(158,'Marketing',5742,6901),(159,'IT',5138,6967),(160,'Sprzeda┼╝',6933,9381),(161,'HR',6435,7535),(162,'Marketing',6267,8977),(163,'HR',5749,8386),(164,'Administracja',6277,9102),(165,'Administracja',3660,5627),(166,'IT',6829,8189),(167,'Sprzeda┼╝',3374,5751),(168,'HR',6274,8846),(169,'Sprzeda┼╝',5099,6803),(170,'Administracja',5645,7766),(171,'Sprzeda┼╝',3342,4692),(172,'HR',6425,7518),(173,'Sprzeda┼╝',4252,7191),(174,'IT',6969,8169),(175,'Administracja',3076,4446),(176,'Sprzeda┼╝',6207,9148),(177,'Administracja',4489,7225),(178,'Administracja',4589,6427),(179,'IT',4764,7153),(180,'IT',4135,5469),(181,'IT',5719,7033),(182,'Sprzeda┼╝',5726,8504),(183,'Administracja',5087,6435),(184,'Marketing',4755,6463),(185,'Sprzeda┼╝',5960,8798),(186,'Sprzeda┼╝',6077,7387),(187,'IT',4458,6704),(188,'Administracja',4579,7414),(189,'IT',6830,9635),(190,'HR',4876,6202),(191,'HR',4535,5962),(192,'IT',3272,6214),(193,'HR',5642,6876),(194,'IT',5480,7033),(195,'Administracja',4509,6410),(196,'Administracja',6100,7190),(197,'Administracja',3003,5511),(198,'Marketing',6547,9472),(199,'HR',3436,4590),(200,'Marketing',3331,5821),(201,'Marketing',6714,8217),(202,'Administracja',6573,8491),(203,'HR',4174,5782),(204,'Administracja',5029,7525),(205,'HR',5622,8008),(206,'IT',5181,7604),(207,'HR',4338,6548),(208,'Sprzeda┼╝',5485,8373),(209,'Administracja',6225,9167),(210,'HR',3174,5328),(211,'Sprzeda┼╝',6574,9071),(212,'IT',5436,6656),(213,'IT',6447,8313),(214,'Administracja',6014,7053),(215,'Administracja',3590,4650),(216,'Marketing',4541,7499),(217,'IT',6786,9239),(218,'Sprzeda┼╝',5939,7391),(219,'Marketing',4977,7212),(220,'HR',3741,6018),(221,'Sprzeda┼╝',3723,6723),(222,'Sprzeda┼╝',5497,8130),(223,'HR',4727,6551),(224,'Sprzeda┼╝',4208,5612),(225,'HR',3797,6232),(226,'Sprzeda┼╝',3955,6214),(227,'IT',6917,9840),(228,'IT',5279,6729),(229,'IT',3323,4891),(230,'Administracja',3763,5951),(231,'HR',3746,5777),(232,'Marketing',3702,6610),(233,'HR',3576,5271),(234,'Sprzeda┼╝',6554,8315),(235,'Administracja',3067,5214),(236,'Administracja',6214,7894),(237,'Administracja',6434,8058),(238,'Marketing',3243,4404),(239,'Marketing',6288,8196),(240,'Marketing',5557,8255),(241,'Sprzeda┼╝',3953,6018),(242,'HR',4471,6121),(243,'Sprzeda┼╝',4749,6118),(244,'Sprzeda┼╝',5496,7472),(245,'Administracja',3006,5657),(246,'Sprzeda┼╝',6233,9163),(247,'IT',4780,7690),(248,'Marketing',6512,8040),(249,'Sprzeda┼╝',6918,9197),(250,'Sprzeda┼╝',3861,5795),(251,'IT',3198,5263),(252,'IT',5933,8110),(253,'Sprzeda┼╝',4355,6671),(254,'Marketing',4077,5560),(255,'IT',6568,8483),(256,'Administracja',5834,8203),(257,'Marketing',4719,6704),(258,'Sprzeda┼╝',6012,8296),(259,'Sprzeda┼╝',6746,9200),(260,'Marketing',6769,8035),(261,'Administracja',6533,7732),(262,'Administracja',5736,8382),(263,'IT',5099,6117),(264,'Sprzeda┼╝',5976,7311),(265,'Marketing',4557,6320),(266,'Administracja',4435,7102),(267,'HR',6067,7163),(268,'HR',4171,5858),(269,'Sprzeda┼╝',5304,7382),(270,'Sprzeda┼╝',6246,8482),(271,'HR',3127,4281),(272,'Sprzeda┼╝',5044,6046),(273,'Marketing',4490,6625),(274,'IT',5761,7936),(275,'HR',5051,6285),(276,'HR',4408,6675),(277,'Sprzeda┼╝',4866,7554),(278,'Sprzeda┼╝',6593,8088),(279,'IT',5513,6996),(280,'Marketing',6655,7731),(281,'IT',4523,7308),(282,'IT',3544,5277),(283,'Administracja',5725,7367),(284,'HR',3286,5570),(285,'IT',3787,4946),(286,'HR',5692,7786),(287,'Marketing',4859,6613),(288,'Marketing',4226,5607),(289,'Administracja',3463,4653),(290,'IT',4345,6854),(291,'HR',3232,6157),(292,'HR',5386,8006),(293,'Administracja',5594,6721),(294,'Marketing',5631,8138),(295,'Administracja',4912,7157),(296,'Marketing',6669,8009),(297,'Administracja',4456,6030),(298,'HR',3681,6586),(299,'HR',3698,6094),(300,'Marketing',3816,6446),(301,'Administracja',3839,5381),(302,'HR',4227,5589),(303,'Marketing',6823,8241),(304,'Administracja',3234,6180),(305,'Marketing',4606,5822),(306,'HR',5082,7804),(307,'Administracja',5234,7172),(308,'IT',5157,6904),(309,'Sprzeda┼╝',6003,8012),(310,'Sprzeda┼╝',4459,6868),(311,'Sprzeda┼╝',5159,6719),(312,'IT',4696,5957),(313,'HR',5017,7627),(314,'Marketing',6011,7155),(315,'Administracja',6921,9790),(316,'HR',5510,7016),(317,'Marketing',5763,8189),(318,'IT',5311,6517),(319,'IT',3376,6294),(320,'Sprzeda┼╝',4846,7146),(321,'IT',5189,7705),(322,'HR',4435,7170),(323,'Marketing',6613,7926),(324,'Administracja',4480,6112),(325,'IT',5791,7878),(326,'Marketing',5178,7027),(327,'Marketing',5891,7712),(328,'Administracja',6840,9598),(329,'IT',3293,5459),(330,'Sprzeda┼╝',5168,6557),(331,'Administracja',6711,8449),(332,'Sprzeda┼╝',3066,5219),(333,'Marketing',5676,8627),(334,'IT',3630,6055),(335,'Sprzeda┼╝',3562,5669),(336,'Sprzeda┼╝',4605,7369),(337,'Marketing',5529,8107),(338,'Marketing',6799,8143),(339,'HR',6036,8249),(340,'IT',5502,6616),(341,'IT',5614,6833),(342,'Marketing',6895,9749),(343,'Sprzeda┼╝',3887,5305),(344,'IT',3507,5403),(345,'Administracja',4671,6193),(346,'IT',6437,9122),(347,'HR',3126,4468),(348,'Sprzeda┼╝',4179,5777),(349,'HR',3747,5007),(350,'IT',6418,8135),(351,'Marketing',6330,7554),(352,'IT',6333,9120),(353,'Sprzeda┼╝',4325,6370),(354,'IT',3772,6121),(355,'HR',4321,5603),(356,'Marketing',3382,6000),(357,'Sprzeda┼╝',4997,6867),(358,'Administracja',4270,5869),(359,'Marketing',5736,7064),(360,'Administracja',6455,7604),(361,'IT',5135,6912),(362,'Marketing',5732,7132),(363,'HR',4969,7490),(364,'IT',6809,9654),(365,'HR',6061,8236),(366,'Sprzeda┼╝',3106,5307),(367,'IT',5942,8885),(368,'Marketing',6564,8003),(369,'IT',4201,7035),(370,'Sprzeda┼╝',3970,6958),(371,'Administracja',5531,7101),(372,'Marketing',3350,5850),(373,'Marketing',4217,5334),(374,'HR',4967,6580),(375,'Sprzeda┼╝',6466,9185),(376,'Marketing',6402,8676),(377,'IT',5778,7678),(378,'HR',3384,4390),(379,'Administracja',5791,6955),(380,'Sprzeda┼╝',3319,5903),(381,'HR',3334,5343),(382,'IT',4579,6479),(383,'Administracja',6831,7980),(384,'HR',6174,8956),(385,'Sprzeda┼╝',4741,6522),(386,'Marketing',5411,8308),(387,'Sprzeda┼╝',6746,9452),(388,'HR',3986,5579),(389,'HR',5889,7056),(390,'Sprzeda┼╝',3464,4531),(391,'IT',5272,7222),(392,'HR',3226,4495),(393,'Administracja',6338,7976),(394,'IT',3885,4913),(395,'IT',6642,9397),(396,'HR',6999,8519),(397,'HR',3371,5490),(398,'Sprzeda┼╝',4684,7226),(399,'Administracja',3613,6479),(400,'HR',3454,5927),(401,'HR',5171,6483),(402,'Sprzeda┼╝',6091,7388),(403,'Marketing',4001,6864),(404,'HR',5030,7188),(405,'IT',5387,7536),(406,'IT',5577,8318),(407,'Administracja',4890,6769),(408,'IT',4009,5379),(409,'Sprzeda┼╝',4308,6336),(410,'Administracja',5129,7473),(411,'Administracja',6717,8111),(412,'Marketing',6113,7216),(413,'Sprzeda┼╝',6653,8254),(414,'Sprzeda┼╝',5850,8331),(415,'HR',4421,6112),(416,'HR',5328,8287),(417,'Administracja',4270,6814),(418,'IT',5337,8189),(419,'Administracja',5104,7343),(420,'Sprzeda┼╝',4939,7628),(421,'Sprzeda┼╝',5060,6664),(422,'Administracja',5012,7338),(423,'Sprzeda┼╝',4751,7306),(424,'IT',6921,9452),(425,'Sprzeda┼╝',4513,6108),(426,'HR',4399,5712),(427,'Administracja',3397,5037),(428,'Administracja',3389,5557),(429,'Administracja',3371,5548),(430,'Sprzeda┼╝',3079,5033),(431,'Administracja',3304,5536),(432,'Marketing',3316,6160),(433,'Administracja',6288,7824),(434,'IT',3294,5859),(435,'Sprzeda┼╝',6470,8771),(436,'IT',5332,6358),(437,'Sprzeda┼╝',3669,5618),(438,'HR',4484,5760),(439,'Administracja',3600,6060),(440,'Marketing',4957,6631),(441,'Administracja',4921,6956),(442,'Administracja',5352,7144),(443,'Sprzeda┼╝',4685,7263),(444,'IT',5377,6590),(445,'Marketing',4046,7027),(446,'Marketing',5028,7726),(447,'Marketing',6426,7507),(448,'HR',4948,6769),(449,'IT',6924,8501),(450,'Sprzeda┼╝',5915,7493),(451,'Administracja',4115,6300),(452,'Sprzeda┼╝',4040,6771),(453,'Marketing',5571,7246),(454,'Marketing',3633,6603),(455,'Administracja',4923,7327),(456,'IT',5543,6700),(457,'IT',5645,6730),(458,'Sprzeda┼╝',5173,7633),(459,'Marketing',6719,9077),(460,'Administracja',5175,8171),(461,'IT',5457,7514),(462,'Administracja',5814,7566),(463,'IT',3569,5247),(464,'Sprzeda┼╝',6193,9052),(465,'Administracja',4601,6135),(466,'Administracja',6892,8327),(467,'Sprzeda┼╝',4737,6012),(468,'Administracja',6972,9495),(469,'Marketing',5783,7363),(470,'Administracja',6710,9201),(471,'HR',4033,6886),(472,'IT',3636,5557),(473,'Sprzeda┼╝',6537,8344),(474,'Marketing',4987,6478),(475,'Marketing',6742,7825),(476,'HR',6187,7357),(477,'Administracja',3060,4804),(478,'Marketing',4967,7749),(479,'Administracja',6337,8599),(480,'IT',5583,6628),(481,'Administracja',6066,7631),(482,'IT',5677,7148),(483,'Administracja',4111,5151),(484,'Sprzeda┼╝',3740,6461),(485,'Marketing',6844,9813),(486,'HR',5716,6922),(487,'Marketing',6643,8028),(488,'Marketing',4066,6110),(489,'HR',6596,8284),(490,'IT',6141,8539),(491,'Marketing',5536,6785),(492,'HR',6307,7314),(493,'IT',3331,4412),(494,'Marketing',6035,7929),(495,'Marketing',5624,8609),(496,'Marketing',4591,7360),(497,'Marketing',3285,5295),(498,'Marketing',4453,6616),(499,'Administracja',3421,4829),(500,'Marketing',3222,5783),(501,'Administracja',5876,8140),(502,'HR',4168,6744),(503,'IT',3499,6356),(504,'Marketing',3136,4865),(505,'Administracja',5676,8485),(506,'IT',5562,7656),(507,'IT',3780,5923),(508,'Marketing',6664,9611),(509,'IT',5836,8042),(510,'IT',5554,8375),(511,'Sprzeda┼╝',4189,5606),(512,'IT',5994,8260),(513,'Administracja',6212,8477),(514,'Administracja',6218,7755),(515,'Sprzeda┼╝',6116,7957),(516,'Administracja',3572,4781),(517,'Administracja',6656,8153),(518,'Administracja',6012,7129),(519,'Administracja',6831,8026),(520,'HR',4706,5876),(521,'HR',3000,4874),(522,'IT',4364,5542),(523,'Sprzeda┼╝',6083,8985),(524,'HR',3237,5769),(525,'HR',5703,7052),(526,'IT',5041,7237),(527,'HR',6493,8930),(528,'IT',4446,6668),(529,'HR',4226,5686),(530,'Marketing',3962,6268),(531,'IT',6313,8210),(532,'Sprzeda┼╝',3664,6374),(533,'Administracja',3280,5412),(534,'Administracja',6844,9423),(535,'Marketing',3652,5814),(536,'Administracja',6511,8259),(537,'IT',3714,4714),(538,'Sprzeda┼╝',5986,8257),(539,'Sprzeda┼╝',5752,7876),(540,'Marketing',3934,4999),(541,'IT',3417,5358),(542,'Administracja',6499,8699),(543,'HR',4667,5952),(544,'HR',4407,7233),(545,'Sprzeda┼╝',6525,8515),(546,'Sprzeda┼╝',5773,8378),(547,'Sprzeda┼╝',6297,8122),(548,'HR',6426,8230),(549,'IT',4936,6119),(550,'Marketing',4391,6321),(551,'Sprzeda┼╝',5666,7760),(552,'Marketing',5402,8135),(553,'Marketing',4676,6157),(554,'Sprzeda┼╝',5972,8409),(555,'HR',4257,6559),(556,'IT',5261,6782),(557,'IT',6150,8682),(558,'HR',6942,8279),(559,'Marketing',6338,8422),(560,'HR',4589,5847),(561,'HR',5894,8339),(562,'HR',4277,6791),(563,'Administracja',3738,5268),(564,'Administracja',5800,8005),(565,'Administracja',3959,5194),(566,'HR',6641,9051),(567,'Sprzeda┼╝',5620,6984),(568,'HR',4420,6178),(569,'Administracja',3070,4910),(570,'Administracja',6879,8486),(571,'Marketing',3179,6009),(572,'Sprzeda┼╝',6593,9494),(573,'IT',5596,7991),(574,'HR',3068,5979),(575,'Sprzeda┼╝',4322,6713),(576,'IT',3260,5934),(577,'Marketing',3539,5483),(578,'IT',4783,6042),(579,'Marketing',4991,6954),(580,'Sprzeda┼╝',6794,9022),(581,'Sprzeda┼╝',4873,6478),(582,'HR',3142,4676),(583,'IT',3456,5860),(584,'Marketing',4684,7334),(585,'Marketing',3888,5602),(586,'HR',5263,6683),(587,'Marketing',6751,9428),(588,'Administracja',4554,6506),(589,'Sprzeda┼╝',5352,6450),(590,'HR',4267,5447),(591,'Sprzeda┼╝',6500,8271),(592,'Administracja',6438,8539),(593,'HR',5510,8475),(594,'Sprzeda┼╝',4017,6424),(595,'HR',4413,5942),(596,'HR',5482,6735),(597,'Administracja',5942,7424),(598,'Administracja',4647,7508),(599,'Sprzeda┼╝',4904,6366),(600,'Administracja',6179,8401),(601,'Administracja',3889,6189),(602,'HR',5658,7925),(603,'Administracja',4844,7364),(604,'IT',5242,7215),(605,'HR',3195,5624),(606,'Marketing',3557,5713),(607,'Administracja',3244,4340),(608,'Sprzeda┼╝',5010,6714),(609,'IT',6012,7932),(610,'Administracja',5841,6947),(611,'Marketing',5901,7329),(612,'Sprzeda┼╝',4568,6640),(613,'Administracja',4418,6764),(614,'IT',6538,8255),(615,'IT',5243,6259),(616,'IT',4602,6140),(617,'Administracja',6006,7163),(618,'IT',3442,5847),(619,'Marketing',4430,7353),(620,'Marketing',3927,6697),(621,'HR',3340,6278),(622,'Administracja',3660,6313),(623,'Administracja',6288,8967),(624,'Marketing',5866,7905),(625,'Sprzeda┼╝',4223,5867),(626,'Marketing',4137,6518),(627,'HR',6001,7781),(628,'Administracja',5227,6531),(629,'Marketing',5388,6859),(630,'Administracja',5555,8076),(631,'IT',6058,8488),(632,'Marketing',3488,6256),(633,'Sprzeda┼╝',5847,7433),(634,'HR',3812,5209),(635,'Administracja',6176,9099),(636,'IT',4152,6982),(637,'Marketing',5429,8359),(638,'Marketing',6018,7823),(639,'Marketing',5874,6992),(640,'Administracja',4695,5881),(641,'Sprzeda┼╝',5576,7618),(642,'IT',3118,4403),(643,'Sprzeda┼╝',6286,7420),(644,'Administracja',6217,8601),(645,'IT',6892,9732),(646,'Marketing',6192,7831),(647,'Administracja',4760,7482),(648,'Marketing',6523,8198),(649,'Marketing',6807,9772),(650,'Sprzeda┼╝',6533,8856),(651,'Marketing',6648,7906),(652,'Administracja',4165,6906),(653,'Marketing',4735,7213),(654,'HR',3124,5195),(655,'IT',3407,6270),(656,'IT',5744,7888),(657,'Sprzeda┼╝',4276,7213),(658,'Sprzeda┼╝',5361,8059),(659,'IT',5790,6980),(660,'Administracja',4669,6802),(661,'Sprzeda┼╝',5127,7553),(662,'HR',3831,5654),(663,'IT',4214,6035),(664,'IT',4554,6453),(665,'Administracja',3887,6681),(666,'Marketing',5250,6934),(667,'Administracja',4209,6770),(668,'Sprzeda┼╝',3992,5550),(669,'IT',3821,4879),(670,'IT',6440,8152),(671,'Sprzeda┼╝',4248,6773),(672,'Marketing',3142,4888),(673,'IT',4528,6687),(674,'Marketing',4247,5926),(675,'Marketing',6308,7634),(676,'Marketing',5562,8260),(677,'Marketing',5858,7636),(678,'Sprzeda┼╝',3713,5487),(679,'Marketing',4702,5899),(680,'IT',4404,5632),(681,'HR',6668,8911),(682,'IT',4643,5898),(683,'Sprzeda┼╝',6217,7802),(684,'Administracja',3524,5820),(685,'Administracja',6247,9031),(686,'IT',3019,5959),(687,'HR',5750,7080),(688,'IT',5289,6306),(689,'IT',3892,6068),(690,'IT',3866,5772),(691,'Marketing',3868,6531),(692,'Sprzeda┼╝',3252,4475),(693,'IT',3234,4274),(694,'Marketing',5716,7787),(695,'HR',4134,7079),(696,'Administracja',6792,9406),(697,'HR',6627,8669),(698,'Administracja',5064,6413),(699,'Marketing',3034,4308),(700,'Marketing',6031,8698),(701,'IT',6525,8718),(702,'Sprzeda┼╝',6013,7986),(703,'Sprzeda┼╝',3281,6153),(704,'Marketing',5456,6665),(705,'Administracja',5571,8194),(706,'Marketing',4901,7245),(707,'Marketing',5843,7820),(708,'Marketing',6100,8062),(709,'HR',6197,7791),(710,'HR',4065,6222),(711,'HR',4386,6117),(712,'HR',3721,6597),(713,'Sprzeda┼╝',6972,9500),(714,'Sprzeda┼╝',4454,7076),(715,'Sprzeda┼╝',6200,9072),(716,'IT',4555,5693),(717,'IT',3448,5636),(718,'Administracja',6159,8849),(719,'Administracja',6772,9049),(720,'Marketing',5227,6684),(721,'HR',5297,7896),(722,'HR',5977,8106),(723,'Administracja',4006,5995),(724,'IT',3417,6352),(725,'HR',6446,7758),(726,'Administracja',6967,8689),(727,'IT',4472,6305),(728,'Sprzeda┼╝',3365,5172),(729,'IT',6374,8412),(730,'Administracja',5625,7919),(731,'HR',4059,6527),(732,'HR',4480,7188),(733,'Sprzeda┼╝',3979,6439),(734,'Sprzeda┼╝',3766,5019),(735,'Administracja',6415,9319),(736,'Administracja',4912,6519),(737,'IT',6510,8726),(738,'HR',3071,5416),(739,'HR',3856,5548),(740,'IT',3303,5316),(741,'Administracja',3920,6606),(742,'Marketing',5041,6059),(743,'Marketing',6981,9294),(744,'Marketing',3406,6378),(745,'HR',5307,7827),(746,'IT',4951,6175),(747,'IT',3344,4673),(748,'IT',4387,6849),(749,'Sprzeda┼╝',6547,7730),(750,'Sprzeda┼╝',5546,6706),(751,'HR',6100,8960),(752,'Sprzeda┼╝',6808,9075),(753,'Administracja',4986,7865),(754,'HR',5193,8095),(755,'HR',3945,5304),(756,'Marketing',3961,6258),(757,'Marketing',4545,7467),(758,'Sprzeda┼╝',3189,5883),(759,'Administracja',3846,5329),(760,'Administracja',3982,6628),(761,'Marketing',5934,8827),(762,'HR',6007,7243),(763,'HR',5089,6730),(764,'Sprzeda┼╝',6004,8751),(765,'Sprzeda┼╝',4627,6117),(766,'IT',6420,7894),(767,'HR',3161,4194),(768,'Marketing',3477,6086),(769,'Marketing',6172,8529),(770,'Marketing',5703,7518),(771,'Administracja',6052,7219),(772,'HR',4439,6579),(773,'Sprzeda┼╝',3929,6504),(774,'Marketing',6470,8567),(775,'HR',3855,5940),(776,'HR',5860,8774),(777,'Sprzeda┼╝',4240,5798),(778,'Sprzeda┼╝',3932,6618),(779,'HR',3911,6313),(780,'HR',4048,6221),(781,'Administracja',6570,9189),(782,'Administracja',3837,4890),(783,'IT',5497,6942),(784,'Administracja',4697,7146),(785,'IT',4110,6278),(786,'Sprzeda┼╝',6836,7972),(787,'IT',4318,6320),(788,'HR',3897,5432),(789,'HR',3874,6798),(790,'Sprzeda┼╝',5967,7828),(791,'Administracja',6281,9116),(792,'Administracja',3814,5294),(793,'Administracja',4869,6534),(794,'Marketing',3928,5831),(795,'Marketing',5821,6888),(796,'HR',5663,7639),(797,'Marketing',5510,7009),(798,'Administracja',4176,5755),(799,'HR',4098,5396),(800,'Sprzeda┼╝',6509,9129),(801,'Administracja',4973,6561),(802,'IT',4658,6442),(803,'IT',4436,7284),(804,'Administracja',5966,8913),(805,'Sprzeda┼╝',4388,6188),(806,'Administracja',5100,7988),(807,'HR',4475,5556),(808,'IT',5956,8165),(809,'HR',4408,6929),(810,'Marketing',6747,8234),(811,'Administracja',6624,8083),(812,'Administracja',6419,8611),(813,'Marketing',4303,6485),(814,'HR',6934,7970),(815,'Marketing',3040,5037),(816,'Sprzeda┼╝',5726,8300),(817,'HR',3788,6194),(818,'IT',4874,6966),(819,'HR',3651,5084),(820,'Sprzeda┼╝',6644,9294),(821,'Marketing',6327,7700),(822,'IT',3108,5268),(823,'IT',3656,5406),(824,'Sprzeda┼╝',6559,9452),(825,'HR',4506,6000),(826,'Marketing',6209,7780),(827,'Sprzeda┼╝',3895,4995),(828,'HR',5790,7085),(829,'Sprzeda┼╝',5344,6727),(830,'IT',6204,8404),(831,'Administracja',5179,7837),(832,'IT',4395,7077),(833,'Sprzeda┼╝',6876,9011),(834,'Marketing',5307,6790),(835,'Sprzeda┼╝',3890,6584),(836,'IT',6538,9384),(837,'Sprzeda┼╝',3506,5209),(838,'Sprzeda┼╝',4084,6594),(839,'IT',4926,6180),(840,'IT',5453,6979),(841,'Sprzeda┼╝',3842,6581),(842,'HR',3834,6212),(843,'HR',4294,7280),(844,'IT',4228,5364),(845,'IT',3736,5428),(846,'Sprzeda┼╝',3955,6786),(847,'Administracja',4302,6930),(848,'Administracja',5666,8519),(849,'Sprzeda┼╝',5057,6242),(850,'IT',5741,8579),(851,'Administracja',3142,5118),(852,'Administracja',6832,8891),(853,'Administracja',4377,5460),(854,'IT',6398,8678),(855,'Administracja',3206,4407),(856,'Administracja',3225,5275),(857,'HR',4853,6481),(858,'Sprzeda┼╝',6896,9420),(859,'IT',4858,7270),(860,'IT',6351,7877),(861,'HR',6830,9497),(862,'HR',6299,7479),(863,'Administracja',5538,6819),(864,'IT',6669,9125),(865,'Marketing',5252,6295),(866,'HR',6748,8413),(867,'Sprzeda┼╝',6193,7369),(868,'Sprzeda┼╝',4610,6918),(869,'Administracja',5180,7603),(870,'HR',4566,5737),(871,'Administracja',3384,4385),(872,'Marketing',6571,8691),(873,'Marketing',3903,6542),(874,'IT',4278,7164),(875,'IT',5326,8017),(876,'IT',5852,6884),(877,'Administracja',3935,5998),(878,'IT',4101,5657),(879,'HR',3530,6521),(880,'Marketing',3187,4578),(881,'Marketing',4933,7516),(882,'Marketing',4114,5195),(883,'Administracja',5032,7752),(884,'HR',5611,7421),(885,'Administracja',4030,6974),(886,'HR',6805,7929),(887,'IT',3256,5367),(888,'Sprzeda┼╝',5961,8323),(889,'HR',4489,6672),(890,'Marketing',6265,7757),(891,'Sprzeda┼╝',3137,4554),(892,'Administracja',4594,6318),(893,'Sprzeda┼╝',6257,7768),(894,'Administracja',5083,6947),(895,'HR',5285,6853),(896,'Administracja',5671,7224),(897,'Sprzeda┼╝',4481,6923),(898,'HR',3039,4801),(899,'Administracja',4749,6385),(900,'Marketing',6901,9860),(901,'Administracja',3369,4893),(902,'Administracja',6328,9088),(903,'Marketing',4812,7340),(904,'Administracja',4572,7111),(905,'Marketing',3187,5837),(906,'Administracja',4352,5658),(907,'HR',4823,6798),(908,'Administracja',6393,9385),(909,'IT',3995,6645),(910,'IT',5432,8193),(911,'HR',5341,6466),(912,'Sprzeda┼╝',3622,6366),(913,'Marketing',4536,7352),(914,'Marketing',3153,4413),(915,'IT',4264,6015),(916,'Administracja',6139,8186),(917,'IT',3053,4890),(918,'Sprzeda┼╝',5930,7104),(919,'IT',6304,8950),(920,'IT',4735,6030),(921,'IT',3534,5771),(922,'Administracja',4786,7090),(923,'Marketing',3448,5754),(924,'Sprzeda┼╝',5122,7665),(925,'HR',6103,7853),(926,'HR',5731,7265),(927,'Sprzeda┼╝',3963,5357),(928,'Marketing',6130,7224),(929,'Marketing',6679,7873),(930,'Administracja',6209,7957),(931,'Marketing',5253,8067),(932,'Marketing',4673,7510),(933,'Marketing',6662,7777),(934,'Marketing',4243,5367),(935,'Marketing',6454,7861),(936,'HR',3285,6126),(937,'Marketing',3744,6609),(938,'Sprzeda┼╝',5876,7977),(939,'HR',4473,6106),(940,'Marketing',3979,6582),(941,'HR',3192,4548),(942,'HR',4368,6333),(943,'Sprzeda┼╝',5229,7644),(944,'IT',5496,8213),(945,'Sprzeda┼╝',3292,5375),(946,'IT',4368,6738),(947,'Sprzeda┼╝',5890,8246),(948,'IT',4073,6295),(949,'Administracja',3136,4837),(950,'Sprzeda┼╝',4020,5481),(951,'HR',6837,9229),(952,'Sprzeda┼╝',4753,6967),(953,'Administracja',6349,8751),(954,'IT',3379,6306),(955,'Marketing',5164,7631),(956,'IT',4611,5703),(957,'Administracja',5721,8219),(958,'IT',3864,5368),(959,'HR',6401,7620),(960,'Sprzeda┼╝',5102,6523),(961,'Administracja',6503,9420),(962,'Administracja',4072,5285),(963,'HR',4116,6711),(964,'Sprzeda┼╝',5926,8450),(965,'Sprzeda┼╝',5020,7199),(966,'Sprzeda┼╝',3594,5307),(967,'IT',4073,5333),(968,'IT',6081,8932),(969,'Sprzeda┼╝',3385,6330),(970,'IT',3005,4158),(971,'Administracja',4044,6768),(972,'Sprzeda┼╝',3722,5446),(973,'Marketing',4910,6118),(974,'Marketing',4191,7095),(975,'HR',4842,6869),(976,'Administracja',3218,5200),(977,'Marketing',6969,8789),(978,'Sprzeda┼╝',6052,8006),(979,'Administracja',5503,6682),(980,'IT',4082,6999),(981,'Sprzeda┼╝',6978,8077),(982,'Administracja',5392,7877),(983,'IT',6329,7742),(984,'IT',6750,9312),(985,'IT',3612,6549),(986,'HR',6160,8005),(987,'IT',5265,6624),(988,'Sprzeda┼╝',3273,5870),(989,'Sprzeda┼╝',4741,6680),(990,'HR',3712,5797),(991,'Marketing',6630,8009),(992,'HR',4860,6292),(993,'IT',6715,8413),(994,'IT',4158,5596),(995,'Administracja',4147,6297),(996,'IT',6012,7779),(997,'Marketing',6353,8997),(998,'Marketing',4000,6429),(999,'Marketing',6895,9729),(1000,'IT',5001,6526);
/*!40000 ALTER TABLE `grupa` ENABLE KEYS */;
UNLOCK TABLES;

--
-- Table structure for table `pracownicy`
--

DROP TABLE IF EXISTS `pracownicy`;
/*!40101 SET @saved_cs_client     = @@character_set_client */;
/*!40101 SET character_set_client = utf8 */;
CREATE TABLE `pracownicy` (
  `id` int(11) NOT NULL AUTO_INCREMENT,
  `imie` varchar(100) NOT NULL,
  `nazwisko` varchar(100) NOT NULL,
  `pensja` float DEFAULT NULL,
  `data_ur` date DEFAULT NULL,
  `id_stanowiska` int(11) DEFAULT NULL,
  PRIMARY KEY (`id`),
  KEY `id_stanowiska` (`id_stanowiska`),
  CONSTRAINT `pracownicy_ibfk_1` FOREIGN KEY (`id_stanowiska`) REFERENCES `stanowisko` (`id`)
) ENGINE=InnoDB AUTO_INCREMENT=1001 DEFAULT CHARSET=utf8mb4 COLLATE=utf8mb4_general_ci;
/*!40101 SET character_set_client = @saved_cs_client */;

--
-- Dumping data for table `pracownicy`
--

LOCK TABLES `pracownicy` WRITE;
/*!40000 ALTER TABLE `pracownicy` DISABLE KEYS */;
INSERT INTO `pracownicy` VALUES (1,'Ewart','Kovelmann',3357,'1993-01-05',244),(2,'Alikee','Paoli',4871,'1989-04-02',550),(3,'Stanford','Plunkett',10358,'1990-03-27',415),(4,'Bryana','Vel',5472,'1976-01-02',581),(5,'Letizia','Husthwaite',9010,'2018-10-15',81),(6,'Erminia','Malam',5138,'2006-12-23',1),(7,'Vittoria','Kellaway',7751,'1972-01-31',294),(8,'Barrett','Michelet',7951,'1976-07-02',813),(9,'Garry','Hulbert',4656,'2024-03-02',519),(10,'Jacklyn','Scrafton',5205,'1977-05-17',253),(11,'Dru','Brooksbank',5322,'2014-05-04',430),(12,'Davine','Bankhurst',11850,'1972-03-31',330),(13,'Frederick','Flemming',3890,'1985-08-19',958),(14,'Inness','Durrett',5945,'1973-02-15',25),(15,'Meridith','Omond',6155,'2015-12-21',323),(16,'Bernardo','Balderston',11208,'2001-05-25',5),(17,'Dorie','Pagett',4800,'1962-07-06',513),(18,'Wald','Bewlie',5450,'2005-05-02',229),(19,'Lonni','Dodimead',5429,'1997-03-09',514),(20,'Merci','Shepherdson',10015,'1983-10-17',133),(21,'Camala','Antonik',8767,'2014-05-04',755),(22,'Alejandra','Cordelette',8474,'2022-07-22',836),(23,'Royall','Nuttey',8194,'2006-01-23',976),(24,'Killy','Twiddle',8414,'1966-06-26',192),(25,'Betta','Bedward',6951,'2011-01-02',141),(26,'Patton','McCrann',4586,'2012-11-14',429),(27,'Shauna','Stump',6265,'2012-12-01',988),(28,'Retha','Schellig',4765,'1989-02-12',71),(29,'Cyrillus','Richold',7116,'2014-02-01',627),(30,'Sheppard','Paladino',4294,'1992-06-30',77),(31,'Lucian','Swatridge',9102,'2016-12-20',307),(32,'Zuzana','Yegoshin',3761,'1976-07-13',490),(33,'Hymie','Stott',5154,'1977-09-05',324),(34,'Chico','Valentin',8242,'1992-08-09',958),(35,'Leela','Durden',3730,'1963-01-12',28),(36,'Webster','Torra',6050,'1962-05-04',334),(37,'Colleen','Tuxill',5056,'2021-05-23',413),(38,'Cassondra','Dodgshon',3758,'2022-03-21',759),(39,'Vivia','Heighway',9079,'2001-11-10',707),(40,'Trula','Kabos',9865,'1987-02-12',125),(41,'Maynard','Woodman',3470,'2008-03-18',830),(42,'Ermin','Maddock',9678,'2004-05-03',446),(43,'Dollie','Fishbourne',4445,'1997-09-03',80),(44,'Bambi','Bulcroft',10264,'2013-11-06',800),(45,'Heddie','Coleborn',6327,'1963-05-06',786),(46,'Corty','Duerden',7666,'1990-01-25',513),(47,'Kara','Crinson',5253,'1990-03-31',671),(48,'Wittie','Robillard',8122,'1968-10-01',182),(49,'Zack','Fossett',5435,'1984-06-23',302),(50,'Ernst','Treleaven',10745,'1973-10-12',156),(51,'Philippa','Rawkesby',11278,'1979-09-02',689),(52,'Layney','Kehir',9642,'1994-05-31',830),(53,'Maggee','Spurritt',8831,'2013-03-26',794),(54,'Yanaton','Craft',6521,'1985-01-14',17),(55,'Nicole','Linkin',5562,'1983-02-13',729),(56,'Fidelity','Chamberlaine',6423,'1969-10-09',846),(57,'Boone','Mingaud',10792,'1963-06-18',361),(58,'Shelby','Ayree',6826,'1985-01-21',176),(59,'Marje','Kubik',7679,'1960-05-24',490),(60,'Samson','Kimbley',9997,'2012-06-05',742),(61,'Branden','Crepel',10678,'1982-12-06',343),(62,'Winona','Pacey',7345,'2004-11-02',758),(63,'Sampson','Beales',11725,'1966-10-16',740),(64,'Karim','Coite',6663,'1962-07-04',691),(65,'Kyla','McCully',9264,'1974-03-07',496),(66,'Di','Syred',8398,'1984-01-31',855),(67,'Rebecka','Tomkinson',3819,'2001-12-17',768),(68,'Shandra','Baudinelli',9098,'1977-03-06',312),(69,'Randy','Walling',9333,'2012-12-11',551),(70,'Brandy','Bate',11446,'1964-04-11',475),(71,'Louise','Welbeck',11021,'2006-03-05',787),(72,'Tabor','Peek',3666,'2004-11-11',641),(73,'Maddie','Crauford',5655,'2000-11-16',502),(74,'Turner','Garvie',9422,'1969-11-04',652),(75,'Durant','Dilke',3930,'2014-06-18',859),(76,'Sibby','Jolland',3675,'1964-05-27',893),(77,'Teresita','Sterry',4853,'1995-01-10',541),(78,'Morgana','Llewellin',5690,'2017-02-06',699),(79,'Gerri','Seyffert',10353,'1969-12-15',937),(80,'Stacey','Molfino',11766,'1995-09-25',148),(81,'Benny','Monckman',4848,'1971-06-24',225),(82,'Gerda','Baker',5398,'1970-08-16',541),(83,'Osbourn','MacFadzean',11827,'1961-09-24',168),(84,'Aldridge','Putson',11593,'1988-10-08',285),(85,'Mahmoud','Oldaker',6804,'1968-03-29',545),(86,'Doria','Durdle',4123,'2003-08-03',911),(87,'Elenore','Trencher',6463,'2005-06-20',914),(88,'Sybila','Bertson',8629,'2001-02-21',924),(89,'Julissa','Nerney',5083,'2017-03-08',518),(90,'Adolpho','Bentley',3753,'1976-07-26',575),(91,'Yoko','Rothery',7496,'1972-08-07',990),(92,'Jessa','Springall',7637,'1985-03-12',929),(93,'Eula','Ingarfill',10981,'1969-01-09',414),(94,'Will','Macknish',11441,'1974-09-21',628),(95,'Paloma','Saffran',4109,'1975-03-21',972),(96,'Johnathan','Capnor',9851,'1993-11-12',460),(97,'Gus','Benedicte',5988,'1994-12-26',93),(98,'Francine','Orrow',3134,'2003-08-01',546),(99,'Susann','McLauchlin',10528,'1978-03-28',235),(100,'Niko','Corradetti',10455,'2012-11-29',667),(101,'Hilary','Sinnat',3035,'2020-02-14',544),(102,'Josy','Piggens',10247,'2023-05-28',797),(103,'Orion','Gaymer',3743,'2000-11-11',740),(104,'Leanor','Tarpey',11116,'1964-01-05',693),(105,'Michele','Kinneally',6626,'2008-04-06',441),(106,'Loni','McCrie',11058,'2023-07-27',492),(107,'Luciano','Condie',10483,'1993-07-12',808),(108,'Maure','Tidmarsh',6645,'1990-04-15',702),(109,'Erich','Passion',5836,'1970-12-09',494),(110,'Artemus','Hargey',7278,'2004-05-08',708),(111,'Tobe','Caress',9612,'1973-10-06',587),(112,'Rianon','Vautre',11095,'1995-03-24',68),(113,'Dugald','Tempest',5565,'1990-02-20',325),(114,'Stavro','Arrandale',4555,'2014-05-06',984),(115,'Marcelle','Tale',4944,'2009-09-29',204),(116,'Daune','Fairfoul',10193,'1968-01-31',660),(117,'Magda','Youngs',11312,'1996-01-18',571),(118,'Maressa','Barniss',8718,'2012-04-06',721),(119,'Bridgette','Tantum',3090,'1969-06-02',254),(120,'Manfred','Swainsbury',11017,'2010-07-18',859),(121,'Guido','Bursnall',4747,'2010-12-07',13),(122,'Vinnie','Comello',4499,'2002-10-20',114),(123,'Tami','Grogor',3032,'1983-11-26',490),(124,'Rebekkah','Campelli',11973,'1996-05-23',574),(125,'Gina','Pithcock',5781,'1965-07-10',796),(126,'Constantino','Habbon',10953,'1975-02-25',861),(127,'Gail','Dickson',9620,'1996-06-18',281),(128,'Herschel','Tritton',5613,'1991-06-12',863),(129,'Jeanine','Cribbins',3537,'2004-09-08',944),(130,'Andrew','Houselee',9878,'1996-06-24',947),(131,'Derron','Eayrs',9112,'2015-04-17',319),(132,'Cassandry','Kilkenny',5413,'1968-01-01',561),(133,'Tybi','Braunstein',10256,'1980-12-10',211),(134,'May','McKissack',5164,'2003-10-08',26),(135,'Dunn','Penhall',8129,'1977-02-02',544),(136,'Lynnett','Goodinge',7020,'1975-03-25',875),(137,'Bartholomeus','Schukert',4923,'2009-05-20',975),(138,'Virgilio','Purrier',10407,'1991-07-04',493),(139,'Aloise','Govan',3061,'2022-06-24',856),(140,'Concordia','Brizell',6230,'1965-06-19',978),(141,'Gaston','Bellham',4189,'1966-01-14',558),(142,'Auguste','Stennet',11313,'1988-12-29',795),(143,'Mag','Cockitt',3511,'1990-11-11',629),(144,'Caril','Daton',7234,'2001-01-04',716),(145,'Jaynell','Spargo',10928,'2022-01-01',292),(146,'Web','Ingledew',10017,'2004-02-29',951),(147,'Lynnell','McCreagh',9172,'2015-03-17',263),(148,'Carly','Eronie',10868,'1985-05-22',168),(149,'Esteban','Carek',11442,'1964-06-13',784),(150,'Devonne','Gladdish',3967,'1987-10-12',743),(151,'Avis','McGilbon',11861,'1975-11-16',366),(152,'Derron','Pucker',10638,'1979-03-11',38),(153,'Benetta','Bianco',11649,'2016-06-17',503),(154,'Josey','Templeman',10913,'2022-10-02',558),(155,'Tisha','Brigshaw',5049,'2004-08-13',839),(156,'Cecily','Comfort',10804,'1963-05-12',176),(157,'Meryl','Renney',6238,'2018-07-07',256),(158,'Birk','Sandyford',9596,'1998-05-17',536),(159,'Stuart','Debrett',3721,'1995-09-09',10),(160,'Roman','Gudd',10291,'2001-01-11',550),(161,'Artemus','Narracott',8763,'1969-06-20',747),(162,'Simona','Gouldthorp',8780,'1962-12-04',400),(163,'Lamond','Gianasi',11176,'2003-08-28',252),(164,'Felice','Blowes',11557,'1977-04-27',676),(165,'Clarke','Ximenez',6730,'1970-12-27',669),(166,'Dolorita','Niccols',6195,'1994-12-04',502),(167,'Dill','Luto',5988,'2014-12-23',67),(168,'Conway','Cargenven',4662,'1960-03-30',850),(169,'Sharona','Ropking',7959,'2008-02-01',498),(170,'Gae','Jaher',10605,'1971-02-17',670),(171,'Lefty','Riach',6993,'2016-03-10',40),(172,'Wyndham','Ivkovic',6013,'1985-04-26',830),(173,'Waring','Haste',5859,'1977-11-20',843),(174,'Bendicty','Lilywhite',11587,'1981-04-21',821),(175,'Catina','Bartusek',8963,'1963-06-30',129),(176,'Chicky','Jervoise',9387,'1960-02-24',450),(177,'Eda','Kobierzycki',8953,'1969-01-10',103),(178,'Babbie','Wishkar',8925,'2011-12-18',895),(179,'Hansiain','Twizell',10306,'1979-12-09',848),(180,'Cristen','Epinay',11342,'1988-07-18',85),(181,'Mathian','Mervyn',10992,'1980-08-05',86),(182,'Kendell','Thorogood',4202,'2004-01-25',368),(183,'Freedman','Steere',7038,'2022-01-27',518),(184,'Raimundo','McAline',6562,'1970-08-14',487),(185,'Kerry','Goodanew',4924,'1975-05-04',955),(186,'Chelsae','Buller',9615,'1994-03-12',232),(187,'Lorine','Holson',5786,'1986-10-10',553),(188,'Annette','Fearnley',6617,'2016-04-20',208),(189,'Fionna','Langdon',3839,'2013-05-24',15),(190,'Chiarra','Loines',9535,'1965-12-13',690),(191,'Mick','Cayford',4946,'1996-03-09',764),(192,'Aloin','Rideout',11120,'1979-11-26',323),(193,'Garik','Hatchman',5909,'1972-08-17',757),(194,'Debra','Silly',4990,'2020-01-04',147),(195,'Joseph','Barnfather',5218,'2006-05-09',221),(196,'Selig','Shelford',3263,'1991-11-04',472),(197,'Merci','Lewendon',6829,'1994-06-10',220),(198,'Judah','Heatlie',9682,'1976-09-27',407),(199,'Agatha','Laister',9100,'2012-04-02',342),(200,'Bentlee','Conroy',7390,'2021-12-31',572),(201,'Ethe','Carle',9045,'1987-06-17',815),(202,'Jessie','McClay',11688,'1982-10-22',760),(203,'Antonietta','Benitti',3042,'2013-10-25',657),(204,'Muire','MacCauley',10798,'1982-08-29',999),(205,'Gino','Skoughman',4234,'1988-12-01',262),(206,'Pascale','Broadbere',9176,'2020-07-27',475),(207,'Glenda','Kleinbaum',7858,'1972-08-03',417),(208,'Binky','Peregrine',9727,'1969-12-19',582),(209,'Lizette','Dimitrijevic',10185,'1992-07-11',786),(210,'Cindi','Durham',4784,'1961-05-06',371),(211,'Demetris','Sidebotham',8640,'1990-01-22',53),(212,'Warren','Diamond',3037,'1985-04-29',520),(213,'Gery','Anderl',11440,'1987-09-26',751),(214,'Sharity','Foddy',9146,'1997-11-21',588),(215,'Bartlett','Wallace',7850,'2002-04-18',408),(216,'Bertrando','Noseworthy',11654,'1991-11-02',737),(217,'Darrelle','Polamontayne',6763,'1991-07-09',103),(218,'Hartwell','Antley',3934,'2000-09-20',226),(219,'Josefina','Iddiens',5985,'1970-02-26',74),(220,'Nicoli','Blackaby',10561,'1977-12-07',604),(221,'Catherin','Climpson',4413,'2021-05-05',708),(222,'Adi','Burless',8086,'1961-04-11',204),(223,'Herman','Grzelczyk',5667,'1962-04-24',8),(224,'Dyane','Varfalameev',4258,'2002-08-04',144),(225,'Ber','Rames',6186,'1976-10-02',526),(226,'Torey','Lomansey',5189,'1976-02-06',533),(227,'Harlen','Baldazzi',6953,'2016-04-21',143),(228,'Burlie','Cheer',8124,'2021-04-15',833),(229,'Sara','McKinney',4057,'1969-06-18',836),(230,'Vivie','Naulls',11719,'2012-01-18',342),(231,'Harley','Enever',7918,'1964-11-06',356),(232,'Shelia','Goldsmith',4653,'2021-03-27',1000),(233,'Olav','Wessell',5691,'2007-07-18',450),(234,'Alexio','Mandrake',8769,'2008-12-14',909),(235,'Sammy','Ritch',11587,'2019-09-07',949),(236,'Israel','Climance',9948,'2020-08-29',363),(237,'Enrika','Demaid',5597,'2006-05-04',615),(238,'Cynthea','Lillicrap',10928,'2022-06-11',84),(239,'Jared','Boggas',4788,'1980-04-01',239),(240,'Sena','Ibbs',11229,'2009-11-08',367),(241,'Skelly','Waldock',3645,'1971-06-15',55),(242,'Marten','Guy',6948,'1976-02-16',860),(243,'Herb','Hurcombe',3724,'1990-02-23',169),(244,'Dal','Goodding',3996,'1995-12-06',506),(245,'Donovan','Coalbran',5945,'1980-08-21',734),(246,'Jacynth','Goold',7094,'1991-06-19',788),(247,'Frieda','Van der Beek',3731,'1981-03-18',909),(248,'Faustine','Hethron',6582,'1968-05-20',933),(249,'Scot','LaBastida',3878,'1979-05-03',721),(250,'Sandor','Pennycock',10601,'1967-01-15',879),(251,'Thayne','Pavlovic',10388,'2006-01-09',40),(252,'Silvano','Cleft',5978,'2004-04-25',424),(253,'Terrance','Chmiel',5963,'1982-08-18',592),(254,'Ariadne','Crose',10870,'1970-10-14',313),(255,'Robina','Bothwell',8965,'1980-01-26',939),(256,'Yalonda','Dowtry',10431,'1969-06-30',222),(257,'May','MacAlinden',11556,'1998-05-24',759),(258,'Vince','Feeney',7966,'1964-10-15',535),(259,'Rosmunda','Cliff',9952,'1965-11-15',382),(260,'Vivia','Romaine',3690,'1983-12-10',878),(261,'Cassie','Mc Caughen',4670,'2017-04-02',496),(262,'Marsiella','Knevett',6843,'2020-04-04',52),(263,'Starr','Lathom',4597,'1979-01-15',836),(264,'Celeste','Aynscombe',5493,'1979-02-16',9),(265,'Tedie','Pateman',9321,'1970-09-04',460),(266,'Nerti','Godmer',3393,'2016-12-02',388),(267,'Emelita','Bingall',10768,'1960-06-19',285),(268,'Gypsy','Stonard',5642,'2005-07-25',673),(269,'Iormina','Negal',6472,'1989-09-08',750),(270,'Lorilee','Knowling',4480,'2017-03-05',68),(271,'Jessee','Charrier',5098,'1979-01-04',673),(272,'Kristos','Turneux',7176,'2001-05-01',771),(273,'Brant','Rive',10470,'2004-02-21',270),(274,'Drud','Attenborough',5248,'1984-01-17',518),(275,'Irwin','Glas',4680,'1986-03-16',352),(276,'Phillipp','Wille',11380,'1981-08-17',72),(277,'Teador','Yewen',4879,'2008-04-30',8),(278,'Alva','Caherny',9887,'2006-01-28',190),(279,'Efren','Humpage',7130,'1996-05-27',332),(280,'Mikel','Spalton',5214,'1964-10-19',378),(281,'Rollins','Manes',7493,'1985-06-23',716),(282,'Jo-anne','Bullene',5135,'2000-10-04',836),(283,'Rodolphe','Darbyshire',4418,'1962-09-03',400),(284,'Vivi','Bannester',8712,'1966-05-23',834),(285,'Jedediah','Frayn',5643,'1984-12-03',270),(286,'Candide','Eadmeads',7276,'2012-02-02',195),(287,'Olympe','Rentilll',7046,'2015-05-20',588),(288,'Ingra','Drinan',6829,'2007-12-22',168),(289,'Basil','Krale',5321,'1993-06-07',934),(290,'Dante','Sinnie',10658,'1987-07-12',436),(291,'Marnia','Huckstepp',8566,'1999-11-08',409),(292,'Ralf','Shellshear',3939,'1984-12-10',419),(293,'Nickey','Duer',5123,'1991-03-15',602),(294,'Modesty','Insworth',11373,'1988-01-09',692),(295,'Wilmer','Yeeles',3355,'1962-11-19',434),(296,'Karleen','Jiracek',4274,'1989-09-18',201),(297,'Colby','Jesteco',11816,'2008-11-26',484),(298,'Salomone','Ebbitt',3538,'2008-10-07',866),(299,'Richard','McCaskell',3272,'2014-08-06',573),(300,'Emyle','Botfield',11246,'1961-06-21',497),(301,'Wynne','Goldsmith',8073,'1965-10-30',301),(302,'Dionne','Billany',10938,'1982-03-12',874),(303,'Ilsa','Bernardet',8690,'2023-01-12',41),(304,'Gery','Bownass',9875,'1988-05-10',108),(305,'Rebecka','Tyght',5575,'1985-04-20',214),(306,'Evie','Kemet',9316,'1983-08-07',74),(307,'Benedikt','Benzi',7908,'2019-03-23',643),(308,'Harmonia','Stoltz',8442,'1965-03-29',367),(309,'Clarence','Mounsie',9504,'1965-06-21',384),(310,'Bridie','Guillot',3817,'1994-07-24',217),(311,'Hildy','Badam',7133,'1973-12-03',489),(312,'Caddric','Glede',9576,'2024-05-25',555),(313,'Lauryn','Skellern',4893,'1992-02-10',781),(314,'Vic','Scrowston',10021,'2007-11-15',381),(315,'Jaquelin','Gorring',7449,'1961-03-30',409),(316,'Mariya','Banbridge',9717,'2016-08-18',103),(317,'Web','Starford',3019,'2016-10-21',962),(318,'Camey','Saffon',7973,'1963-09-22',790),(319,'Caro','Sharpless',10950,'2002-04-27',416),(320,'Sampson','Durran',7856,'1995-10-07',187),(321,'Timmie','Peat',6903,'1972-02-28',495),(322,'Krista','Helkin',3635,'1991-02-06',537),(323,'Nessy','Heigho',9619,'1977-02-03',632),(324,'Karine','Clapson',6250,'1973-03-18',399),(325,'Cindra','Polfer',3964,'1996-10-06',243),(326,'Teriann','Capponeer',3780,'2003-05-21',689),(327,'Anett','De Micoli',10656,'1997-09-01',436),(328,'Matthias','Peealess',8689,'1962-08-20',16),(329,'Danica','Symper',8485,'1997-09-25',918),(330,'Talyah','Reddecliffe',5436,'1992-03-19',106),(331,'Katheryn','Huglin',7350,'2000-05-30',404),(332,'Eddy','Dillingstone',10528,'2004-12-16',332),(333,'Boigie','Spray',9846,'2015-07-10',204),(334,'Far','Donlon',5041,'1978-03-25',759),(335,'Pippo','Philippou',7944,'2018-04-17',326),(336,'Selestina','Pepler',8067,'1975-03-28',139),(337,'Deborah','Kitchaside',6942,'2023-04-06',218),(338,'Kania','Luddy',10623,'1976-04-12',807),(339,'Katerine','Fibben',11591,'1982-07-17',270),(340,'Lenette','Diment',7000,'1973-12-09',243),(341,'Bridget','Secrett',4025,'1989-11-17',678),(342,'Jareb','Thorneley',6069,'1985-03-29',638),(343,'Antonin','Chessor',4134,'1964-07-02',461),(344,'Jillian','Tuffrey',9095,'1964-10-25',519),(345,'Juli','Domoney',3954,'1978-10-04',480),(346,'Orin','Sterrick',3941,'2013-05-28',502),(347,'Raoul','Tankus',10530,'1998-09-28',755),(348,'Carmelina','Lambeth',3398,'2012-07-24',637),(349,'Maynard','Manuely',11685,'1964-11-24',408),(350,'Vachel','Paige',6271,'1986-06-15',979),(351,'Deloris','Cahan',10589,'2020-10-11',150),(352,'Jessica','Rosborough',7283,'1990-01-21',418),(353,'Vere','Whitnall',8392,'1965-02-01',545),(354,'Bank','Carbert',5579,'1962-10-13',760),(355,'Kikelia','Oldcroft',11703,'1963-08-19',382),(356,'Karol','Wattingham',9686,'1975-12-30',316),(357,'Rutter','Hegden',10048,'1973-10-09',219),(358,'Ilyse','Shakshaft',11093,'1984-02-03',933),(359,'Mamie','Bertomieu',11471,'1990-08-23',181),(360,'Trevor','Durek',6510,'1969-05-10',373),(361,'Adler','Luter',3163,'2001-01-19',82),(362,'Emmalyn','Aburrow',8905,'1992-10-05',475),(363,'Jonathon','Farnfield',10677,'1962-07-26',281),(364,'Perry','Sturman',10779,'2011-03-18',772),(365,'Vernice','Delacour',3273,'1984-03-09',527),(366,'Maggi','Darlington',8285,'1990-10-17',926),(367,'Verina','MacCall',10252,'2023-07-10',368),(368,'Hussein','Saile',11133,'2000-11-03',457),(369,'Cris','Brambill',5770,'2023-08-04',225),(370,'Karmen','Elleray',3087,'1968-11-24',483),(371,'Hermann','Jope',6005,'1997-03-29',405),(372,'Melitta','Vidloc',5381,'1962-12-16',354),(373,'Farica','Twidle',6634,'1975-12-12',431),(374,'Laurel','Thomerson',7759,'1963-09-29',461),(375,'Sheeree','Vanyashin',3729,'1977-10-05',397),(376,'Conn','Martinyuk',9492,'1989-09-09',721),(377,'Jillian','Klaggeman',9101,'1982-06-21',911),(378,'Ashton','Albasini',8446,'2023-12-03',802),(379,'Viviana','Creagh',11004,'1967-01-28',868),(380,'Janice','Kuscha',5619,'1966-05-20',812),(381,'Terence','Parsons',11087,'1994-12-05',190),(382,'Cherilynn','Wapol',10139,'1979-03-28',952),(383,'Darcee','Stapford',7653,'2008-07-12',569),(384,'Ade','Conti',3271,'1991-10-09',96),(385,'Patric','Prendeguest',6403,'2019-02-08',207),(386,'Christophe','Royste',10970,'1972-12-16',707),(387,'Fredric','McCunn',7784,'1977-10-14',413),(388,'Patty','Byers',11777,'1972-04-06',943),(389,'Bernie','Blakeslee',10448,'1989-12-02',833),(390,'Brunhilde','Plum',3963,'1970-12-02',423),(391,'Conn','Pughsley',4124,'2022-12-23',10),(392,'Myrta','Stairmond',10407,'2005-06-29',438),(393,'Vania','Thomerson',6913,'1962-06-19',636),(394,'Katherine','Clampe',11147,'2005-04-17',278),(395,'Briney','Berr',8361,'1984-10-04',272),(396,'Evaleen','Cavan',9878,'1971-05-11',35),(397,'Aguste','Lightwing',5469,'1975-08-02',852),(398,'Abrahan','Yitzhakof',11024,'2022-08-16',456),(399,'Ericka','Growy',11807,'2020-10-04',740),(400,'Hertha','Featherby',10183,'2013-02-22',92),(401,'Birgitta','Lytle',7709,'2004-11-09',476),(402,'Cari','Chateau',6767,'1984-12-20',101),(403,'Filberte','Peron',11337,'2002-07-15',186),(404,'Urson','Sheircliffe',3392,'2020-05-01',826),(405,'Osbourne','Braithwaite',5753,'2003-07-30',907),(406,'Adolpho','Shalders',4285,'1988-05-31',135),(407,'Diandra','Belsham',6278,'1987-08-26',279),(408,'Jenn','Jarred',3856,'1993-02-21',22),(409,'Shane','Correa',4811,'2017-01-11',924),(410,'Nahum','Tunnow',4511,'1994-09-11',38),(411,'Pavia','Geekin',4913,'1982-06-01',540),(412,'Loralyn','Blaisdell',4463,'1992-06-14',852),(413,'Kimmy','Mulryan',3509,'2003-04-14',656),(414,'Branden','Woan',5831,'1978-12-06',656),(415,'Lombard','Precious',7142,'1965-08-18',964),(416,'Ellissa','Powland',8937,'2007-12-25',258),(417,'Oran','Frears',5913,'1981-12-13',194),(418,'Marnia','Wilshin',5442,'1972-09-22',924),(419,'Lucienne','Mockford',10194,'1975-08-31',929),(420,'Franky','Pariso',11657,'2001-01-16',704),(421,'Gloriane','Moretto',4445,'1996-04-24',425),(422,'Isiahi','Linn',3695,'1987-04-11',267),(423,'Meredith','Cosby',6464,'2007-11-16',802),(424,'Matilde','Slowey',10701,'1961-02-03',501),(425,'Devan','McBryde',6134,'1983-04-25',569),(426,'Lutero','Pirdy',11295,'2004-02-01',314),(427,'Baird','McSwan',4639,'2015-11-11',422),(428,'Evered','Forkan',5082,'1982-05-25',458),(429,'Gelya','Svanini',5422,'2005-02-23',457),(430,'Lilllie','Sturch',10623,'1980-01-26',351),(431,'Travers','Petr',4457,'1961-09-15',494),(432,'Aili','Puller',3077,'1992-12-06',264),(433,'Adelina','Blackshaw',8200,'1999-08-21',490),(434,'Smitty','Trainer',6702,'1998-01-10',491),(435,'Onida','Petrushka',7612,'2018-10-22',412),(436,'Griffin','Bruhn',6321,'1968-02-12',167),(437,'Oliver','Knagges',5070,'2013-03-19',243),(438,'Cordey','Lonsbrough',11679,'2006-04-29',49),(439,'Amalea','Grice',4047,'1975-06-14',350),(440,'Xerxes','Kroch',10218,'1974-10-03',388),(441,'Glori','Josupeit',7929,'1994-11-20',620),(442,'Jaye','Gosnold',9582,'1995-07-18',337),(443,'Muhammad','Careless',11472,'1983-08-22',1),(444,'Betteanne','Stickens',10075,'2018-12-01',917),(445,'Abagael','Baden',11793,'2012-10-19',832),(446,'Jerald','Blum',5231,'2011-12-25',59),(447,'Donetta','Dadge',11556,'2000-12-07',752),(448,'Marius','Hughesdon',9507,'2014-10-22',128),(449,'Dorree','MacKinnon',11279,'1976-09-14',458),(450,'Kaia','Vegas',8218,'2005-06-11',651),(451,'Rozele','Kienle',10606,'2021-10-28',950),(452,'Rurik','Shoorbrooke',3781,'2013-04-25',314),(453,'Ruthanne','Ind',8977,'1980-11-06',947),(454,'Norma','Richens',3225,'1977-12-24',490),(455,'Huey','Boundley',10699,'1967-01-24',207),(456,'Annemarie','Jahnisch',3489,'2003-07-04',813),(457,'Dougie','Costello',9341,'1983-10-17',774),(458,'Steffie','Klees',10319,'1960-10-02',428),(459,'Lefty','Wintersgill',5604,'1983-10-26',601),(460,'Shane','Hackforth',3693,'1979-08-11',868),(461,'Inness','Landsbury',11559,'1963-07-05',155),(462,'Rosemary','Semered',3553,'1961-09-12',599),(463,'Jan','Boden',7684,'1960-08-16',629),(464,'Letisha','Lindro',9321,'1998-05-02',891),(465,'Jessalyn','Buscher',8021,'2002-05-22',411),(466,'Emilee','Crossman',3437,'2007-03-19',92),(467,'Richardo','Jirieck',5144,'2016-05-06',778),(468,'Hedda','Divisek',8224,'2008-10-24',3),(469,'Ailbert','Ellerington',10866,'1997-05-31',450),(470,'Teddy','Pudsey',4457,'2018-09-22',214),(471,'Charlie','De Luna',9969,'1990-08-19',741),(472,'Laural','Anan',8311,'1966-12-01',152),(473,'Fonzie','Tissier',8541,'1997-08-29',914),(474,'Bari','Jodlowski',6958,'1992-04-15',111),(475,'Roland','Jeschner',4794,'1995-08-01',389),(476,'Cordelie','Gillhespy',8618,'1972-10-02',382),(477,'Inger','Greedyer',10637,'1966-10-25',362),(478,'Wolf','Cowser',7036,'1965-08-07',900),(479,'Reube','Canepe',7848,'1960-12-14',648),(480,'Bondon','Corneille',4969,'1976-01-30',77),(481,'Kassey','Asplen',8760,'2011-02-02',804),(482,'Leupold','Cronshaw',5401,'2008-12-07',183),(483,'El','Lyddy',7654,'1966-01-08',36),(484,'Linnet','Gorick',6899,'1999-01-20',220),(485,'Gaylord','Iacomini',11213,'2018-06-29',165),(486,'Timmie','Mucklow',10471,'1999-09-15',24),(487,'Danella','Mc Comb',10188,'1991-08-05',969),(488,'Sabina','Rumford',8741,'1971-02-25',16),(489,'Peggi','Gosswell',3691,'1998-06-25',245),(490,'Dollie','Shoulders',3611,'1990-01-27',932),(491,'Fernandina','Drynan',3155,'1979-10-26',371),(492,'Fidel','Churcher',4937,'1961-10-31',621),(493,'Fredi','Ramelot',10016,'2010-02-23',266),(494,'Rees','Taphouse',7497,'1991-09-22',868),(495,'Alfonse','Illston',8578,'1983-03-06',805),(496,'Cristine','Kubat',10275,'1994-12-21',963),(497,'Adi','Gargett',9700,'2024-10-21',319),(498,'Garwin','Leigh',6092,'2010-06-17',595),(499,'Gertrude','Thompkins',9970,'2024-09-26',460),(500,'Claudette','Mewton',4381,'1993-05-21',573),(501,'Lock','Bestiman',8745,'1969-06-25',293),(502,'Koressa','Czadla',10269,'2014-06-25',394),(503,'Georgy','Ousbie',4086,'1981-09-20',855),(504,'Teri','Brannon',3911,'1989-09-10',655),(505,'Christen','Algie',5176,'1994-05-05',740),(506,'Nana','Britland',7682,'1993-10-07',531),(507,'Murial','Long',9059,'1966-12-19',507),(508,'Eula','Galletley',11594,'1994-08-08',238),(509,'Haroun','Dyball',4247,'1992-11-08',459),(510,'Godwin','Rodriguez',4715,'1998-05-13',888),(511,'Valery','Dawbury',9247,'1973-05-19',83),(512,'Winonah','Mangam',9272,'2014-02-13',976),(513,'Maureen','Edwardson',6095,'1974-10-22',554),(514,'Elfrida','Clutterham',9506,'2006-08-25',922),(515,'Hedda','Seivertsen',10883,'2003-12-13',959),(516,'Rafaellle','Lyman',8400,'1994-10-12',754),(517,'Laurella','Ilewicz',3126,'2019-02-15',13),(518,'Hilly','Boas',8784,'2010-04-16',156),(519,'Katinka','Kleinhandler',3820,'1985-11-29',74),(520,'Thurstan','Ladson',3767,'2018-09-15',929),(521,'Raf','Brightie',5609,'2000-12-16',542),(522,'Dot','Hacquel',10682,'2003-01-13',98),(523,'Bobina','Trewin',5456,'2018-07-06',747),(524,'Linn','Brehault',9579,'2000-10-27',195),(525,'Alfred','Tutin',10054,'2014-12-26',998),(526,'Hildegaard','Riba',11675,'2016-08-04',318),(527,'Mariana','Tolley',4203,'1964-05-08',285),(528,'Cybill','Scorthorne',4599,'1974-04-12',691),(529,'Dannie','Ladlow',5999,'2018-02-08',276),(530,'Wilmer','Penlington',11957,'2022-11-06',153),(531,'Mignonne','Maxworthy',7363,'1971-05-31',257),(532,'Moise','Jorio',9575,'2006-09-14',587),(533,'Maighdiln','Dorrington',9693,'1981-08-24',625),(534,'Joelle','Boobyer',8814,'1969-02-25',629),(535,'Chelsey','Prangle',5800,'1967-06-04',287),(536,'Augustus','Trimmell',4725,'1994-02-02',60),(537,'Vivyan','Bollam',8417,'2015-05-09',705),(538,'Rosamund','Hunte',11819,'2023-09-15',998),(539,'Malanie','Cejka',7370,'2003-04-26',321),(540,'Marys','Canfield',6358,'2012-08-15',968),(541,'Reidar','Montague',9160,'1994-11-15',491),(542,'Marve','Hagergham',9623,'1989-06-04',589),(543,'Ethan','Tame',11534,'2010-08-03',966),(544,'Gustave','Vanner',10236,'1964-03-20',127),(545,'Brandea','Ecclestone',5583,'2008-07-01',752),(546,'Kenyon','Rosenbloom',9251,'2001-09-14',542),(547,'Evonne','Goodrich',11967,'2015-01-25',796),(548,'Aurore','Cotes',6850,'2004-06-02',724),(549,'Giavani','Oxtiby',7022,'2012-02-14',468),(550,'Catharine','Laroux',3611,'1977-03-17',339),(551,'Berna','Bassindale',4028,'2022-03-23',59),(552,'Cissy','Parell',11408,'1992-09-02',299),(553,'Melony','Brearton',10383,'1964-10-18',421),(554,'Claybourne','Garmey',10272,'2017-01-24',435),(555,'Evyn','Ronald',8789,'2022-07-04',721),(556,'Nikoletta','Learned',8538,'1981-01-13',959),(557,'Esteban','Noar',3890,'1974-01-18',243),(558,'Nerte','Forge',6987,'1998-07-17',31),(559,'Adelbert','McAllister',8744,'1964-11-04',896),(560,'Jaymee','Benoist',8174,'1994-07-05',406),(561,'Dorelle','Eton',5683,'1995-07-10',934),(562,'Daloris','Goldbourn',7656,'1977-03-04',698),(563,'Beatrisa','Blaney',5661,'1977-07-16',995),(564,'Aloisia','Allenby',10635,'1990-05-02',136),(565,'Aaron','Mussetti',7476,'1960-12-28',148),(566,'Ruth','Dealey',6010,'2010-01-21',761),(567,'Cecilio','Gwioneth',10094,'2001-04-04',627),(568,'Emery','Peffer',9685,'1980-11-15',311),(569,'Rolland','Dahlgren',3176,'1967-03-25',613),(570,'Dorelia','Lloyds',11434,'2000-02-07',24),(571,'Shae','Brinkley',6311,'1985-10-13',208),(572,'Cheryl','Carabine',6300,'2022-10-28',734),(573,'Fair','Veltman',11225,'1968-06-17',254),(574,'Lucas','Pietzke',8014,'2016-10-26',580),(575,'Faun','McNeil',5402,'2011-04-04',114),(576,'Stewart','Dillet',9640,'2004-08-06',286),(577,'Broddy','Haugg',3001,'1982-10-17',659),(578,'Shirline','Pettwood',11991,'1996-03-13',318),(579,'Sayers','Herreros',4178,'2023-08-15',284),(580,'Angela','Linscott',4190,'2010-10-12',135),(581,'Colleen','Varian',8039,'2024-12-20',5),(582,'Evvy','Guterson',4673,'2017-06-03',89),(583,'Guinevere','Reisk',8657,'2007-03-05',936),(584,'Bennie','Clausius',7629,'1991-02-17',615),(585,'Salli','Weaver',4973,'1984-06-29',521),(586,'Roseanne','Houlison',8832,'2017-05-22',985),(587,'Melba','Westfield',8196,'1961-05-15',412),(588,'Hebert','Mummery',8995,'2003-04-06',150),(589,'Jordan','Nadin',6445,'1970-10-15',160),(590,'Philipa','Shedden',7485,'2006-12-07',462),(591,'Lilllie','Measen',8649,'2023-07-12',529),(592,'Zita','Tesh',9567,'1963-10-03',520),(593,'Gus','Pitts',8562,'1974-10-09',205),(594,'Gaspar','Croy',3899,'2001-03-02',832),(595,'Saundra','Uzelli',5018,'2019-04-07',670),(596,'Darren','Domenge',5097,'2014-09-16',969),(597,'Phip','Buffey',5671,'1961-05-26',451),(598,'Allina','McDade',11840,'1979-11-20',892),(599,'Duffie','Bleckly',10605,'1996-02-02',381),(600,'Rosaleen','Okker',10342,'2020-09-02',935),(601,'Dalston','Byres',4326,'2013-04-26',665),(602,'Valentin','Allam',4648,'1961-07-03',739),(603,'Rosmunda','Goslin',7979,'1981-07-03',568),(604,'Edin','Huscroft',10659,'1969-10-08',687),(605,'Tallulah','Miere',7066,'1975-05-12',205),(606,'Em','Esmonde',10684,'2000-06-12',815),(607,'Casi','Woofenden',7844,'2012-01-02',605),(608,'Graham','Dyte',5129,'1984-02-11',3),(609,'Gena','Adolphine',8467,'2009-12-05',436),(610,'Tann','Piggford',7756,'1974-10-01',609),(611,'Margaretha','Likely',3636,'2001-01-29',227),(612,'Dawn','Lawland',7529,'1966-12-25',228),(613,'Tish','Jouanet',3743,'1979-12-22',322),(614,'Justina','Farebrother',4894,'1985-07-05',57),(615,'Nichols','Botly',5834,'1988-08-28',643),(616,'Anastasia','Chadbourn',6801,'1986-11-09',629),(617,'Lydon','Venus',6688,'1998-04-22',41),(618,'Johnathon','Wrightham',10919,'2013-04-12',390),(619,'Charlie','Marrows',9492,'1981-07-23',640),(620,'Adlai','Bovingdon',7732,'2014-07-23',449),(621,'Blanca','Wharfe',5516,'2018-07-03',868),(622,'Chrystal','Rattenberie',8916,'1979-02-08',648),(623,'Suzette','Jolin',4459,'1972-04-06',33),(624,'Mareah','Boig',9077,'1998-01-29',520),(625,'Correy','Mounsie',9727,'1971-08-29',156),(626,'Tarah','Chasle',3990,'2024-08-27',24),(627,'Pembroke','Barnewall',4527,'1961-02-23',377),(628,'Krysta','Rickson',8227,'1975-10-22',299),(629,'Thea','Beggini',6814,'1982-07-18',792),(630,'Vin','Hobson',5975,'2019-12-31',747),(631,'Siward','Rainer',11203,'1973-11-28',335),(632,'Davis','Mathevon',9955,'2006-07-14',235),(633,'Miguela','Glencrosche',3619,'2021-06-03',280),(634,'Jackquelin','Halcro',5430,'2015-09-02',820),(635,'Inesita','Simonnet',11325,'1975-02-18',31),(636,'Bunni','Atkirk',6301,'2003-09-22',582),(637,'Neall','Matson',7674,'1968-06-19',877),(638,'Adelaide','Repp',4091,'1987-10-31',827),(639,'Lila','Kupis',3753,'2003-01-11',200),(640,'Sarah','Stell',5780,'1990-12-20',887),(641,'Sofia','Dredge',7859,'1979-05-03',350),(642,'Berny','Makinson',8795,'1993-09-13',460),(643,'Kevin','Rableau',10403,'1966-11-08',619),(644,'Obediah','Driffield',9728,'1972-12-28',685),(645,'Willy','Nayer',7334,'2011-10-07',19),(646,'Mireielle','Readhead',3740,'2009-07-17',636),(647,'Stephani','Essame',10776,'1965-04-07',953),(648,'Peadar','Wannell',4186,'2020-09-05',728),(649,'Mar','Gudge',6011,'1965-12-02',664),(650,'Alene','Cordet',8458,'2021-05-20',124),(651,'Bev','Cordsen',8403,'2001-09-14',129),(652,'Lauralee','Lehmann',4340,'1968-05-19',724),(653,'Ansell','Moyes',8669,'2017-11-05',812),(654,'Ralf','Jankovsky',11518,'1984-07-13',945),(655,'Mark','Pococke',3236,'1997-06-26',558),(656,'Maureen','Ducker',10754,'1981-06-07',48),(657,'Philip','Fanshawe',4707,'1968-03-03',600),(658,'Katerine','Loffill',11735,'1967-10-20',13),(659,'Eliot','FitzAlan',3866,'1971-02-20',33),(660,'Warren','Drowsfield',11438,'1989-08-01',557),(661,'Elsie','Yoodall',3708,'1975-04-28',848),(662,'Edeline','Wyeld',8123,'1975-03-09',898),(663,'Augie','Tweddell',3083,'2008-08-11',323),(664,'Donna','Gilfillan',7453,'1963-10-26',487),(665,'Lea','Cable',5139,'1966-01-14',10),(666,'Huntington','Blankau',3560,'1994-10-04',807),(667,'Burch','Lowen',6776,'1983-12-23',593),(668,'Meryl','Mattisssen',10785,'1978-06-08',687),(669,'Ritchie','Spratley',9261,'2006-04-01',630),(670,'Lyndsay','McCurley',6045,'1980-02-27',844),(671,'Stanwood','Petican',8966,'2000-06-28',558),(672,'Wynnie','Snyder',9055,'1989-04-08',370),(673,'Cornelle','Larkins',3529,'2023-01-01',948),(674,'Maurizio','Horsted',11207,'1972-02-18',616),(675,'Minetta','McHardy',10078,'2011-03-21',805),(676,'Vonnie','Yakovliv',7185,'1975-03-06',909),(677,'Luciana','Ruter',8995,'2009-09-17',917),(678,'Had','Kennham',3357,'1964-09-26',899),(679,'Melva','Inglefield',9224,'1972-06-12',579),(680,'Jada','Bruce',9139,'1965-09-18',843),(681,'Kelli','Bennellick',11468,'2005-10-31',711),(682,'Demetre','Brehat',8471,'1962-05-30',680),(683,'Riley','MacDonagh',9368,'2017-11-27',500),(684,'Chaddie','Mowsdale',3494,'1985-09-12',240),(685,'Loralie','Idwal Evans',4792,'1964-11-28',573),(686,'Cos','Monkton',3130,'1982-11-01',308),(687,'Kyrstin','Rosander',7869,'1980-02-28',335),(688,'Jerry','Askell',5286,'1967-12-13',341),(689,'Janek','Carnilian',7647,'1988-11-14',244),(690,'Robby','Kalb',5520,'1982-08-03',623),(691,'Gael','Gronow',5027,'1993-12-03',622),(692,'Fredric','Klebes',10302,'2014-03-23',239),(693,'Sarette','Joinsey',3105,'2018-04-07',377),(694,'Nappy','Roelofs',5357,'1996-03-16',315),(695,'Kandace','Beazleigh',6929,'1999-12-05',655),(696,'Joice','Cesco',6739,'2010-12-08',664),(697,'Maureen','Yakushkev',9701,'2006-01-19',627),(698,'Kevon','Fellgett',10475,'1989-01-01',344),(699,'Sidney','Kenney',6716,'1997-10-02',509),(700,'Courtnay','Tuppeny',4594,'1985-08-30',841),(701,'Aubert','Chainey',6962,'1969-10-16',15),(702,'Fannie','Obin',10299,'2015-09-18',174),(703,'Ricki','Bullier',11048,'2008-06-06',311),(704,'Margit','Gissing',5141,'1989-10-27',617),(705,'Nobe','Yablsley',5583,'1986-10-25',711),(706,'Garek','Pegden',5700,'1983-08-22',356),(707,'Berget','Walbrook',6471,'2021-05-07',873),(708,'Merrili','Halbard',5172,'1965-01-10',111),(709,'Idell','Zienkiewicz',4211,'1995-08-21',993),(710,'Baryram','Grahlmans',8985,'1983-03-30',726),(711,'Sigismundo','Scallan',9598,'1985-12-04',645),(712,'Heath','McGaughie',7590,'2010-05-02',168),(713,'Frederik','Corfield',3169,'1984-10-04',547),(714,'Irv','Pedlow',8445,'1994-12-30',311),(715,'Steven','Mc Elory',6371,'1970-11-07',489),(716,'Waverley','Bachanski',3647,'1987-09-14',844),(717,'Giralda','Slocomb',11029,'1974-08-09',3),(718,'Alice','Durnell',6957,'2013-05-06',154),(719,'Kimberly','Gotter',11706,'1969-09-03',947),(720,'Chase','Chaloner',3270,'1973-05-10',397),(721,'Krystyna','Goodyear',11500,'2015-10-05',84),(722,'Aubrette','Valett',11813,'1996-03-30',922),(723,'Christan','Eixenberger',3545,'1976-10-26',706),(724,'Hi','Vaissiere',9036,'2015-09-28',460),(725,'Elna','Scarsbrooke',6822,'2007-03-24',161),(726,'Roosevelt','Mannin',7974,'1987-06-19',101),(727,'Fara','Belshaw',8602,'1991-12-18',960),(728,'Desirae','Bilbrook',6637,'1976-08-11',315),(729,'Filide','Smyth',8889,'1963-07-26',322),(730,'Eamon','Shoobridge',3022,'2005-11-17',987),(731,'Rockey','Geddis',7165,'2023-10-25',317),(732,'Prudi','Wadesworth',4632,'1984-02-08',710),(733,'Clive','Langdon',9713,'2018-08-19',653),(734,'Daisie','McCroary',9324,'2023-09-19',650),(735,'Katee','Chesser',8524,'2021-03-11',993),(736,'Rebeka','McCowan',10099,'1995-12-23',165),(737,'Stoddard','Gambrell',7965,'1976-01-30',375),(738,'Zorina','Sellek',3739,'2009-08-28',693),(739,'Susanetta','Babst',9549,'1994-09-11',507),(740,'Jarid','Oloshin',8806,'1973-10-30',652),(741,'Jolene','Christescu',5711,'1996-12-14',271),(742,'Lilah','Guilloud',10497,'1979-10-17',704),(743,'Keary','Peaple',8005,'1970-09-10',852),(744,'Hortense','Hutchcraft',4388,'1968-12-07',246),(745,'Tito','Blaze',11234,'2004-04-24',556),(746,'Caye','Zmitruk',9746,'1983-05-19',394),(747,'Cally','Punshon',5396,'2024-12-28',189),(748,'Hy','Bachman',5698,'2005-10-23',174),(749,'Johnath','Kubczak',10233,'1976-10-29',283),(750,'Corty','Glascott',10257,'1992-12-13',970),(751,'Tallie','Bemlott',7729,'1979-06-01',134),(752,'Judah','Andras',10693,'1965-11-24',737),(753,'Lorilee','Maun',10637,'2004-12-06',975),(754,'Allix','Lambotin',8525,'1962-06-16',286),(755,'Teodorico','Thiolier',3085,'2023-07-24',875),(756,'Genia','Aspin',9451,'1984-08-20',396),(757,'Brittany','Brotherhed',7465,'2008-01-16',534),(758,'Emmie','Drydale',10699,'1971-01-14',629),(759,'Annaliese','Brayne',8995,'2001-07-19',258),(760,'Elliott','Gutridge',10826,'1973-02-26',927),(761,'Gussie','Pering',7152,'2018-06-08',316),(762,'Nadiya','Monni',11903,'1993-02-11',137),(763,'Perkin','Sockell',6298,'2001-11-30',640),(764,'Deanne','Lamblin',6814,'1993-05-19',824),(765,'Lexi','Catling',11949,'1964-08-03',995),(766,'Neilla','Jarrell',7570,'2014-04-16',247),(767,'Fionna','Deakin',3876,'1977-07-17',997),(768,'Coleen','Ludwig',8654,'1975-03-18',396),(769,'Melissa','Fahy',11771,'2007-01-17',194),(770,'Prinz','German',10172,'2020-01-03',822),(771,'Rickie','Copestick',9354,'1960-11-23',751),(772,'Jerrylee','Rowett',6859,'1985-07-10',36),(773,'Bridie','Orsi',6147,'2004-07-05',385),(774,'Willow','Gladstone',5909,'1985-07-19',894),(775,'Aloin','Ormerod',9384,'1989-08-19',616),(776,'Codie','McCromley',10866,'1985-12-31',283),(777,'Hagan','Swansbury',5758,'2022-02-08',98),(778,'Clareta','Fehely',8018,'1969-10-22',264),(779,'Rhett','Pasticznyk',5995,'1999-05-13',53),(780,'Franky','Delgardo',8486,'1967-01-20',967),(781,'Chanda','Bottom',11777,'2014-07-19',298),(782,'Elijah','Diggar',7828,'1970-09-22',426),(783,'Toby','Assinder',6717,'1960-09-11',890),(784,'Sumner','Peatt',8467,'2008-12-27',546),(785,'Brigida','Atteridge',5465,'1961-09-22',138),(786,'Eli','Olkowicz',7370,'1964-12-23',380),(787,'Heloise','Pleming',3194,'1999-11-18',921),(788,'Barde','Stirton',6115,'1981-12-29',145),(789,'Rafaela','McAviy',9851,'1974-07-10',364),(790,'Heida','Penrith',11126,'1971-01-26',755),(791,'Gar','Henke',4620,'2022-05-25',138),(792,'Lazare','Goodoune',3805,'1967-05-10',927),(793,'Berenice','Banbridge',9355,'1964-08-26',103),(794,'Katusha','Woodfin',11854,'2015-05-29',223),(795,'Kathrine','Josse',11718,'2009-04-22',371),(796,'Gavan','Crosfield',10040,'1995-07-27',163),(797,'Reeva','Woodnutt',4283,'1968-09-23',226),(798,'Neil','Whalebelly',11912,'2014-10-05',231),(799,'Shelden','Newberry',8965,'1996-11-16',497),(800,'Raine','Nutman',4551,'1977-03-07',544),(801,'Alia','Juggins',6454,'2013-11-29',202),(802,'Ki','Ramsbottom',4809,'2021-03-18',872),(803,'Nanci','Havenhand',3899,'1980-05-06',821),(804,'Emmye','Raden',6690,'1984-10-02',955),(805,'Roxy','Glandfield',6254,'2023-06-10',782),(806,'Wilbert','Lieb',10928,'2011-01-19',472),(807,'Mady','Clewett',5520,'1982-08-14',923),(808,'Dimitri','Clamo',7168,'1968-08-25',83),(809,'Jana','Heinsen',7747,'1969-04-25',975),(810,'Wolfie','Ruoff',3083,'1960-03-09',393),(811,'Jarret','Mashal',3572,'1994-08-25',758),(812,'Fifi','Moreside',11231,'1998-12-05',407),(813,'Georgeta','Bambridge',3688,'2007-06-02',434),(814,'Kyle','Gaythor',9069,'2018-01-11',10),(815,'Zechariah','Ganforth',4673,'1969-02-10',197),(816,'Ame','Dyne',7009,'1985-11-15',264),(817,'Brendan','Dace',3251,'2014-10-27',316),(818,'Orelia','Little',7780,'2008-10-22',135),(819,'Billie','Cartman',8996,'2023-08-10',123),(820,'Jacklin','Plampin',10801,'1988-10-03',766),(821,'Elijah','Towsie',8464,'1974-10-24',278),(822,'Daveta','Redit',6044,'2024-06-03',688),(823,'Sharleen','Arblaster',3811,'1999-03-25',38),(824,'Jennilee','Wordington',7586,'2024-04-10',452),(825,'Kellby','Basden',9009,'2002-10-11',71),(826,'Mavis','Brodie',8191,'2019-02-02',287),(827,'Chauncey','Godsmark',4203,'2006-05-06',434),(828,'Allene','Fairney',11595,'1994-02-18',179),(829,'Barbette','Starmer',10376,'2018-01-07',980),(830,'Geneva','Danielovitch',4635,'1985-02-21',916),(831,'Nancee','Caccavari',5882,'1969-08-17',387),(832,'Marius','Cribbin',3260,'1985-04-13',861),(833,'Joshia','Doornbos',8492,'1996-07-16',966),(834,'Nico','Sparsholt',8007,'1961-09-07',264),(835,'Taite','Mearing',9989,'1999-01-12',723),(836,'Waldon','Davenhill',6659,'1961-09-07',594),(837,'Mohammed','Candie',6697,'1963-09-16',298),(838,'Carny','Vellacott',4568,'1976-09-07',11),(839,'Georgeanna','Tritten',5776,'1992-07-25',729),(840,'Teresina','Myrkus',8641,'2012-02-11',621),(841,'Gordy','Ianinotti',7578,'2003-07-12',296),(842,'Jermaine','Ravillas',11691,'1978-04-25',624),(843,'Leon','Brugemann',6103,'1980-11-07',552),(844,'Felicio','Geerling',9697,'2010-04-07',878),(845,'Gabey','Bonnick',10294,'1965-12-08',193),(846,'Darrell','Guinane',3027,'2006-04-27',497),(847,'Karena','Kobieriecki',6033,'1997-12-08',81),(848,'Kimmy','Deroche',4869,'2002-06-15',223),(849,'Siana','Brownrigg',7347,'2006-12-18',433),(850,'Kirby','Guyers',9838,'1981-04-28',721),(851,'Patton','Bapty',11419,'1986-10-25',543),(852,'Patti','Sangwin',5467,'2003-12-18',681),(853,'Reagan','Westoff',8240,'2017-09-21',517),(854,'Prince','Withrington',9661,'2016-10-21',432),(855,'Mikol','Prynne',7044,'2009-07-09',479),(856,'Libby','Agett',10646,'1971-12-17',252),(857,'Carla','Stanfield',5947,'2015-04-05',612),(858,'Tony','Martinovic',7602,'2021-05-09',30),(859,'Koenraad','Spratley',3919,'1967-08-25',161),(860,'Thedric','Stonestreet',4903,'2005-11-13',489),(861,'Sibby','Macknish',9545,'1995-09-14',469),(862,'Myles','Osan',5223,'1961-09-15',234),(863,'Friederike','Baselli',5963,'1996-10-26',58),(864,'Kitti','Jessard',11462,'1996-05-04',497),(865,'Wyn','Stiebler',9040,'2023-11-14',288),(866,'Jonis','Fishwick',10428,'1989-01-05',952),(867,'Yvette','Caulwell',5186,'2009-07-31',302),(868,'Kora','Kobpa',5979,'1984-02-19',364),(869,'Hort','Howel',4883,'2012-05-27',444),(870,'Nerta','Olczak',5595,'2015-11-15',873),(871,'Myrtle','Colgan',4909,'2019-04-10',901),(872,'Leora','Totman',9521,'1960-05-03',429),(873,'Kelly','Tetley',11635,'1996-09-11',219),(874,'Iago','Cromar',9672,'2008-08-18',489),(875,'Gabrielle','Schankel',5309,'2022-12-31',740),(876,'Marsiella','Dreossi',10950,'1970-08-11',916),(877,'Alric','Bottomer',8251,'1971-11-19',993),(878,'Teressa','Dufer',9480,'1974-05-17',743),(879,'Taddeusz','Eadmead',3763,'1975-12-26',73),(880,'Kimberley','Hillhouse',8387,'1981-06-18',202),(881,'Kyrstin','Allonby',3967,'2011-09-18',9),(882,'Beaufort','Perren',9118,'1999-03-25',283),(883,'Malia','Devon',4415,'1974-05-01',275),(884,'Lorene','Adamczyk',8872,'1971-11-16',266),(885,'Beaufort','Starkings',4050,'2010-10-02',588),(886,'Cornelia','Woolard',10902,'1995-06-30',382),(887,'Suzette','McHaffy',11080,'1962-10-24',15),(888,'Balduin','Baniard',10750,'2017-02-22',627),(889,'Shayna','Stoad',3348,'2014-01-07',266),(890,'Germana','Bennie',7978,'1984-08-30',919),(891,'Delphine','Luckham',6833,'1990-04-25',123),(892,'Ariana','Chiles',11216,'1998-07-11',397),(893,'Gavra','Van Waadenburg',3555,'1997-09-30',899),(894,'Zerk','Veitch',6338,'1984-12-12',779),(895,'Hanan','Chellingworth',6457,'1986-01-06',836),(896,'Pietrek','O\'Hern',5916,'1963-02-19',692),(897,'Ofilia','Linner',7770,'1977-08-08',134),(898,'Doti','Kinman',8759,'2003-05-08',341),(899,'Goldy','Myott',11428,'1970-08-23',921),(900,'Kearney','Caze',3747,'1994-06-23',748),(901,'Agustin','Brimblecomb',11204,'2011-02-14',893),(902,'Roseanna','Saunderson',10244,'1960-10-07',405),(903,'Consuela','Yokel',11067,'2023-01-21',486),(904,'Roderich','Wetherald',3154,'2010-03-28',878),(905,'Rupert','Frail',7372,'1999-05-17',271),(906,'Nichols','Collyer',6758,'1960-07-18',83),(907,'Theresina','Crocombe',10964,'1989-10-20',22),(908,'Carlin','Izatson',5585,'1973-08-17',589),(909,'Leticia','Moncaster',8322,'1970-10-05',106),(910,'Alexandros','Jevon',5687,'1980-08-17',928),(911,'Isak','Damerell',10810,'1998-12-16',910),(912,'Huberto','Luchetti',6686,'2007-07-10',787),(913,'Judah','Ewart',7867,'1961-05-01',567),(914,'Jessamine','Crampsy',3706,'1969-07-05',792),(915,'Gonzales','Zylbermann',3973,'1987-03-06',360),(916,'Dyna','Iwanowski',11266,'1991-03-23',805),(917,'Sophi','Loble',6289,'1964-03-02',923),(918,'Duff','Taborre',6702,'1967-11-01',596),(919,'Edouard','Wyse',5596,'2010-10-08',571),(920,'Vania','Hethron',10418,'1995-04-20',673),(921,'Adrian','Fortin',10386,'2000-03-03',707),(922,'Renata','Elsdon',4623,'1972-10-07',630),(923,'Ezequiel','Crosland',8414,'1992-06-07',539),(924,'Butch','Brinklow',8674,'1985-12-11',739),(925,'Niven','Toulamain',6836,'1962-12-01',69),(926,'Monty','Money',4185,'2010-06-08',34),(927,'Queenie','Lloyds',5901,'1982-09-21',915),(928,'Elna','Chatterton',6362,'1970-02-05',866),(929,'Lilia','Hosier',4884,'2005-10-01',419),(930,'Ezequiel','MacGillivrie',8816,'2000-05-26',596),(931,'Art','Buswell',9368,'1994-12-11',102),(932,'Elisabet','Coldrick',9868,'1998-05-09',43),(933,'Helen-elizabeth','Headon',10700,'1999-11-10',787),(934,'Diann','Hulburt',7578,'1975-05-26',681),(935,'Quinn','Will',7148,'2010-06-16',254),(936,'Anallese','Duffield',5793,'1987-05-23',529),(937,'Shirlene','Saldler',6770,'1986-12-23',216),(938,'Darsie','Gehrtz',7020,'2001-05-05',972),(939,'Christian','Meggison',9712,'2004-03-16',291),(940,'Arni','Dutnall',8906,'1998-10-07',662),(941,'Ashil','Waudby',4576,'1964-12-27',722),(942,'Elaina','Cumpsty',8517,'1969-08-29',571),(943,'Torey','Gadman',4064,'1972-07-24',551),(944,'Janice','Golsthorp',7490,'1963-05-08',355),(945,'Gusti','Comelini',5468,'1999-02-01',971),(946,'Saudra','Rowledge',11415,'2022-11-19',430),(947,'Mohammed','Madsen',8611,'1979-10-07',426),(948,'Bobbee','Lamerton',9755,'1966-07-23',541),(949,'Kristan','Chappel',3718,'1972-05-20',837),(950,'Matthieu','Riggoll',3246,'2005-10-30',661),(951,'Avrit','Stivani',8795,'1989-07-05',846),(952,'Peter','Pavis',10475,'1985-01-02',465),(953,'Elysee','Kain',11437,'2016-12-15',87),(954,'Valli','Firby',3547,'2001-08-09',886),(955,'Sanson','Aprahamian',3137,'1971-02-19',161),(956,'Alvina','Parsisson',3466,'1988-12-27',664),(957,'Ermina','Fryer',9298,'1989-09-08',140),(958,'Myriam','Lemerle',9447,'1961-10-27',675),(959,'Jaymee','Askie',10392,'1991-09-01',432),(960,'Hendrika','Maughan',5564,'1983-06-29',191),(961,'Dyane','Arnold',5213,'1964-01-13',400),(962,'Renata','Withnall',7398,'2016-07-26',129),(963,'Alysia','Kob',3653,'1975-05-02',310),(964,'Stafani','Izzett',10633,'1986-10-25',608),(965,'Caroline','Ghidini',9245,'1969-03-25',481),(966,'Giovanni','McGeneay',11501,'1971-07-20',176),(967,'Bearnard','Ruddiman',9465,'1975-07-19',360),(968,'Coletta','Philps',5489,'1965-07-15',874),(969,'Dominique','Trafford',8031,'1972-10-24',284),(970,'Justus','Bodker',9243,'2010-02-13',794),(971,'Lizzie','Hawsby',10079,'2006-03-09',286),(972,'Purcell','Gladbach',9525,'1966-05-10',479),(973,'Andy','Ruler',11259,'1967-09-06',435),(974,'Hazel','Tattersdill',8634,'2011-04-08',224),(975,'Ingra','Summerill',8402,'1988-04-05',457),(976,'Emmalynn','McCue',11243,'1967-02-10',686),(977,'Joyan','Snawden',5201,'2024-01-21',461),(978,'Candice','Folomin',11583,'2018-09-03',910),(979,'Emeline','L\' Estrange',5836,'1963-03-20',273),(980,'Bertie','Beswick',6306,'1998-11-21',398),(981,'Lev','Leishman',10233,'1997-09-14',182),(982,'Kendell','Hatt',4308,'1990-01-27',719),(983,'Miof mela','Margaret',4789,'1996-02-15',495),(984,'Lukas','Timpany',8314,'2011-07-22',637),(985,'Gaylor','Ruselin',6431,'1982-01-30',336),(986,'Linnet','Mably',7412,'2010-12-17',419),(987,'Tanny','Cramp',9164,'1981-11-18',914),(988,'Annmaria','Marsham',10057,'2021-06-29',981),(989,'Gracia','Yushachkov',9455,'1969-01-17',192),(990,'Park','Lawford',9216,'2016-04-04',289),(991,'Mariska','Kitchingham',6236,'2004-06-07',930),(992,'Deirdre','Davidovitz',7157,'1981-08-04',777),(993,'Gibby','Crenage',5075,'1963-05-04',166),(994,'Nobie','Schankelborg',3298,'1983-02-12',809),(995,'Donielle','Surguine',4835,'2001-02-05',11),(996,'Merrielle','Fagence',5337,'2008-03-14',91),(997,'Cass','Ossipenko',10576,'1983-11-01',544),(998,'Beverlee','Maltman',11917,'1960-09-07',573),(999,'Carolina','Raubenheimers',5283,'2022-08-08',769),(1000,'Emmit','Gynn',5591,'1979-07-10',44);
/*!40000 ALTER TABLE `pracownicy` ENABLE KEYS */;
UNLOCK TABLES;

--
-- Table structure for table `premia`
--

DROP TABLE IF EXISTS `premia`;
/*!40101 SET @saved_cs_client     = @@character_set_client */;
/*!40101 SET character_set_client = utf8 */;
CREATE TABLE `premia` (
  `id` int(11) NOT NULL AUTO_INCREMENT,
  `kwota` float DEFAULT NULL,
  `data` date DEFAULT NULL,
  `id_pracownik` int(11) DEFAULT NULL,
  PRIMARY KEY (`id`),
  KEY `id_pracownik` (`id_pracownik`),
  CONSTRAINT `premia_ibfk_1` FOREIGN KEY (`id_pracownik`) REFERENCES `pracownicy` (`id`)
) ENGINE=InnoDB AUTO_INCREMENT=1001 DEFAULT CHARSET=utf8mb4 COLLATE=utf8mb4_general_ci;
/*!40101 SET character_set_client = @saved_cs_client */;

--
-- Dumping data for table `premia`
--

LOCK TABLES `premia` WRITE;
/*!40000 ALTER TABLE `premia` DISABLE KEYS */;
INSERT INTO `premia` VALUES (1,0,'2024-07-25',507),(2,0,'2022-08-13',28),(3,0,'2021-03-05',710),(4,0,'2023-10-01',663),(5,0,'2023-04-06',630),(6,0,'2022-07-23',310),(7,0,'2023-05-21',800),(8,0,'2024-03-03',513),(9,0,'2024-06-26',738),(10,0,'2023-05-28',497),(11,0,'2023-04-20',458),(12,0,'2022-12-13',445),(13,0,'2023-11-27',839),(14,0,'2023-06-10',990),(15,0,'2022-11-22',304),(16,0,'2022-07-02',61),(17,0,'2022-12-10',4),(18,0,'2021-03-22',120),(19,0,'2024-08-16',949),(20,0,'2022-09-09',727),(21,0,'2023-08-24',467),(22,0,'2020-07-31',728),(23,0,'2024-12-16',85),(24,0,'2022-05-14',664),(25,0,'2021-10-25',768),(26,0,'2022-07-02',902),(27,0,'2023-02-01',128),(28,0,'2020-09-27',497),(29,0,'2023-09-06',907),(30,0,'2021-10-01',822),(31,0,'2021-08-11',26),(32,0,'2021-10-02',729),(33,0,'2021-09-21',926),(34,0,'2024-11-21',908),(35,0,'2023-03-25',305),(36,0,'2021-11-27',662),(37,0,'2022-06-06',709),(38,0,'2022-05-10',741),(39,0,'2024-08-08',22),(40,0,'2021-08-28',601),(41,0,'2023-04-09',452),(42,0,'2023-11-22',185),(43,0,'2020-12-12',27),(44,0,'2022-03-14',628),(45,0,'2024-04-24',596),(46,0,'2022-12-19',199),(47,0,'2023-05-14',642),(48,0,'2023-04-10',960),(49,0,'2020-04-22',439),(50,0,'2021-05-08',93),(51,0,'2020-01-01',105),(52,0,'2022-05-09',423),(53,0,'2020-06-06',785),(54,0,'2022-08-29',480),(55,0,'2024-05-11',840),(56,0,'2023-03-28',854),(57,0,'2023-08-14',219),(58,0,'2021-10-08',307),(59,0,'2020-11-10',599),(60,0,'2022-05-28',100),(61,0,'2022-11-04',946),(62,0,'2022-10-29',839),(63,0,'2024-11-10',921),(64,0,'2022-06-07',515),(65,0,'2023-03-30',604),(66,0,'2024-01-02',66),(67,0,'2022-05-02',902),(68,0,'2020-11-22',239),(69,0,'2024-10-23',25),(70,0,'2023-05-25',546),(71,0,'2023-12-06',677),(72,0,'2020-08-01',378),(73,0,'2023-09-17',51),(74,0,'2023-04-12',58),(75,0,'2021-03-24',691),(76,0,'2021-08-29',313),(77,0,'2022-03-06',392),(78,0,'2024-07-27',162),(79,0,'2022-06-07',473),(80,0,'2023-07-11',526),(81,0,'2022-08-11',519),(82,0,'2020-10-21',745),(83,0,'2021-12-02',208),(84,0,'2023-04-29',649),(85,0,'2021-03-09',665),(86,0,'2023-12-13',872),(87,0,'2023-08-29',570),(88,0,'2024-08-04',266),(89,0,'2024-09-12',393),(90,0,'2021-10-14',700),(91,0,'2020-01-03',387),(92,0,'2023-11-02',730),(93,0,'2024-10-31',458),(94,0,'2023-12-05',891),(95,0,'2023-01-14',644),(96,0,'2024-07-03',963),(97,0,'2022-03-06',379),(98,0,'2023-09-27',624),(99,0,'2023-02-27',424),(100,0,'2020-05-12',893),(101,0,'2024-06-23',71),(102,0,'2024-07-18',689),(103,0,'2021-02-18',964),(104,0,'2023-02-10',136),(105,0,'2020-11-29',364),(106,0,'2024-11-12',624),(107,0,'2024-02-14',101),(108,0,'2022-09-24',283),(109,0,'2023-10-26',645),(110,0,'2024-02-11',357),(111,0,'2020-10-07',918),(112,0,'2023-07-02',374),(113,0,'2024-02-09',427),(114,0,'2023-04-11',857),(115,0,'2024-10-06',359),(116,0,'2024-08-13',49),(117,0,'2021-02-16',68),(118,0,'2021-12-02',846),(119,0,'2022-11-10',437),(120,0,'2022-09-22',490),(121,0,'2023-08-17',959),(122,0,'2024-07-10',267),(123,0,'2023-08-06',116),(124,0,'2020-03-30',410),(125,0,'2022-10-18',912),(126,0,'2021-08-27',594),(127,0,'2021-08-03',201),(128,0,'2022-04-01',614),(129,0,'2021-03-02',269),(130,0,'2024-02-23',399),(131,0,'2020-03-10',267),(132,0,'2022-08-01',823),(133,0,'2020-10-23',320),(134,0,'2021-05-08',271),(135,0,'2022-07-19',187),(136,0,'2021-12-07',683),(137,0,'2020-06-18',194),(138,0,'2023-12-13',92),(139,0,'2023-07-06',684),(140,0,'2023-03-24',104),(141,0,'2023-02-28',27),(142,0,'2021-05-28',840),(143,0,'2021-03-19',277),(144,0,'2021-10-16',222),(145,0,'2020-04-09',278),(146,0,'2022-03-19',799),(147,0,'2024-11-24',905),(148,0,'2022-03-20',994),(149,0,'2021-10-04',685),(150,0,'2020-04-02',594),(151,0,'2023-11-06',7),(152,0,'2020-03-04',153),(153,0,'2022-08-26',128),(154,0,'2021-01-17',2),(155,0,'2020-12-08',415),(156,0,'2020-10-22',499),(157,0,'2023-04-18',866),(158,0,'2020-05-07',393),(159,0,'2023-06-26',235),(160,0,'2022-01-17',707),(161,0,'2024-10-11',17),(162,0,'2022-02-04',608),(163,0,'2022-04-01',114),(164,0,'2024-12-20',569),(165,0,'2020-07-27',867),(166,0,'2022-03-30',460),(167,0,'2024-07-23',30),(168,0,'2021-04-26',633),(169,0,'2020-07-09',131),(170,0,'2024-11-11',118),(171,0,'2024-04-11',375),(172,0,'2024-09-02',482),(173,0,'2020-05-21',962),(174,0,'2021-10-07',108),(175,0,'2024-01-16',525),(176,0,'2024-02-29',143),(177,0,'2020-07-02',602),(178,0,'2024-04-08',125),(179,0,'2024-09-20',888),(180,0,'2024-11-17',918),(181,0,'2024-02-09',352),(182,0,'2023-04-08',14),(183,0,'2023-11-21',108),(184,0,'2023-09-15',321),(185,0,'2020-07-21',768),(186,0,'2020-06-07',282),(187,0,'2024-01-23',326),(188,0,'2023-02-22',217),(189,0,'2020-05-09',437),(190,0,'2024-04-22',979),(191,0,'2023-11-08',517),(192,0,'2023-10-26',792),(193,0,'2020-08-14',348),(194,0,'2023-02-23',180),(195,0,'2024-10-15',183),(196,0,'2023-08-18',357),(197,0,'2024-02-02',224),(198,0,'2023-08-03',943),(199,0,'2020-11-03',120),(200,0,'2020-10-12',263),(201,0,'2022-04-27',227),(202,0,'2024-10-04',529),(203,0,'2021-04-28',94),(204,0,'2024-03-30',485),(205,0,'2023-04-04',259),(206,0,'2020-05-19',236),(207,0,'2022-08-15',555),(208,0,'2022-09-16',708),(209,0,'2020-11-28',551),(210,0,'2023-01-15',478),(211,0,'2022-02-28',419),(212,0,'2020-03-31',768),(213,0,'2022-06-08',216),(214,0,'2024-08-13',386),(215,0,'2021-10-15',439),(216,0,'2024-11-27',179),(217,0,'2024-12-18',70),(218,0,'2020-03-29',87),(219,0,'2022-04-19',490),(220,0,'2021-01-05',610),(221,0,'2022-09-26',605),(222,0,'2023-01-10',45),(223,0,'2020-10-20',96),(224,0,'2023-12-27',182),(225,0,'2023-05-02',41),(226,0,'2020-10-10',907),(227,0,'2022-11-04',186),(228,0,'2021-03-20',22),(229,0,'2020-08-07',813),(230,0,'2023-08-09',514),(231,0,'2021-10-19',766),(232,0,'2024-01-30',14),(233,0,'2020-02-18',739),(234,0,'2022-02-11',838),(235,0,'2022-06-02',326),(236,0,'2021-02-07',317),(237,0,'2024-06-10',531),(238,0,'2024-04-28',948),(239,0,'2020-01-10',434),(240,0,'2021-12-07',483),(241,0,'2023-06-23',875),(242,0,'2024-05-21',45),(243,0,'2020-10-04',779),(244,0,'2024-08-09',500),(245,0,'2024-12-23',647),(246,0,'2022-06-26',711),(247,0,'2024-09-25',451),(248,0,'2020-01-13',201),(249,0,'2024-10-27',107),(250,0,'2021-08-03',222),(251,0,'2020-07-24',354),(252,0,'2021-01-12',878),(253,0,'2022-06-29',630),(254,0,'2024-03-05',727),(255,0,'2022-09-27',141),(256,0,'2021-05-19',455),(257,0,'2024-06-29',780),(258,0,'2020-10-01',928),(259,0,'2021-06-10',588),(260,0,'2021-02-12',490),(261,0,'2020-06-13',477),(262,0,'2020-06-24',423),(263,0,'2024-07-08',259),(264,0,'2023-03-03',931),(265,0,'2021-07-13',755),(266,0,'2022-07-04',603),(267,0,'2020-03-03',237),(268,0,'2023-08-15',682),(269,0,'2022-02-16',5),(270,0,'2020-04-02',2),(271,0,'2021-01-14',51),(272,0,'2022-08-22',581),(273,0,'2023-10-02',258),(274,0,'2020-08-31',988),(275,0,'2022-11-19',487),(276,0,'2021-03-16',207),(277,0,'2024-10-22',659),(278,0,'2021-04-19',306),(279,0,'2023-08-01',23),(280,0,'2023-09-09',994),(281,0,'2022-06-22',730),(282,0,'2020-01-05',988),(283,0,'2022-12-25',428),(284,0,'2023-03-19',105),(285,0,'2023-01-31',239),(286,0,'2022-10-03',130),(287,0,'2020-11-04',452),(288,0,'2022-04-21',172),(289,0,'2021-09-26',412),(290,0,'2021-11-15',861),(291,0,'2020-06-13',674),(292,0,'2021-12-17',693),(293,0,'2024-10-31',154),(294,0,'2021-05-01',517),(295,0,'2020-04-29',617),(296,0,'2024-04-27',660),(297,0,'2020-08-26',593),(298,0,'2021-05-08',499),(299,0,'2021-05-24',870),(300,0,'2022-02-23',302),(301,0,'2021-08-06',472),(302,0,'2021-04-17',706),(303,0,'2024-09-09',899),(304,0,'2021-06-09',277),(305,0,'2024-10-24',934),(306,0,'2021-11-28',344),(307,0,'2023-03-29',203),(308,0,'2023-12-23',95),(309,0,'2023-09-11',351),(310,0,'2022-02-22',587),(311,0,'2023-12-04',407),(312,0,'2024-04-21',663),(313,0,'2024-01-17',350),(314,0,'2022-11-08',644),(315,0,'2020-11-24',474),(316,0,'2022-09-13',80),(317,0,'2022-12-10',314),(318,0,'2020-07-17',771),(319,0,'2020-06-12',201),(320,0,'2022-03-11',177),(321,0,'2024-05-07',331),(322,0,'2021-02-05',533),(323,0,'2024-12-29',192),(324,0,'2022-10-26',648),(325,0,'2022-10-15',653),(326,0,'2023-07-04',148),(327,0,'2020-02-25',921),(328,0,'2023-11-19',705),(329,0,'2024-10-28',212),(330,0,'2022-06-03',939),(331,0,'2023-07-29',874),(332,0,'2024-02-13',167),(333,0,'2022-05-29',567),(334,0,'2022-03-22',395),(335,0,'2023-09-12',920),(336,0,'2021-06-12',446),(337,0,'2023-12-05',989),(338,0,'2024-10-21',4),(339,0,'2023-12-28',340),(340,0,'2020-06-16',636),(341,0,'2024-10-30',257),(342,0,'2023-02-14',283),(343,0,'2022-06-07',828),(344,0,'2023-03-29',589),(345,0,'2024-02-27',2),(346,0,'2022-01-10',696),(347,0,'2021-01-17',518),(348,0,'2024-08-11',295),(349,0,'2024-09-20',888),(350,0,'2024-03-15',386),(351,0,'2020-12-17',207),(352,0,'2022-12-22',60),(353,0,'2021-03-16',247),(354,0,'2022-12-11',465),(355,0,'2024-11-19',78),(356,0,'2024-07-13',288),(357,0,'2023-08-23',667),(358,0,'2022-07-14',897),(359,0,'2024-05-06',462),(360,0,'2024-02-02',826),(361,0,'2024-07-10',300),(362,0,'2023-07-06',201),(363,0,'2020-01-07',784),(364,0,'2024-01-03',976),(365,0,'2023-07-09',254),(366,0,'2024-03-17',632),(367,0,'2023-08-08',653),(368,0,'2021-06-12',32),(369,0,'2022-02-06',412),(370,0,'2022-08-25',30),(371,0,'2021-08-25',289),(372,0,'2020-03-13',262),(373,0,'2021-12-20',380),(374,0,'2023-02-17',437),(375,0,'2022-04-29',190),(376,0,'2023-03-09',706),(377,0,'2023-09-10',421),(378,0,'2024-01-20',987),(379,0,'2020-05-05',640),(380,0,'2022-05-12',802),(381,0,'2022-03-18',13),(382,0,'2024-05-12',917),(383,0,'2023-05-26',626),(384,0,'2020-01-30',602),(385,0,'2023-11-23',470),(386,0,'2024-07-25',810),(387,0,'2023-05-17',307),(388,0,'2023-08-22',809),(389,0,'2024-11-08',945),(390,0,'2024-12-31',393),(391,0,'2022-06-08',100),(392,0,'2022-07-27',617),(393,0,'2021-09-09',562),(394,0,'2021-08-12',777),(395,0,'2021-05-09',94),(396,0,'2021-02-06',325),(397,0,'2024-08-18',211),(398,0,'2022-10-20',409),(399,0,'2021-06-03',951),(400,0,'2020-07-03',637),(401,0,'2023-12-09',888),(402,0,'2020-09-25',821),(403,0,'2021-11-07',73),(404,0,'2024-02-07',709),(405,0,'2023-02-15',848),(406,0,'2020-09-20',978),(407,0,'2021-12-25',729),(408,0,'2020-05-14',605),(409,0,'2023-10-05',103),(410,0,'2024-12-05',491),(411,0,'2022-06-19',621),(412,0,'2023-09-15',689),(413,0,'2024-11-27',451),(414,0,'2020-04-14',809),(415,0,'2021-02-25',334),(416,0,'2020-10-19',194),(417,0,'2024-10-20',24),(418,0,'2020-02-14',73),(419,0,'2021-01-24',159),(420,0,'2020-03-22',746),(421,0,'2020-06-16',565),(422,0,'2022-05-31',52),(423,0,'2020-03-28',699),(424,0,'2023-09-04',970),(425,0,'2020-03-18',303),(426,0,'2021-03-21',743),(427,0,'2020-01-10',12),(428,0,'2023-12-28',316),(429,0,'2024-08-03',408),(430,0,'2024-01-20',757),(431,0,'2024-11-02',216),(432,0,'2024-04-30',348),(433,0,'2024-06-09',137),(434,0,'2024-09-29',969),(435,0,'2021-09-26',339),(436,0,'2022-11-15',515),(437,0,'2022-10-01',114),(438,0,'2024-04-24',408),(439,0,'2022-12-28',526),(440,0,'2022-07-25',484),(441,0,'2021-07-28',844),(442,0,'2024-02-18',319),(443,0,'2024-03-18',327),(444,0,'2023-11-29',872),(445,0,'2021-06-03',8),(446,0,'2022-08-18',95),(447,0,'2020-10-05',38),(448,0,'2020-10-13',585),(449,0,'2024-05-08',3),(450,0,'2022-01-17',999),(451,0,'2024-06-24',956),(452,0,'2022-02-24',843),(453,0,'2020-10-06',690),(454,0,'2022-12-12',474),(455,0,'2021-03-26',127),(456,0,'2023-08-03',408),(457,0,'2024-04-23',303),(458,0,'2023-10-16',471),(459,0,'2024-03-18',524),(460,0,'2024-04-30',565),(461,0,'2024-09-05',845),(462,0,'2021-07-15',793),(463,0,'2021-09-30',321),(464,0,'2020-06-08',595),(465,0,'2023-10-15',962),(466,0,'2022-12-09',768),(467,0,'2023-01-22',859),(468,0,'2022-11-05',114),(469,0,'2024-01-23',338),(470,0,'2024-08-14',442),(471,0,'2022-01-26',934),(472,0,'2023-08-21',603),(473,0,'2023-03-19',894),(474,0,'2022-09-15',965),(475,0,'2024-05-04',312),(476,0,'2022-09-06',591),(477,0,'2024-11-08',467),(478,0,'2021-06-30',547),(479,0,'2024-03-28',537),(480,0,'2021-04-28',901),(481,0,'2020-11-21',227),(482,0,'2020-08-17',415),(483,0,'2020-10-12',108),(484,0,'2020-11-13',227),(485,0,'2023-08-04',802),(486,0,'2023-07-24',54),(487,0,'2020-03-03',176),(488,0,'2021-03-08',399),(489,0,'2021-02-02',761),(490,0,'2022-05-12',808),(491,0,'2024-07-02',613),(492,0,'2020-08-23',511),(493,0,'2024-11-08',702),(494,0,'2022-12-23',205),(495,0,'2023-10-27',426),(496,0,'2022-07-15',823),(497,0,'2022-01-05',4),(498,0,'2023-01-25',605),(499,0,'2023-04-15',746),(500,0,'2020-01-21',91),(501,0,'2020-04-28',484),(502,0,'2024-12-25',269),(503,0,'2021-07-05',201),(504,0,'2021-02-02',775),(505,0,'2020-03-02',737),(506,0,'2021-06-22',432),(507,0,'2023-08-05',916),(508,0,'2022-01-04',331),(509,0,'2022-06-01',559),(510,0,'2021-06-18',993),(511,0,'2020-08-26',544),(512,0,'2023-09-08',626),(513,0,'2020-06-15',303),(514,0,'2023-03-24',650),(515,0,'2020-04-16',541),(516,0,'2021-09-18',592),(517,0,'2022-06-07',216),(518,0,'2021-02-17',3),(519,0,'2024-11-02',898),(520,0,'2020-01-28',340),(521,0,'2020-06-24',26),(522,0,'2023-02-19',398),(523,0,'2020-11-11',451),(524,0,'2020-05-15',83),(525,0,'2021-12-08',60),(526,0,'2020-02-13',655),(527,0,'2024-06-12',544),(528,0,'2024-01-04',333),(529,0,'2024-02-05',30),(530,0,'2021-10-15',777),(531,0,'2024-04-17',245),(532,0,'2023-08-18',474),(533,0,'2022-03-21',582),(534,0,'2024-11-03',146),(535,0,'2023-10-09',188),(536,0,'2021-11-20',380),(537,0,'2022-10-24',650),(538,0,'2021-12-13',28),(539,0,'2020-06-20',408),(540,0,'2020-10-26',313),(541,0,'2024-08-17',125),(542,0,'2020-06-09',315),(543,0,'2022-07-12',941),(544,0,'2023-02-21',729),(545,0,'2022-11-18',743),(546,0,'2023-09-02',348),(547,0,'2021-05-29',765),(548,0,'2022-01-06',500),(549,0,'2021-11-08',134),(550,0,'2022-09-29',54),(551,0,'2023-08-28',988),(552,0,'2021-11-24',74),(553,0,'2022-07-04',282),(554,0,'2022-06-21',512),(555,0,'2023-06-17',937),(556,0,'2024-03-26',627),(557,0,'2024-04-23',877),(558,0,'2023-05-19',268),(559,0,'2022-02-11',402),(560,0,'2022-09-24',624),(561,0,'2021-07-10',664),(562,0,'2024-07-13',649),(563,0,'2024-07-24',660),(564,0,'2021-07-11',308),(565,0,'2022-04-15',361),(566,0,'2021-10-24',481),(567,0,'2020-10-21',894),(568,0,'2023-01-19',603),(569,0,'2023-07-13',590),(570,0,'2024-11-01',845),(571,0,'2024-05-21',359),(572,0,'2022-07-13',101),(573,0,'2022-04-17',185),(574,0,'2023-09-19',9),(575,0,'2023-08-24',684),(576,0,'2020-06-13',386),(577,0,'2022-06-08',892),(578,0,'2020-08-19',852),(579,0,'2020-01-17',604),(580,0,'2020-12-03',163),(581,0,'2020-12-27',758),(582,0,'2022-11-26',264),(583,0,'2020-01-14',970),(584,0,'2021-06-07',644),(585,0,'2021-01-04',640),(586,0,'2021-10-30',451),(587,0,'2024-02-12',320),(588,0,'2020-12-09',956),(589,0,'2024-06-21',493),(590,0,'2021-03-06',965),(591,0,'2023-08-12',661),(592,0,'2023-06-09',680),(593,0,'2024-07-07',196),(594,0,'2023-11-27',847),(595,0,'2024-04-19',789),(596,0,'2024-01-27',902),(597,0,'2020-06-15',849),(598,0,'2023-08-17',899),(599,0,'2023-04-22',49),(600,0,'2023-04-15',848),(601,0,'2024-03-07',53),(602,0,'2023-10-09',903),(603,0,'2022-10-09',819),(604,0,'2022-11-14',323),(605,0,'2020-02-13',81),(606,0,'2021-11-14',836),(607,0,'2022-09-19',163),(608,0,'2020-04-17',288),(609,0,'2023-12-01',258),(610,0,'2023-12-15',880),(611,0,'2020-12-08',92),(612,0,'2024-07-22',568),(613,0,'2022-07-02',583),(614,0,'2020-04-01',254),(615,0,'2023-04-13',345),(616,0,'2020-09-19',189),(617,0,'2021-10-27',123),(618,0,'2024-08-24',659),(619,0,'2023-12-16',143),(620,0,'2023-09-23',595),(621,0,'2021-03-06',54),(622,0,'2020-05-17',551),(623,0,'2021-04-25',56),(624,0,'2020-03-19',964),(625,0,'2022-09-26',1),(626,0,'2021-03-19',325),(627,0,'2024-06-07',4),(628,0,'2020-08-19',988),(629,0,'2020-06-12',26),(630,0,'2020-02-29',700),(631,0,'2024-02-18',197),(632,0,'2021-05-31',677),(633,0,'2024-12-13',1000),(634,0,'2024-07-02',349),(635,0,'2024-10-25',928),(636,0,'2022-01-17',875),(637,0,'2022-08-10',537),(638,0,'2022-09-09',861),(639,0,'2023-03-26',201),(640,0,'2023-10-18',854),(641,0,'2020-01-04',157),(642,0,'2022-07-30',336),(643,0,'2022-05-29',612),(644,0,'2020-06-11',504),(645,0,'2021-03-17',626),(646,0,'2024-01-02',6),(647,0,'2023-07-06',748),(648,0,'2021-07-13',410),(649,0,'2020-08-06',873),(650,0,'2020-06-21',673),(651,0,'2020-08-28',150),(652,0,'2022-04-27',51),(653,0,'2022-09-16',964),(654,0,'2024-05-26',256),(655,0,'2024-06-02',995),(656,0,'2022-10-16',981),(657,0,'2022-10-02',596),(658,0,'2022-01-20',668),(659,0,'2024-08-24',308),(660,0,'2022-04-11',908),(661,0,'2024-11-10',969),(662,0,'2020-10-24',590),(663,0,'2024-01-31',743),(664,0,'2023-02-19',305),(665,0,'2024-01-01',730),(666,0,'2022-06-10',973),(667,0,'2020-10-16',350),(668,0,'2024-01-17',617),(669,0,'2021-01-01',891),(670,0,'2022-11-24',95),(671,0,'2024-08-02',184),(672,0,'2024-01-09',120),(673,0,'2020-04-05',991),(674,0,'2021-10-23',276),(675,0,'2021-05-17',293),(676,0,'2024-10-24',323),(677,0,'2020-07-13',739),(678,0,'2022-12-16',470),(679,0,'2022-10-15',198),(680,0,'2022-07-19',634),(681,0,'2021-08-07',671),(682,0,'2021-03-11',929),(683,0,'2023-06-25',140),(684,0,'2020-03-26',563),(685,0,'2023-12-08',214),(686,0,'2020-10-24',374),(687,0,'2022-11-16',176),(688,0,'2021-11-05',347),(689,0,'2022-01-04',930),(690,0,'2024-04-24',983),(691,0,'2024-02-20',918),(692,0,'2023-07-20',600),(693,0,'2020-01-12',908),(694,0,'2023-07-19',359),(695,0,'2020-07-26',610),(696,0,'2022-12-31',396),(697,0,'2023-04-01',345),(698,0,'2021-04-04',969),(699,0,'2024-01-14',942),(700,0,'2020-11-19',392),(701,0,'2020-11-30',513),(702,0,'2021-02-12',830),(703,0,'2024-12-01',145),(704,0,'2020-01-28',869),(705,0,'2022-06-16',39),(706,0,'2023-02-13',25),(707,0,'2022-05-28',167),(708,0,'2022-12-13',655),(709,0,'2023-10-18',265),(710,0,'2024-07-15',683),(711,0,'2022-08-19',858),(712,0,'2020-08-04',514),(713,0,'2021-03-15',911),(714,0,'2020-05-16',255),(715,0,'2024-06-15',662),(716,0,'2021-09-09',171),(717,0,'2023-10-18',117),(718,0,'2023-03-14',459),(719,0,'2020-09-27',85),(720,0,'2020-04-27',584),(721,0,'2023-07-23',810),(722,0,'2021-02-26',831),(723,0,'2020-01-30',976),(724,0,'2022-02-24',906),(725,0,'2020-11-01',685),(726,0,'2022-09-21',754),(727,0,'2024-05-22',481),(728,0,'2022-08-20',936),(729,0,'2020-06-23',952),(730,0,'2020-10-09',908),(731,0,'2022-07-14',887),(732,0,'2021-09-17',165),(733,0,'2020-07-01',656),(734,0,'2021-07-09',80),(735,0,'2023-05-02',534),(736,0,'2024-06-28',689),(737,0,'2024-07-19',75),(738,0,'2022-01-30',800),(739,0,'2023-04-06',388),(740,0,'2024-02-08',857),(741,0,'2021-07-19',859),(742,0,'2021-10-04',507),(743,0,'2020-12-07',913),(744,0,'2024-02-11',69),(745,0,'2024-11-27',152),(746,0,'2020-01-12',541),(747,0,'2022-04-08',403),(748,0,'2024-06-29',683),(749,0,'2021-10-25',403),(750,0,'2021-04-14',838),(751,0,'2020-02-14',671),(752,0,'2024-03-15',773),(753,0,'2024-02-04',884),(754,0,'2020-09-28',246),(755,0,'2024-04-27',393),(756,0,'2022-09-03',374),(757,0,'2023-01-06',536),(758,0,'2023-05-28',509),(759,0,'2020-07-08',91),(760,0,'2023-08-27',169),(761,0,'2020-09-26',193),(762,0,'2022-05-18',358),(763,0,'2020-01-02',640),(764,0,'2023-04-13',883),(765,0,'2020-06-22',504),(766,0,'2020-06-12',843),(767,0,'2020-04-17',8),(768,0,'2021-06-10',626),(769,0,'2021-02-19',47),(770,0,'2023-06-04',756),(771,0,'2023-05-30',933),(772,0,'2023-08-11',347),(773,0,'2022-07-04',173),(774,0,'2020-07-01',177),(775,0,'2023-02-05',738),(776,0,'2024-03-04',415),(777,0,'2020-02-24',393),(778,0,'2020-04-12',620),(779,0,'2022-04-11',92),(780,0,'2024-05-04',82),(781,0,'2021-09-07',264),(782,0,'2020-06-20',890),(783,0,'2024-04-11',840),(784,0,'2020-12-11',51),(785,0,'2024-12-29',876),(786,0,'2020-11-18',609),(787,0,'2022-02-08',244),(788,0,'2023-09-19',86),(789,0,'2020-12-02',946),(790,0,'2024-10-02',864),(791,0,'2021-06-14',107),(792,0,'2021-04-11',871),(793,0,'2023-12-07',55),(794,0,'2024-07-20',334),(795,0,'2024-12-21',818),(796,0,'2021-10-31',154),(797,0,'2024-10-30',923),(798,0,'2021-11-10',541),(799,0,'2022-11-10',139),(800,0,'2022-10-07',41),(801,0,'2024-01-23',792),(802,0,'2022-06-05',404),(803,0,'2024-06-21',464),(804,0,'2021-04-27',195),(805,0,'2023-09-24',24),(806,0,'2024-09-23',92),(807,0,'2023-07-10',801),(808,0,'2020-05-20',499),(809,0,'2021-08-21',528),(810,0,'2020-08-10',150),(811,0,'2021-03-01',20),(812,0,'2022-02-23',86),(813,0,'2023-03-07',448),(814,0,'2022-08-15',616),(815,0,'2024-09-05',600),(816,0,'2024-12-07',63),(817,0,'2023-09-21',109),(818,0,'2020-06-22',637),(819,0,'2021-01-05',218),(820,0,'2023-04-22',257),(821,0,'2020-05-26',419),(822,0,'2024-12-20',355),(823,0,'2020-04-01',660),(824,0,'2022-05-21',962),(825,0,'2022-05-31',585),(826,0,'2023-12-06',980),(827,0,'2024-06-06',286),(828,0,'2020-02-17',357),(829,0,'2020-02-24',603),(830,0,'2023-10-31',581),(831,0,'2022-08-23',95),(832,0,'2020-12-23',370),(833,0,'2023-10-06',85),(834,0,'2022-10-16',390),(835,0,'2024-05-26',606),(836,0,'2021-06-03',508),(837,0,'2020-10-30',223),(838,0,'2020-07-03',189),(839,0,'2020-02-04',475),(840,0,'2023-04-19',809),(841,0,'2024-01-25',92),(842,0,'2020-01-01',96),(843,0,'2023-10-07',272),(844,0,'2020-02-22',992),(845,0,'2023-07-27',116),(846,0,'2024-04-14',900),(847,0,'2021-05-09',562),(848,0,'2020-11-01',585),(849,0,'2020-09-14',644),(850,0,'2023-05-11',212),(851,0,'2020-12-09',672),(852,0,'2024-04-02',919),(853,0,'2022-05-06',763),(854,0,'2022-06-08',778),(855,0,'2021-07-07',626),(856,0,'2020-09-04',957),(857,0,'2022-08-19',488),(858,0,'2023-04-08',176),(859,0,'2020-06-15',617),(860,0,'2023-12-16',967),(861,0,'2024-10-21',214),(862,0,'2024-05-28',844),(863,0,'2024-05-11',696),(864,0,'2021-01-08',857),(865,0,'2023-04-07',561),(866,0,'2020-04-14',783),(867,0,'2024-06-23',557),(868,0,'2022-08-22',855),(869,0,'2022-09-23',516),(870,0,'2022-09-14',1000),(871,0,'2021-08-03',690),(872,0,'2023-03-15',279),(873,0,'2021-12-26',818),(874,0,'2021-08-29',457),(875,0,'2022-03-30',1),(876,0,'2022-12-25',222),(877,0,'2024-02-17',204),(878,0,'2022-01-14',377),(879,0,'2020-02-12',622),(880,0,'2020-10-24',473),(881,0,'2020-02-07',41),(882,0,'2023-06-28',373),(883,0,'2022-09-10',183),(884,0,'2021-05-01',606),(885,0,'2021-04-16',714),(886,0,'2022-06-04',850),(887,0,'2020-08-17',856),(888,0,'2020-01-13',513),(889,0,'2024-02-13',12),(890,0,'2024-03-19',607),(891,0,'2021-01-16',243),(892,0,'2021-10-12',545),(893,0,'2024-01-05',592),(894,0,'2024-03-10',691),(895,0,'2024-03-28',705),(896,0,'2024-10-29',847),(897,0,'2021-05-03',167),(898,0,'2023-08-30',86),(899,0,'2022-08-26',98),(900,0,'2022-12-10',878),(901,0,'2023-06-10',233),(902,0,'2024-09-11',413),(903,0,'2023-04-27',648),(904,0,'2022-10-21',545),(905,0,'2021-06-27',561),(906,0,'2023-09-05',993),(907,0,'2024-09-14',534),(908,0,'2021-08-01',963),(909,0,'2024-03-02',368),(910,0,'2021-10-07',292),(911,0,'2022-11-26',524),(912,0,'2022-07-13',105),(913,0,'2024-12-12',227),(914,0,'2022-05-29',704),(915,0,'2021-06-28',142),(916,0,'2023-01-17',709),(917,0,'2023-05-13',977),(918,0,'2021-11-28',853),(919,0,'2022-10-20',546),(920,0,'2022-09-06',141),(921,0,'2021-09-27',588),(922,0,'2023-02-10',782),(923,0,'2022-03-15',739),(924,0,'2021-11-01',274),(925,0,'2022-05-16',294),(926,0,'2020-09-20',914),(927,0,'2021-02-25',98),(928,0,'2024-12-16',362),(929,0,'2020-05-05',309),(930,0,'2022-06-01',284),(931,0,'2022-06-28',428),(932,0,'2022-11-24',374),(933,0,'2024-07-06',379),(934,0,'2020-02-03',535),(935,0,'2024-11-17',308),(936,0,'2024-04-14',545),(937,0,'2022-09-09',636),(938,0,'2023-01-14',922),(939,0,'2023-09-20',42),(940,0,'2021-08-19',6),(941,0,'2020-06-18',171),(942,0,'2023-07-09',125),(943,0,'2024-09-16',290),(944,0,'2023-12-03',559),(945,0,'2022-02-16',780),(946,0,'2020-05-21',418),(947,0,'2022-07-31',93),(948,0,'2021-11-23',425),(949,0,'2024-06-19',240),(950,0,'2024-03-04',929),(951,0,'2021-04-15',625),(952,0,'2020-10-05',94),(953,0,'2023-10-29',603),(954,0,'2021-08-26',347),(955,0,'2022-12-26',666),(956,0,'2023-05-27',622),(957,0,'2021-09-08',466),(958,0,'2023-03-25',890),(959,0,'2022-09-09',185),(960,0,'2021-11-07',900),(961,0,'2021-08-10',937),(962,0,'2020-07-20',659),(963,0,'2022-05-28',161),(964,0,'2020-04-19',872),(965,0,'2022-08-17',197),(966,0,'2022-12-07',869),(967,0,'2020-03-14',136),(968,0,'2023-05-18',323),(969,0,'2021-09-15',866),(970,0,'2021-04-30',73),(971,0,'2021-05-25',876),(972,0,'2024-10-18',734),(973,0,'2021-12-18',460),(974,0,'2020-05-09',512),(975,0,'2021-06-15',323),(976,0,'2020-12-31',413),(977,0,'2024-05-31',799),(978,0,'2024-02-17',743),(979,0,'2021-02-27',186),(980,0,'2022-01-24',338),(981,0,'2024-08-09',654),(982,0,'2021-03-02',388),(983,0,'2020-07-13',160),(984,0,'2022-08-02',800),(985,0,'2023-07-04',326),(986,0,'2020-09-18',693),(987,0,'2020-12-01',844),(988,0,'2023-01-27',353),(989,0,'2023-06-23',55),(990,0,'2023-03-14',580),(991,0,'2020-07-21',741),(992,0,'2022-03-07',418),(993,0,'2021-09-02',236),(994,0,'2020-01-22',306),(995,0,'2021-11-26',628),(996,0,'2020-12-13',827),(997,0,'2023-06-13',683),(998,0,'2022-02-21',347),(999,0,'2023-01-01',812),(1000,0,'2022-10-20',998);
/*!40000 ALTER TABLE `premia` ENABLE KEYS */;
UNLOCK TABLES;

--
-- Table structure for table `stanowisko`
--

DROP TABLE IF EXISTS `stanowisko`;
/*!40101 SET @saved_cs_client     = @@character_set_client */;
/*!40101 SET character_set_client = utf8 */;
CREATE TABLE `stanowisko` (
  `id` int(11) NOT NULL AUTO_INCREMENT,
  `nazwa` varchar(50) NOT NULL,
  `id_grupa` int(11) DEFAULT NULL,
  PRIMARY KEY (`id`),
  KEY `id_grupa` (`id_grupa`),
  CONSTRAINT `stanowisko_ibfk_1` FOREIGN KEY (`id_grupa`) REFERENCES `grupa` (`id`)
) ENGINE=InnoDB AUTO_INCREMENT=1001 DEFAULT CHARSET=utf8mb4 COLLATE=utf8mb4_general_ci;
/*!40101 SET character_set_client = @saved_cs_client */;

--
-- Dumping data for table `stanowisko`
--

LOCK TABLES `stanowisko` WRITE;
/*!40000 ALTER TABLE `stanowisko` DISABLE KEYS */;
INSERT INTO `stanowisko` VALUES (1,'Social Worker',621),(2,'Project Manager',486),(3,'Developer I',361),(4,'Graphic Designer',67),(5,'Recruiting Manager',587),(6,'Accountant II',998),(7,'Assistant Media Planner',442),(8,'Marketing Manager',865),(9,'Technical Writer',566),(10,'Nuclear Power Engineer',107),(11,'Senior Editor',687),(12,'Biostatistician IV',326),(13,'Payment Adjustment Coordinator',99),(14,'Nurse Practicioner',425),(15,'Office Assistant IV',803),(16,'Programmer Analyst I',558),(17,'Health Coach IV',485),(18,'Professor',609),(19,'Electrical Engineer',396),(20,'Cost Accountant',15),(21,'Recruiting Manager',558),(22,'Graphic Designer',466),(23,'Nurse',892),(24,'Media Manager II',413),(25,'Software Test Engineer III',469),(26,'Assistant Professor',31),(27,'Civil Engineer',127),(28,'Research Associate',182),(29,'Safety Technician IV',934),(30,'Staff Accountant II',54),(31,'Administrative Assistant I',164),(32,'Electrical Engineer',939),(33,'Biostatistician I',18),(34,'Account Coordinator',1000),(35,'Health Coach II',898),(36,'Project Manager',224),(37,'Recruiter',251),(38,'Tax Accountant',167),(39,'Accounting Assistant II',854),(40,'Data Coordinator',847),(41,'Programmer Analyst II',998),(42,'Financial Advisor',586),(43,'Sales Representative',941),(44,'Junior Executive',652),(45,'Developer I',60),(46,'Software Consultant',219),(47,'Accountant IV',705),(48,'Automation Specialist I',316),(49,'Staff Scientist',731),(50,'Editor',73),(51,'Senior Cost Accountant',789),(52,'Staff Scientist',361),(53,'Dental Hygienist',749),(54,'Software Consultant',880),(55,'Operator',858),(56,'Food Chemist',385),(57,'Quality Control Specialist',52),(58,'Environmental Tech',463),(59,'Mechanical Systems Engineer',990),(60,'Librarian',492),(61,'Analog Circuit Design manager',438),(62,'Structural Analysis Engineer',747),(63,'Social Worker',303),(64,'Financial Advisor',10),(65,'Community Outreach Specialist',538),(66,'Occupational Therapist',147),(67,'Sales Representative',369),(68,'Business Systems Development Analyst',906),(69,'Software Consultant',321),(70,'Software Test Engineer II',722),(71,'Senior Editor',574),(72,'Social Worker',649),(73,'Research Assistant IV',13),(74,'Executive Secretary',610),(75,'Web Developer III',380),(76,'Software Test Engineer II',630),(77,'Tax Accountant',343),(78,'Speech Pathologist',401),(79,'Occupational Therapist',716),(80,'Accounting Assistant III',999),(81,'Quality Control Specialist',844),(82,'Analyst Programmer',3),(83,'Assistant Manager',495),(84,'Product Engineer',351),(85,'Biostatistician IV',198),(86,'Staff Accountant II',598),(87,'Project Manager',141),(88,'Accountant III',47),(89,'Human Resources Assistant II',331),(90,'Financial Advisor',47),(91,'Software Consultant',874),(92,'Financial Analyst',407),(93,'Senior Quality Engineer',212),(94,'Assistant Manager',100),(95,'GIS Technical Architect',454),(96,'Database Administrator II',866),(97,'Marketing Assistant',362),(98,'Mechanical Systems Engineer',73),(99,'Occupational Therapist',579),(100,'Research Associate',874),(101,'Librarian',606),(102,'Sales Associate',10),(103,'Paralegal',577),(104,'Assistant Manager',581),(105,'Assistant Manager',706),(106,'Dental Hygienist',204),(107,'Community Outreach Specialist',602),(108,'Quality Engineer',122),(109,'Business Systems Development Analyst',201),(110,'Media Manager I',185),(111,'Civil Engineer',785),(112,'Analog Circuit Design manager',827),(113,'Sales Associate',317),(114,'Research Nurse',542),(115,'Director of Sales',722),(116,'Paralegal',621),(117,'General Manager',42),(118,'Design Engineer',867),(119,'Recruiter',244),(120,'Tax Accountant',260),(121,'Professor',86),(122,'Product Engineer',268),(123,'Librarian',58),(124,'Staff Accountant II',372),(125,'Software Consultant',221),(126,'Senior Financial Analyst',746),(127,'Mechanical Systems Engineer',167),(128,'Internal Auditor',385),(129,'Automation Specialist I',732),(130,'Marketing Assistant',867),(131,'Programmer Analyst I',562),(132,'Account Executive',314),(133,'Operator',146),(134,'Chemical Engineer',385),(135,'Quality Control Specialist',355),(136,'Programmer Analyst III',915),(137,'Computer Systems Analyst II',701),(138,'Compensation Analyst',320),(139,'Business Systems Development Analyst',561),(140,'Automation Specialist III',32),(141,'Physical Therapy Assistant',664),(142,'Safety Technician IV',604),(143,'Accountant IV',4),(144,'Product Engineer',44),(145,'Clinical Specialist',165),(146,'Executive Secretary',495),(147,'Staff Scientist',94),(148,'Human Resources Assistant I',15),(149,'Structural Analysis Engineer',539),(150,'Financial Analyst',316),(151,'Business Systems Development Analyst',337),(152,'Nurse',180),(153,'VP Sales',94),(154,'Data Coordinator',14),(155,'Automation Specialist I',635),(156,'VP Quality Control',456),(157,'Registered Nurse',365),(158,'Office Assistant IV',754),(159,'Recruiter',109),(160,'Research Associate',93),(161,'Executive Secretary',696),(162,'Payment Adjustment Coordinator',187),(163,'Nurse',501),(164,'VP Sales',990),(165,'Nuclear Power Engineer',834),(166,'Senior Editor',233),(167,'Operator',563),(168,'GIS Technical Architect',102),(169,'Account Coordinator',658),(170,'Senior Editor',544),(171,'Research Associate',638),(172,'GIS Technical Architect',35),(173,'Web Developer II',866),(174,'Business Systems Development Analyst',97),(175,'Community Outreach Specialist',578),(176,'Programmer Analyst III',445),(177,'Dental Hygienist',676),(178,'Quality Control Specialist',880),(179,'Civil Engineer',457),(180,'Software Consultant',370),(181,'VP Quality Control',883),(182,'Physical Therapy Assistant',737),(183,'Budget/Accounting Analyst IV',232),(184,'Software Test Engineer I',898),(185,'Legal Assistant',65),(186,'Assistant Professor',717),(187,'Product Engineer',132),(188,'Senior Developer',452),(189,'Assistant Manager',407),(190,'Professor',403),(191,'Staff Accountant III',776),(192,'Office Assistant I',452),(193,'Accounting Assistant II',929),(194,'Budget/Accounting Analyst IV',991),(195,'Speech Pathologist',339),(196,'Senior Editor',973),(197,'Nurse Practicioner',738),(198,'Research Nurse',248),(199,'Environmental Specialist',195),(200,'Web Developer IV',815),(201,'Budget/Accounting Analyst IV',107),(202,'Account Representative II',176),(203,'Community Outreach Specialist',477),(204,'Programmer Analyst I',678),(205,'Paralegal',991),(206,'Sales Associate',558),(207,'Social Worker',708),(208,'Office Assistant II',951),(209,'Marketing Manager',833),(210,'Human Resources Assistant II',862),(211,'Mechanical Systems Engineer',54),(212,'Senior Cost Accountant',547),(213,'Nurse',825),(214,'Research Nurse',522),(215,'Nuclear Power Engineer',48),(216,'Software Consultant',528),(217,'Librarian',518),(218,'Environmental Tech',289),(219,'Actuary',368),(220,'Business Systems Development Analyst',578),(221,'Structural Analysis Engineer',651),(222,'Geologist IV',489),(223,'Internal Auditor',843),(224,'Legal Assistant',116),(225,'Project Manager',326),(226,'Food Chemist',540),(227,'Database Administrator I',82),(228,'Chemical Engineer',240),(229,'Occupational Therapist',144),(230,'Office Assistant II',321),(231,'Safety Technician I',368),(232,'Occupational Therapist',220),(233,'Electrical Engineer',231),(234,'Analog Circuit Design manager',712),(235,'Desktop Support Technician',239),(236,'Project Manager',924),(237,'GIS Technical Architect',154),(238,'Software Test Engineer IV',279),(239,'Senior Editor',184),(240,'Marketing Assistant',781),(241,'Analog Circuit Design manager',304),(242,'Administrative Assistant I',245),(243,'Office Assistant I',825),(244,'Quality Control Specialist',951),(245,'Technical Writer',833),(246,'Paralegal',125),(247,'Sales Representative',504),(248,'Automation Specialist I',453),(249,'Staff Accountant II',703),(250,'VP Sales',897),(251,'Project Manager',164),(252,'Administrative Assistant III',966),(253,'Teacher',165),(254,'Assistant Media Planner',61),(255,'Programmer IV',882),(256,'Product Engineer',345),(257,'Programmer II',134),(258,'Health Coach III',897),(259,'Research Nurse',133),(260,'Food Chemist',368),(261,'Teacher',411),(262,'Project Manager',813),(263,'Office Assistant IV',596),(264,'Senior Sales Associate',956),(265,'Software Test Engineer I',216),(266,'Compensation Analyst',369),(267,'Nurse Practicioner',24),(268,'Food Chemist',956),(269,'Operator',132),(270,'Professor',978),(271,'Director of Sales',73),(272,'Tax Accountant',109),(273,'Nurse',885),(274,'Compensation Analyst',772),(275,'Nurse Practicioner',736),(276,'Occupational Therapist',198),(277,'Staff Accountant IV',747),(278,'Compensation Analyst',619),(279,'General Manager',905),(280,'Senior Sales Associate',864),(281,'Health Coach I',516),(282,'Automation Specialist III',784),(283,'Programmer III',222),(284,'Assistant Manager',603),(285,'Internal Auditor',478),(286,'Assistant Professor',784),(287,'Physical Therapy Assistant',615),(288,'Nurse',124),(289,'General Manager',602),(290,'Web Designer IV',895),(291,'Social Worker',12),(292,'Business Systems Development Analyst',531),(293,'Database Administrator IV',258),(294,'Sales Representative',783),(295,'Clinical Specialist',502),(296,'Quality Engineer',435),(297,'Human Resources Assistant I',951),(298,'General Manager',878),(299,'Structural Engineer',335),(300,'Information Systems Manager',775),(301,'Biostatistician II',650),(302,'Research Nurse',868),(303,'Analyst Programmer',874),(304,'Research Assistant III',526),(305,'VP Marketing',373),(306,'Design Engineer',606),(307,'Senior Financial Analyst',855),(308,'Media Manager IV',153),(309,'Biostatistician I',394),(310,'Paralegal',34),(311,'Web Developer III',131),(312,'Engineer III',786),(313,'Automation Specialist III',261),(314,'Help Desk Technician',953),(315,'Safety Technician II',572),(316,'Speech Pathologist',999),(317,'Civil Engineer',453),(318,'Physical Therapy Assistant',465),(319,'Human Resources Assistant IV',32),(320,'Marketing Assistant',77),(321,'Speech Pathologist',864),(322,'VP Quality Control',584),(323,'Dental Hygienist',410),(324,'Food Chemist',312),(325,'Environmental Tech',295),(326,'Geological Engineer',178),(327,'Marketing Manager',37),(328,'Budget/Accounting Analyst III',321),(329,'Professor',718),(330,'Food Chemist',591),(331,'Registered Nurse',510),(332,'Technical Writer',669),(333,'Senior Quality Engineer',545),(334,'Software Engineer II',678),(335,'Civil Engineer',666),(336,'Professor',580),(337,'Chemical Engineer',493),(338,'Staff Scientist',626),(339,'Nuclear Power Engineer',539),(340,'GIS Technical Architect',795),(341,'Assistant Professor',433),(342,'Environmental Tech',216),(343,'Professor',874),(344,'VP Marketing',360),(345,'Account Coordinator',307),(346,'VP Product Management',841),(347,'Food Chemist',523),(348,'Marketing Assistant',682),(349,'VP Marketing',574),(350,'VP Product Management',649),(351,'Analyst Programmer',30),(352,'Social Worker',970),(353,'Accounting Assistant II',781),(354,'Analyst Programmer',694),(355,'Senior Cost Accountant',370),(356,'Sales Representative',152),(357,'Teacher',26),(358,'Engineer III',911),(359,'Structural Engineer',452),(360,'Payment Adjustment Coordinator',228),(361,'Chemical Engineer',784),(362,'Help Desk Operator',564),(363,'Operator',13),(364,'Assistant Professor',407),(365,'Web Developer IV',410),(366,'Occupational Therapist',646),(367,'Geologist IV',849),(368,'Dental Hygienist',473),(369,'Assistant Manager',209),(370,'Health Coach IV',657),(371,'Design Engineer',750),(372,'Senior Financial Analyst',252),(373,'Accountant IV',919),(374,'Data Coordinator',178),(375,'Nurse Practicioner',89),(376,'Financial Analyst',164),(377,'Legal Assistant',206),(378,'Assistant Media Planner',857),(379,'Product Engineer',708),(380,'Web Designer I',835),(381,'Speech Pathologist',967),(382,'Analyst Programmer',257),(383,'Structural Analysis Engineer',510),(384,'Structural Analysis Engineer',311),(385,'VP Marketing',563),(386,'Environmental Tech',20),(387,'Teacher',5),(388,'Budget/Accounting Analyst IV',582),(389,'Product Engineer',961),(390,'Structural Analysis Engineer',599),(391,'Nurse',485),(392,'Project Manager',585),(393,'Database Administrator I',730),(394,'Junior Executive',386),(395,'Electrical Engineer',191),(396,'Quality Engineer',983),(397,'Software Engineer IV',265),(398,'Financial Advisor',465),(399,'Teacher',230),(400,'Structural Engineer',883),(401,'Health Coach II',97),(402,'Structural Engineer',612),(403,'Safety Technician IV',4),(404,'Compensation Analyst',574),(405,'Senior Quality Engineer',736),(406,'Nurse',229),(407,'Junior Executive',21),(408,'Environmental Specialist',560),(409,'Electrical Engineer',553),(410,'Software Consultant',397),(411,'Systems Administrator II',265),(412,'Biostatistician III',760),(413,'Director of Sales',112),(414,'Administrative Assistant I',135),(415,'Sales Representative',201),(416,'Professor',700),(417,'Teacher',190),(418,'Nurse Practicioner',677),(419,'Assistant Professor',22),(420,'Electrical Engineer',298),(421,'Geologist II',795),(422,'Associate Professor',87),(423,'Graphic Designer',673),(424,'Librarian',878),(425,'Occupational Therapist',531),(426,'Chemical Engineer',911),(427,'Senior Quality Engineer',632),(428,'Senior Financial Analyst',670),(429,'Marketing Manager',71),(430,'Automation Specialist II',703),(431,'Systems Administrator I',728),(432,'Pharmacist',105),(433,'Recruiting Manager',393),(434,'VP Sales',39),(435,'Office Assistant III',65),(436,'Developer III',142),(437,'Geologist IV',789),(438,'Civil Engineer',150),(439,'Recruiter',44),(440,'Statistician II',912),(441,'Marketing Assistant',50),(442,'Marketing Manager',451),(443,'Accounting Assistant I',461),(444,'Payment Adjustment Coordinator',871),(445,'Biostatistician III',862),(446,'Registered Nurse',311),(447,'Actuary',560),(448,'Developer I',785),(449,'Administrative Officer',151),(450,'Database Administrator I',261),(451,'Office Assistant IV',829),(452,'Technical Writer',763),(453,'Administrative Assistant IV',598),(454,'Information Systems Manager',929),(455,'Legal Assistant',666),(456,'Director of Sales',217),(457,'VP Product Management',170),(458,'VP Quality Control',639),(459,'Software Engineer IV',87),(460,'Editor',968),(461,'Analog Circuit Design manager',155),(462,'Nuclear Power Engineer',725),(463,'Assistant Manager',668),(464,'Graphic Designer',398),(465,'Director of Sales',967),(466,'Structural Engineer',457),(467,'Mechanical Systems Engineer',62),(468,'Structural Analysis Engineer',442),(469,'Structural Analysis Engineer',104),(470,'Compensation Analyst',512),(471,'Social Worker',187),(472,'Chemical Engineer',580),(473,'Occupational Therapist',401),(474,'Financial Advisor',728),(475,'Marketing Manager',668),(476,'Chief Design Engineer',285),(477,'Programmer Analyst I',636),(478,'Statistician IV',357),(479,'Software Consultant',764),(480,'Software Engineer III',112),(481,'Actuary',840),(482,'Web Developer IV',481),(483,'Registered Nurse',544),(484,'Community Outreach Specialist',904),(485,'Staff Accountant II',264),(486,'Quality Engineer',745),(487,'Research Nurse',586),(488,'Software Test Engineer II',86),(489,'Nuclear Power Engineer',627),(490,'Payment Adjustment Coordinator',684),(491,'Social Worker',386),(492,'Marketing Assistant',727),(493,'Physical Therapy Assistant',136),(494,'Speech Pathologist',553),(495,'Analyst Programmer',754),(496,'Accountant III',44),(497,'Professor',657),(498,'Desktop Support Technician',529),(499,'Programmer Analyst III',205),(500,'Financial Analyst',988),(501,'Assistant Media Planner',528),(502,'VP Sales',432),(503,'Administrative Assistant I',322),(504,'Assistant Professor',438),(505,'Quality Engineer',749),(506,'Tax Accountant',832),(507,'Health Coach IV',85),(508,'Geological Engineer',668),(509,'Software Consultant',329),(510,'Food Chemist',819),(511,'GIS Technical Architect',7),(512,'Senior Editor',849),(513,'Assistant Professor',764),(514,'VP Quality Control',135),(515,'Payment Adjustment Coordinator',792),(516,'Tax Accountant',478),(517,'Recruiter',96),(518,'Engineer IV',586),(519,'Environmental Specialist',33),(520,'Assistant Media Planner',140),(521,'Mechanical Systems Engineer',262),(522,'Staff Accountant II',643),(523,'Professor',55),(524,'Mechanical Systems Engineer',364),(525,'Marketing Assistant',770),(526,'VP Marketing',236),(527,'Computer Systems Analyst IV',822),(528,'Account Executive',145),(529,'Account Representative III',826),(530,'Occupational Therapist',590),(531,'VP Sales',407),(532,'Biostatistician IV',400),(533,'Teacher',384),(534,'Account Representative III',238),(535,'VP Accounting',341),(536,'Assistant Media Planner',742),(537,'Research Assistant II',336),(538,'Physical Therapy Assistant',237),(539,'Web Developer I',679),(540,'Research Assistant III',895),(541,'Engineer IV',728),(542,'Programmer II',620),(543,'Senior Sales Associate',608),(544,'Web Developer I',779),(545,'Sales Representative',34),(546,'Systems Administrator IV',288),(547,'Associate Professor',77),(548,'Marketing Assistant',638),(549,'General Manager',765),(550,'Database Administrator III',957),(551,'Actuary',923),(552,'Actuary',358),(553,'Recruiter',134),(554,'Budget/Accounting Analyst I',730),(555,'Data Coordinator',236),(556,'Actuary',855),(557,'Financial Advisor',756),(558,'Administrative Officer',279),(559,'Mechanical Systems Engineer',897),(560,'Database Administrator I',109),(561,'VP Accounting',585),(562,'Senior Financial Analyst',307),(563,'Geologist IV',358),(564,'Technical Writer',105),(565,'Project Manager',715),(566,'Web Developer I',821),(567,'Environmental Specialist',34),(568,'Speech Pathologist',463),(569,'Clinical Specialist',29),(570,'Junior Executive',612),(571,'Automation Specialist IV',494),(572,'Speech Pathologist',113),(573,'Compensation Analyst',984),(574,'Marketing Assistant',20),(575,'GIS Technical Architect',973),(576,'Senior Cost Accountant',269),(577,'Assistant Media Planner',535),(578,'Senior Editor',713),(579,'Structural Engineer',956),(580,'Chief Design Engineer',892),(581,'Help Desk Technician',24),(582,'Senior Quality Engineer',506),(583,'Data Coordinator',377),(584,'Accountant IV',488),(585,'Account Executive',875),(586,'Accountant I',290),(587,'Senior Developer',947),(588,'Registered Nurse',825),(589,'Compensation Analyst',584),(590,'Accountant III',838),(591,'Geological Engineer',823),(592,'Professor',623),(593,'Technical Writer',466),(594,'Cost Accountant',411),(595,'Registered Nurse',632),(596,'Safety Technician III',343),(597,'Internal Auditor',929),(598,'VP Accounting',666),(599,'Director of Sales',977),(600,'Speech Pathologist',786),(601,'Administrative Assistant I',537),(602,'Environmental Specialist',410),(603,'Automation Specialist IV',959),(604,'Internal Auditor',391),(605,'Teacher',356),(606,'Quality Control Specialist',957),(607,'Electrical Engineer',580),(608,'Recruiting Manager',393),(609,'Product Engineer',470),(610,'Desktop Support Technician',559),(611,'Dental Hygienist',950),(612,'Chemical Engineer',608),(613,'Software Engineer IV',820),(614,'Executive Secretary',578),(615,'Registered Nurse',173),(616,'Help Desk Operator',274),(617,'Paralegal',555),(618,'Programmer III',449),(619,'Help Desk Operator',574),(620,'Research Nurse',968),(621,'Web Designer IV',622),(622,'Administrative Officer',112),(623,'Office Assistant IV',852),(624,'Engineer III',538),(625,'VP Accounting',489),(626,'Administrative Officer',400),(627,'Assistant Professor',886),(628,'Technical Writer',412),(629,'Automation Specialist II',118),(630,'Electrical Engineer',724),(631,'VP Sales',583),(632,'VP Quality Control',265),(633,'Senior Cost Accountant',380),(634,'Computer Systems Analyst II',111),(635,'Design Engineer',643),(636,'Tax Accountant',439),(637,'Structural Engineer',634),(638,'Sales Associate',43),(639,'VP Marketing',672),(640,'Computer Systems Analyst III',301),(641,'Sales Associate',949),(642,'Graphic Designer',461),(643,'Quality Control Specialist',47),(644,'Paralegal',628),(645,'Director of Sales',577),(646,'Marketing Manager',969),(647,'Administrative Assistant IV',280),(648,'Web Developer IV',319),(649,'Information Systems Manager',989),(650,'Dental Hygienist',934),(651,'Occupational Therapist',46),(652,'Accounting Assistant II',587),(653,'Tax Accountant',328),(654,'Environmental Specialist',481),(655,'Tax Accountant',351),(656,'Business Systems Development Analyst',741),(657,'Senior Cost Accountant',251),(658,'Editor',84),(659,'Quality Control Specialist',392),(660,'Compensation Analyst',260),(661,'Staff Accountant II',691),(662,'Senior Financial Analyst',730),(663,'General Manager',353),(664,'Programmer III',206),(665,'Chief Design Engineer',707),(666,'Automation Specialist I',397),(667,'Structural Analysis Engineer',806),(668,'VP Marketing',181),(669,'Staff Scientist',470),(670,'Systems Administrator I',246),(671,'Geological Engineer',803),(672,'Software Test Engineer III',30),(673,'Senior Sales Associate',963),(674,'Programmer Analyst I',482),(675,'Sales Representative',16),(676,'Senior Quality Engineer',873),(677,'Community Outreach Specialist',225),(678,'Director of Sales',71),(679,'Senior Developer',156),(680,'Director of Sales',824),(681,'Senior Financial Analyst',265),(682,'Editor',730),(683,'Chemical Engineer',356),(684,'Quality Engineer',514),(685,'Marketing Assistant',181),(686,'Tax Accountant',923),(687,'Human Resources Manager',624),(688,'Community Outreach Specialist',137),(689,'Mechanical Systems Engineer',843),(690,'Cost Accountant',335),(691,'Health Coach II',44),(692,'VP Sales',984),(693,'Web Designer III',828),(694,'Structural Engineer',570),(695,'Sales Representative',821),(696,'Information Systems Manager',436),(697,'Assistant Manager',216),(698,'VP Quality Control',680),(699,'Cost Accountant',509),(700,'Food Chemist',239),(701,'Tax Accountant',751),(702,'Senior Developer',683),(703,'Senior Editor',927),(704,'Physical Therapy Assistant',259),(705,'Civil Engineer',1000),(706,'Financial Analyst',814),(707,'Mechanical Systems Engineer',384),(708,'Chemical Engineer',91),(709,'Mechanical Systems Engineer',77),(710,'Senior Quality Engineer',653),(711,'Sales Representative',523),(712,'Software Test Engineer I',165),(713,'Clinical Specialist',320),(714,'Database Administrator I',441),(715,'General Manager',685),(716,'Administrative Assistant II',653),(717,'Data Coordinator',788),(718,'Dental Hygienist',500),(719,'Senior Editor',593),(720,'Associate Professor',884),(721,'Nurse',988),(722,'Geologist II',589),(723,'Software Consultant',862),(724,'Office Assistant I',167),(725,'Senior Cost Accountant',406),(726,'Information Systems Manager',884),(727,'Information Systems Manager',765),(728,'Media Manager III',167),(729,'Engineer III',622),(730,'GIS Technical Architect',910),(731,'Pharmacist',656),(732,'Technical Writer',489),(733,'Teacher',961),(734,'Structural Engineer',343),(735,'Clinical Specialist',731),(736,'Software Engineer III',71),(737,'Librarian',587),(738,'Account Representative II',975),(739,'Executive Secretary',669),(740,'Senior Sales Associate',223),(741,'Executive Secretary',759),(742,'Environmental Specialist',307),(743,'Sales Associate',414),(744,'Senior Editor',256),(745,'Web Designer II',281),(746,'Environmental Tech',458),(747,'Biostatistician I',998),(748,'Information Systems Manager',711),(749,'Account Coordinator',220),(750,'Recruiting Manager',177),(751,'Compensation Analyst',225),(752,'Product Engineer',720),(753,'Nurse',501),(754,'Safety Technician IV',700),(755,'Associate Professor',41),(756,'Biostatistician IV',104),(757,'Software Test Engineer IV',988),(758,'Quality Control Specialist',489),(759,'Statistician IV',711),(760,'Developer III',573),(761,'Research Assistant IV',405),(762,'Nurse',206),(763,'GIS Technical Architect',505),(764,'Database Administrator I',201),(765,'Automation Specialist II',188),(766,'Senior Financial Analyst',779),(767,'Compensation Analyst',914),(768,'Food Chemist',569),(769,'Marketing Manager',26),(770,'Chemical Engineer',576),(771,'Internal Auditor',99),(772,'Recruiting Manager',55),(773,'Compensation Analyst',190),(774,'Software Test Engineer IV',14),(775,'Budget/Accounting Analyst III',183),(776,'Environmental Specialist',906),(777,'Project Manager',334),(778,'Account Executive',225),(779,'Speech Pathologist',471),(780,'Safety Technician II',987),(781,'Design Engineer',445),(782,'Graphic Designer',609),(783,'Statistician II',817),(784,'Business Systems Development Analyst',152),(785,'Senior Quality Engineer',493),(786,'Developer III',633),(787,'Structural Engineer',831),(788,'Operator',568),(789,'Assistant Manager',700),(790,'Data Coordinator',680),(791,'Recruiter',88),(792,'Associate Professor',573),(793,'Compensation Analyst',883),(794,'Operator',960),(795,'Financial Advisor',969),(796,'Data Coordinator',279),(797,'Food Chemist',58),(798,'Actuary',704),(799,'Recruiting Manager',937),(800,'Safety Technician IV',716),(801,'Accountant III',563),(802,'VP Marketing',12),(803,'Software Test Engineer IV',411),(804,'GIS Technical Architect',772),(805,'General Manager',632),(806,'Professor',496),(807,'Administrative Officer',674),(808,'Help Desk Operator',820),(809,'Project Manager',569),(810,'Food Chemist',570),(811,'Junior Executive',963),(812,'VP Product Management',64),(813,'Senior Developer',997),(814,'Librarian',632),(815,'Analyst Programmer',781),(816,'Legal Assistant',223),(817,'Senior Sales Associate',374),(818,'Marketing Manager',355),(819,'Marketing Assistant',303),(820,'Automation Specialist II',567),(821,'Director of Sales',709),(822,'Compensation Analyst',588),(823,'Research Nurse',193),(824,'Legal Assistant',631),(825,'Sales Associate',915),(826,'Research Associate',183),(827,'Tax Accountant',783),(828,'Programmer I',879),(829,'Research Assistant III',619),(830,'Analog Circuit Design manager',208),(831,'Computer Systems Analyst I',130),(832,'Community Outreach Specialist',405),(833,'Director of Sales',45),(834,'Health Coach IV',12),(835,'Budget/Accounting Analyst I',146),(836,'Legal Assistant',911),(837,'Associate Professor',852),(838,'Recruiter',678),(839,'Administrative Assistant III',533),(840,'Data Coordinator',328),(841,'Budget/Accounting Analyst III',769),(842,'Assistant Media Planner',91),(843,'Nuclear Power Engineer',999),(844,'Geologist I',131),(845,'Editor',581),(846,'Safety Technician III',73),(847,'Automation Specialist III',472),(848,'Marketing Manager',393),(849,'Database Administrator IV',399),(850,'Human Resources Assistant I',8),(851,'Software Engineer I',692),(852,'Chemical Engineer',996),(853,'Programmer III',204),(854,'Web Developer IV',844),(855,'Actuary',935),(856,'Budget/Accounting Analyst II',273),(857,'Accounting Assistant I',604),(858,'Professor',212),(859,'Quality Engineer',668),(860,'Account Coordinator',945),(861,'Associate Professor',125),(862,'Dental Hygienist',383),(863,'Accountant I',995),(864,'Recruiter',144),(865,'Help Desk Technician',446),(866,'Physical Therapy Assistant',864),(867,'Teacher',530),(868,'Media Manager III',54),(869,'VP Accounting',519),(870,'Staff Accountant IV',375),(871,'Speech Pathologist',882),(872,'Data Coordinator',661),(873,'Junior Executive',802),(874,'Nuclear Power Engineer',568),(875,'Physical Therapy Assistant',372),(876,'Dental Hygienist',386),(877,'Safety Technician IV',610),(878,'Electrical Engineer',516),(879,'VP Accounting',615),(880,'Computer Systems Analyst III',371),(881,'Developer III',298),(882,'Business Systems Development Analyst',1000),(883,'Research Associate',391),(884,'VP Sales',503),(885,'VP Product Management',476),(886,'Sales Associate',189),(887,'Social Worker',666),(888,'Editor',153),(889,'Dental Hygienist',835),(890,'Assistant Professor',823),(891,'Editor',26),(892,'Community Outreach Specialist',954),(893,'Developer II',508),(894,'Web Designer III',754),(895,'Electrical Engineer',254),(896,'Staff Scientist',182),(897,'Clinical Specialist',298),(898,'Social Worker',97),(899,'VP Sales',735),(900,'Senior Developer',584),(901,'Accountant II',764),(902,'Assistant Manager',714),(903,'Help Desk Operator',21),(904,'Database Administrator I',634),(905,'Nuclear Power Engineer',362),(906,'Information Systems Manager',368),(907,'Programmer I',91),(908,'Software Engineer II',379),(909,'Environmental Tech',489),(910,'Staff Accountant I',358),(911,'Quality Control Specialist',67),(912,'Electrical Engineer',26),(913,'Financial Advisor',398),(914,'Electrical Engineer',646),(915,'Technical Writer',996),(916,'Director of Sales',57),(917,'Web Designer I',783),(918,'Software Test Engineer III',611),(919,'Graphic Designer',782),(920,'Quality Control Specialist',263),(921,'Teacher',805),(922,'Chemical Engineer',920),(923,'Assistant Professor',453),(924,'Programmer II',3),(925,'Staff Scientist',166),(926,'VP Sales',548),(927,'Financial Advisor',694),(928,'Staff Accountant I',229),(929,'Senior Developer',350),(930,'Sales Associate',200),(931,'Automation Specialist I',707),(932,'Professor',433),(933,'Payment Adjustment Coordinator',604),(934,'Internal Auditor',202),(935,'Human Resources Assistant III',545),(936,'Operator',46),(937,'Sales Representative',539),(938,'Analog Circuit Design manager',478),(939,'Occupational Therapist',724),(940,'Electrical Engineer',375),(941,'Software Test Engineer II',500),(942,'Dental Hygienist',735),(943,'VP Accounting',798),(944,'Junior Executive',976),(945,'Human Resources Assistant I',56),(946,'VP Sales',785),(947,'Compensation Analyst',68),(948,'Financial Advisor',874),(949,'Analog Circuit Design manager',855),(950,'Social Worker',256),(951,'Professor',737),(952,'Technical Writer',918),(953,'Actuary',505),(954,'Legal Assistant',454),(955,'Design Engineer',670),(956,'Media Manager IV',797),(957,'Senior Developer',643),(958,'Administrative Officer',248),(959,'Chemical Engineer',315),(960,'Editor',651),(961,'Structural Engineer',951),(962,'Help Desk Operator',128),(963,'Civil Engineer',422),(964,'Junior Executive',341),(965,'Actuary',787),(966,'Project Manager',959),(967,'Help Desk Operator',634),(968,'Programmer Analyst II',970),(969,'Software Consultant',548),(970,'Environmental Tech',391),(971,'Occupational Therapist',895),(972,'Senior Editor',275),(973,'Media Manager I',446),(974,'Clinical Specialist',972),(975,'Analog Circuit Design manager',871),(976,'Pharmacist',236),(977,'Assistant Manager',902),(978,'Design Engineer',990),(979,'Geological Engineer',843),(980,'Biostatistician IV',958),(981,'Assistant Manager',437),(982,'Nuclear Power Engineer',417),(983,'Nuclear Power Engineer',179),(984,'Civil Engineer',416),(985,'Geological Engineer',21),(986,'Assistant Media Planner',889),(987,'Financial Advisor',225),(988,'Assistant Manager',458),(989,'Senior Financial Analyst',503),(990,'VP Marketing',875),(991,'Research Assistant II',162),(992,'Web Designer II',128),(993,'Sales Representative',960),(994,'Environmental Specialist',414),(995,'Administrative Officer',987),(996,'Developer IV',116),(997,'Analog Circuit Design manager',464),(998,'Accounting Assistant III',980),(999,'Nuclear Power Engineer',812),(1000,'Research Assistant II',465);
/*!40000 ALTER TABLE `stanowisko` ENABLE KEYS */;
UNLOCK TABLES;
/*!40103 SET TIME_ZONE=@OLD_TIME_ZONE */;

/*!40101 SET SQL_MODE=@OLD_SQL_MODE */;
/*!40014 SET FOREIGN_KEY_CHECKS=@OLD_FOREIGN_KEY_CHECKS */;
/*!40014 SET UNIQUE_CHECKS=@OLD_UNIQUE_CHECKS */;
/*!40101 SET CHARACTER_SET_CLIENT=@OLD_CHARACTER_SET_CLIENT */;
/*!40101 SET CHARACTER_SET_RESULTS=@OLD_CHARACTER_SET_RESULTS */;
/*!40101 SET COLLATION_CONNECTION=@OLD_COLLATION_CONNECTION */;
/*!40111 SET SQL_NOTES=@OLD_SQL_NOTES */;

-- Dump completed on 2025-04-11  9:09:01
