-- phpMyAdmin SQL Dump
-- version 5.1.1
-- https://www.phpmyadmin.net/
--
-- Host: 127.0.0.1
-- Czas generowania: 05 Kwi 2022, 12:53
-- Wersja serwera: 10.4.21-MariaDB
-- Wersja PHP: 8.0.12

SET SQL_MODE = "NO_AUTO_VALUE_ON_ZERO";
START TRANSACTION;
SET time_zone = "+00:00";


/*!40101 SET @OLD_CHARACTER_SET_CLIENT=@@CHARACTER_SET_CLIENT */;
/*!40101 SET @OLD_CHARACTER_SET_RESULTS=@@CHARACTER_SET_RESULTS */;
/*!40101 SET @OLD_COLLATION_CONNECTION=@@COLLATION_CONNECTION */;
/*!40101 SET NAMES utf8mb4 */;

--
-- Baza danych: `oceny_mysql`
--

-- --------------------------------------------------------

--
-- Struktura tabeli dla tabeli `klasa`
--

CREATE TABLE `klasa` (
  `id_klasy` int(11) NOT NULL,
  `Nazwa_klasy` varchar(2) COLLATE utf8_polish_ci DEFAULT NULL,
  `Specjalizacja` varchar(50) COLLATE utf8_polish_ci DEFAULT NULL,
  `id_wychowawcy` int(11) DEFAULT NULL,
  `Opis_klasy` mediumtext COLLATE utf8_polish_ci DEFAULT NULL
) ENGINE=InnoDB DEFAULT CHARSET=utf8 COLLATE=utf8_polish_ci;

--
-- Zrzut danych tabeli `klasa`
--

INSERT INTO `klasa` (`id_klasy`, `Nazwa_klasy`, `Specjalizacja`, `id_wychowawcy`, `Opis_klasy`) VALUES
(1, '1a', 'mat - fiz', 8, NULL),
(2, '1b', 'human', 4, NULL),
(3, '1c', 'biol-chem', 6, NULL),
(4, '1t', 'informatyka', 15, NULL),
(5, '2a', 'mat - fiz', 3, NULL),
(6, '2b', 'human', 11, NULL),
(7, '2c', 'biol-chem', 23, NULL),
(8, '2t', 'informatyka', 24, NULL),
(9, '3t', 'inf', 1, NULL),
(10, '4t', 'inf', 3, NULL),
(11, '3a', 'mat-fiz', 6, NULL),
(12, '3b', 'hum', 7, NULL),
(13, '3c', 'biol-chem', 28, NULL),
(14, '5t', 'testowa', NULL, NULL);

-- --------------------------------------------------------

--
-- Struktura tabeli dla tabeli `nauczane_przedmioty`
--

CREATE TABLE `nauczane_przedmioty` (
  `id_nauczyciela` int(11) NOT NULL,
  `id_przedmiotu` int(11) NOT NULL
) ENGINE=InnoDB DEFAULT CHARSET=utf8 COLLATE=utf8_polish_ci;

--
-- Zrzut danych tabeli `nauczane_przedmioty`
--

INSERT INTO `nauczane_przedmioty` (`id_nauczyciela`, `id_przedmiotu`) VALUES
(1, 1),
(1, 26),
(1, 29),
(1, 31),
(1, 37),
(2, 2),
(2, 3),
(2, 12),
(3, 21),
(3, 23),
(3, 35),
(3, 38),
(4, 6),
(4, 11),
(4, 15),
(4, 20),
(5, 11),
(5, 27),
(5, 38),
(6, 23),
(6, 31),
(6, 39),
(7, 10),
(7, 14),
(7, 20),
(7, 26),
(8, 14),
(8, 18),
(9, 6),
(9, 7),
(9, 12),
(10, 6),
(10, 9),
(10, 13),
(10, 14),
(10, 20),
(10, 29),
(10, 36),
(13, 3),
(13, 14),
(13, 33),
(14, 10),
(14, 13),
(14, 15),
(15, 12),
(15, 17),
(15, 19),
(16, 5),
(16, 31),
(17, 9),
(17, 39),
(18, 23),
(18, 39),
(19, 8),
(19, 11),
(19, 27),
(19, 32),
(20, 4),
(20, 40),
(21, 9),
(21, 22),
(21, 27),
(21, 35),
(21, 38),
(22, 16),
(22, 40),
(23, 4),
(23, 10),
(23, 12),
(23, 33),
(24, 8),
(24, 11),
(24, 29),
(25, 34),
(25, 39),
(26, 2),
(26, 4),
(26, 17),
(27, 2),
(27, 3),
(27, 7),
(27, 14),
(28, 28),
(28, 29),
(29, 15),
(29, 20),
(29, 22),
(29, 26),
(29, 39);

-- --------------------------------------------------------

--
-- Struktura tabeli dla tabeli `nauczyciel`
--

CREATE TABLE `nauczyciel` (
  `id_nauczyciela` int(11) NOT NULL,
  `imie` varchar(100) COLLATE utf8_polish_ci DEFAULT NULL,
  `nazwisko` varchar(50) COLLATE utf8_polish_ci DEFAULT NULL,
  `uwagi` mediumtext COLLATE utf8_polish_ci DEFAULT NULL
) ENGINE=InnoDB DEFAULT CHARSET=utf8 COLLATE=utf8_polish_ci;

--
-- Zrzut danych tabeli `nauczyciel`
--

INSERT INTO `nauczyciel` (`id_nauczyciela`, `imie`, `nazwisko`, `uwagi`) VALUES
(1, 'Leon', 'Uczeń', 'Dyrektor'),
(2, 'Renata', 'Kot', NULL),
(3, 'Anna', 'Karska', NULL),
(4, 'Marek', 'Tomczyk', NULL),
(5, 'Justyna', 'Nowak', NULL),
(6, 'Jan', 'Kowalski', NULL),
(7, 'Dorota', 'Nowak', NULL),
(8, 'Adam', 'Zyblik', NULL),
(9, 'Marcin', 'Takowy', NULL),
(10, 'Łucja', 'Kot', NULL),
(11, 'Anna', 'Karska', NULL),
(13, 'Barbara', 'Wolska', NULL),
(14, 'Anna', 'Sobczyk', NULL),
(15, 'Małgorzata', 'Tokarz', NULL),
(16, 'Stanisław', 'Wasek', NULL),
(17, 'Rafał', 'Bolek', NULL),
(18, 'Wojciech', 'Nowak', NULL),
(19, 'Grażyna', 'Lolek', NULL),
(20, 'Jacek', 'Tarazan', NULL),
(21, 'Aneta', 'Księżniczka', NULL),
(22, 'Anna', 'Wolska', NULL),
(23, 'Agnieszka', 'Fajna', NULL),
(24, 'Marek', 'Hut', NULL),
(25, 'Waldemar', 'Kowalski', NULL),
(26, 'Anna', 'Trojan', NULL),
(27, 'Anna', 'Wirus', NULL),
(28, 'Iwona', 'Malware', NULL),
(29, 'Izabela', 'Ryś', NULL),
(35, 'Katarzyna', 'Gut', NULL),
(36, 'Ula', 'Misa', NULL);

-- --------------------------------------------------------

--
-- Struktura tabeli dla tabeli `oceny`
--

CREATE TABLE `oceny` (
  `id_oceny` int(11) NOT NULL,
  `ocena` tinyint(4) DEFAULT NULL,
  `id_ucznia` int(11) DEFAULT NULL,
  `id_przedmiotu` int(11) DEFAULT NULL,
  `data_oceny` date DEFAULT NULL
) ENGINE=InnoDB DEFAULT CHARSET=utf8 COLLATE=utf8_polish_ci;

--
-- Zrzut danych tabeli `oceny`
--

INSERT INTO `oceny` (`id_oceny`, `ocena`, `id_ucznia`, `id_przedmiotu`, `data_oceny`) VALUES
(1, 3, 847, 26, '2006-03-02'),
(2, 4, 831, 15, '2003-06-29'),
(3, 3, 121, 14, '2004-04-25'),
(4, 6, 390, 6, '2002-05-25'),
(5, 1, 393, 4, '2002-02-22'),
(6, 4, 935, 22, '2001-05-19'),
(7, 5, 235, 23, '2004-06-28'),
(9, 1, 329, 14, '2024-10-05'),
(10, 5, 722, 14, '2004-07-29'),
(11, 1, 481, 37, '2020-08-27'),
(12, 1, 535, 21, '2024-07-31'),
(13, 4, 653, 21, '2020-06-02'),
(14, 5, 951, 23, '2013-07-23'),
(15, 3, 341, 39, '2011-04-28'),
(16, 2, 772, 19, '2017-09-09'),
(17, 5, 469, 27, '2005-03-10'),
(18, 5, 813, 31, '2025-04-05'),
(19, 6, 78, 40, '2019-12-24'),
(20, 5, 883, 29, '2009-02-24'),
(21, 3, 177, 24, '2001-07-06'),
(22, 6, 407, 12, '2008-10-26'),
(23, 1, 303, 31, '2010-06-25'),
(24, 5, 257, 25, '2008-07-16'),
(25, 3, 125, 19, '2013-03-28'),
(26, 1, 216, 28, '2005-11-27'),
(27, 3, 145, 4, '2009-09-07'),
(28, 4, 873, 14, '2013-06-10'),
(29, 3, 816, 20, '2023-07-29'),
(30, 4, 224, 21, '2015-05-27'),
(31, 3, 693, 12, '2018-12-07'),
(32, 5, 233, 29, '2023-01-02'),
(33, 2, 86, 39, '2022-10-11'),
(34, 4, 686, 9, '2020-12-04'),
(35, 6, 933, 16, '2021-04-17'),
(36, 1, 780, 18, '2003-11-06'),
(37, 4, 339, 35, '2000-04-17'),
(38, 6, 843, 17, '2010-12-17'),
(39, 1, 61, 38, '2005-02-12'),
(40, 6, 410, 16, '2013-07-23'),
(41, 5, 890, 14, '2004-10-29'),
(42, 3, 832, 18, '2022-01-05'),
(43, 1, 962, 29, '2021-05-01'),
(44, 3, 444, 1, '2021-05-11'),
(45, 6, 62, 33, '2007-04-26'),
(46, 2, 312, 21, '2024-06-06'),
(48, 4, 529, 15, '2017-12-22'),
(49, 4, 229, 40, '2021-10-06'),
(50, 2, 166, 20, '2015-06-10'),
(51, 6, 263, 18, '2015-05-23'),
(52, 2, 326, 2, '2022-05-25'),
(53, 1, 332, 16, '2023-03-01'),
(54, 4, 348, 1, '2024-06-28'),
(55, 4, 166, 38, '2024-10-18'),
(56, 3, 239, 18, '2008-09-11'),
(57, 6, 952, 35, '2013-11-09'),
(58, 2, 736, 10, '2022-11-09'),
(59, 1, 1007, 34, '2025-09-05'),
(60, 4, 97, 22, '2017-05-25'),
(61, 6, 722, 12, '2003-08-20'),
(62, 2, 753, 26, '2011-10-11'),
(63, 6, 269, 24, '2023-01-18'),
(64, 5, 687, 11, '2018-01-19'),
(65, 1, 273, 19, '2012-08-15'),
(66, 1, 131, 4, '2006-09-14'),
(67, 2, 517, 4, '2024-06-23'),
(68, 6, 801, 2, '2004-10-26'),
(69, 6, 718, 20, '2023-02-02'),
(70, 6, 681, 19, '2004-06-11'),
(71, 2, 53, 20, '2015-08-24'),
(72, 1, 529, 6, '2021-10-09'),
(73, 1, 718, 6, '2001-02-24'),
(74, 3, 629, 4, '2004-01-11'),
(75, 2, 504, 4, '2020-08-04'),
(76, 6, 362, 12, '2006-02-07'),
(77, 3, 558, 27, '2005-03-09'),
(78, 2, 669, 29, '2013-05-23'),
(79, 2, 1007, 9, '2007-07-23'),
(80, 5, 98, 35, '2003-03-14'),
(81, 2, 780, 22, '2003-08-29'),
(82, 4, 195, 38, '2012-05-24'),
(83, 1, 677, 37, '2011-12-12'),
(84, 3, 323, 19, '2018-05-21'),
(85, 1, 553, 17, '2007-02-09'),
(86, 3, 775, 18, '2005-11-05'),
(87, 2, 331, 9, '2000-10-19'),
(88, 4, 358, 9, '2014-12-31'),
(89, 2, 174, 33, '2016-08-31'),
(90, 4, 459, 27, '2002-05-04'),
(91, 4, 222, 31, '2025-12-12'),
(92, 4, 666, 34, '2013-07-12'),
(93, 2, 167, 19, '2013-01-12'),
(94, 5, 426, 25, '2008-08-22'),
(95, 1, 807, 18, '2020-07-01'),
(96, 1, 568, 21, '2013-04-02'),
(97, 6, 582, 37, '2024-01-29'),
(98, 4, 401, 11, '2001-12-19'),
(99, 3, 139, 40, '2016-12-25'),
(100, 6, 619, 14, '2011-12-23'),
(101, 1, 993, 29, '2009-01-20'),
(102, 6, 37, 39, '2021-05-06'),
(103, 6, 354, 7, '2008-10-14'),
(104, 2, 538, 21, '2025-03-19'),
(105, 2, 414, 15, '2011-04-11'),
(106, 4, 955, 12, '2003-01-05'),
(107, 2, 71, 39, '2017-01-01'),
(108, 2, 790, 9, '2016-10-15'),
(109, 4, 743, 5, '2005-04-18'),
(110, 1, 985, 9, '2000-10-05'),
(111, 1, 904, 40, '2011-09-13'),
(112, 6, 338, 13, '2018-04-17'),
(113, 1, 349, 33, '2010-10-12'),
(114, 3, 565, 34, '2022-03-27'),
(115, 4, 714, 20, '2001-01-10'),
(116, 6, 980, 19, '2023-01-10'),
(117, 4, 299, 31, '2015-01-05'),
(118, 3, 860, 17, '2000-03-22'),
(119, 2, 957, 27, '2001-10-16'),
(120, 2, 552, 13, '2012-04-26'),
(121, 1, 941, 10, '2020-08-30'),
(122, 5, 682, 8, '2009-05-03'),
(123, 6, 570, 21, '2022-09-04'),
(124, 3, 215, 39, '2021-04-23'),
(125, 3, 163, 5, '2001-08-15'),
(126, 3, 260, 40, '2024-06-25'),
(127, 6, 862, 22, '2024-09-17'),
(128, 1, 622, 12, '2010-08-11'),
(129, 6, 774, 2, '2009-03-03'),
(130, 4, 667, 33, '2008-05-13'),
(131, 5, 161, 17, '2010-10-28'),
(132, 5, 595, 20, '2024-05-19'),
(133, 4, 312, 1, '2020-08-30'),
(134, 3, 100, 12, '2011-03-04'),
(135, 1, 241, 27, '2008-11-18'),
(136, 3, 250, 23, '2003-09-11'),
(137, 5, 589, 33, '2013-02-10'),
(138, 2, 865, 14, '2002-08-01'),
(139, 6, 785, 13, '2002-06-18'),
(140, 3, 995, 21, '2005-06-01'),
(141, 5, 937, 16, '2019-10-02'),
(142, 3, 113, 17, '2024-04-06'),
(143, 3, 1004, 9, '2009-11-09'),
(144, 4, 987, 33, '2006-10-30'),
(145, 3, 341, 33, '2012-04-10'),
(146, 5, 678, 19, '2005-09-28'),
(148, 6, 433, 18, '2007-12-31'),
(149, 6, 134, 22, '2023-10-29'),
(150, 4, 679, 31, '2018-02-18'),
(151, 5, 818, 25, '2013-03-02'),
(152, 5, 794, 20, '2015-08-19'),
(153, 4, 80, 2, '2022-12-04'),
(154, 4, 687, 22, '2013-02-15'),
(155, 5, 533, 17, '2019-04-23'),
(156, 2, 524, 24, '2025-06-14'),
(157, 6, 266, 37, '2012-03-13'),
(158, 4, 208, 21, '2012-06-29'),
(159, 3, 303, 22, '2018-08-20'),
(160, 3, 551, 19, '2010-11-18'),
(161, 5, 660, 31, '2023-08-05'),
(162, 2, 728, 6, '2009-12-04'),
(163, 1, 330, 7, '2014-10-17'),
(164, 2, 497, 13, '2022-04-29'),
(165, 3, 650, 25, '2013-05-05'),
(166, 1, 155, 20, '2012-02-11'),
(167, 3, 280, 38, '2016-10-31'),
(168, 2, 226, 4, '2002-12-03'),
(169, 1, 458, 3, '2017-10-24'),
(170, 6, 840, 37, '2023-10-26'),
(171, 2, 586, 15, '2019-05-31'),
(172, 6, 330, 34, '2022-06-06'),
(173, 4, 806, 15, '2010-02-27'),
(174, 3, 151, 40, '2001-11-04'),
(175, 2, 378, 1, '2015-12-05'),
(176, 4, 551, 26, '2013-11-25'),
(177, 2, 620, 29, '2001-06-06'),
(178, 6, 648, 26, '2002-10-29'),
(179, 1, 83, 33, '2018-11-29'),
(180, 1, 413, 8, '2005-07-05'),
(181, 4, 138, 22, '2024-06-03'),
(182, 3, 173, 33, '2021-12-03'),
(183, 5, 589, 24, '2023-08-01'),
(184, 5, 79, 29, '2018-06-15'),
(185, 6, 458, 27, '2006-06-25'),
(186, 3, 949, 17, '2012-12-13'),
(187, 6, 829, 9, '2025-02-09'),
(188, 1, 81, 27, '2006-09-18'),
(189, 4, 649, 6, '2016-06-30'),
(190, 1, 1009, 33, '2019-04-12'),
(191, 3, 563, 14, '2017-09-16'),
(192, 3, 665, 20, '2003-09-10'),
(193, 6, 218, 5, '2023-08-13'),
(194, 6, 96, 38, '2006-01-05'),
(195, 4, 272, 26, '2021-08-04'),
(196, 6, 113, 30, '2014-03-31'),
(197, 5, 84, 33, '2011-09-08'),
(198, 6, 118, 16, '2020-07-23'),
(199, 5, 123, 5, '2012-07-24'),
(200, 4, 561, 28, '2020-04-01'),
(201, 2, 936, 10, '2013-04-21'),
(202, 6, 618, 27, '2000-07-15'),
(203, 4, 887, 9, '2021-12-05'),
(204, 3, 372, 26, '2019-11-01'),
(205, 5, 400, 25, '2011-02-02'),
(206, 4, 674, 30, '2017-09-24'),
(207, 6, 982, 20, '2000-09-13'),
(208, 5, 699, 4, '2016-02-26'),
(209, 1, 654, 37, '2010-07-26'),
(210, 1, 1006, 2, '2005-04-27'),
(211, 4, 220, 33, '2017-09-17'),
(212, 2, 384, 1, '2023-08-31'),
(213, 6, 97, 34, '2004-07-28'),
(214, 2, 945, 19, '2018-04-15'),
(215, 2, 491, 24, '2016-10-22'),
(216, 1, 615, 17, '2015-03-22'),
(217, 4, 787, 34, '2002-07-19'),
(218, 2, 42, 25, '2021-03-01'),
(219, 1, 356, 33, '2002-02-05'),
(220, 4, 144, 14, '2014-09-11'),
(221, 2, 508, 2, '2009-02-28'),
(222, 4, 35, 30, '2024-06-16'),
(223, 6, 433, 35, '2007-08-12'),
(224, 2, 258, 6, '2011-10-30'),
(225, 3, 581, 33, '2024-02-20'),
(226, 3, 603, 7, '2023-12-05'),
(227, 1, 203, 39, '2007-06-15'),
(228, 6, 364, 2, '2003-01-12'),
(229, 2, 825, 7, '2004-10-30'),
(230, 4, 826, 14, '2008-05-21'),
(231, 6, 413, 9, '2007-06-06'),
(232, 6, 725, 12, '2015-02-27'),
(233, 5, 34, 26, '2017-11-01'),
(234, 5, 845, 11, '2003-10-30'),
(235, 5, 873, 25, '2008-11-08'),
(236, 1, 921, 1, '2019-06-16'),
(237, 5, 713, 8, '2025-10-11'),
(238, 5, 378, 2, '2010-02-04'),
(239, 4, 217, 18, '2021-10-14'),
(240, 1, 169, 14, '2000-02-14'),
(241, 5, 855, 36, '2013-02-18'),
(242, 6, 62, 31, '2000-12-20'),
(243, 3, 935, 23, '2012-12-19'),
(244, 4, 645, 5, '2023-07-03'),
(246, 3, 70, 6, '2025-09-20'),
(247, 6, 592, 35, '2010-01-31'),
(248, 5, 138, 11, '2005-05-24'),
(249, 1, 954, 34, '2024-04-11'),
(250, 5, 615, 24, '2009-12-17'),
(251, 1, 591, 5, '2018-10-27'),
(252, 6, 638, 25, '2005-09-27'),
(253, 3, 911, 13, '2012-10-03'),
(254, 2, 417, 11, '2001-08-19'),
(255, 3, 848, 37, '2014-09-05'),
(256, 6, 364, 22, '2019-05-28'),
(257, 2, 376, 8, '2025-08-29'),
(258, 6, 256, 13, '2007-08-03'),
(259, 1, 690, 12, '2015-07-20'),
(260, 4, 324, 12, '2024-12-01'),
(261, 4, 306, 21, '2000-05-22'),
(262, 6, 150, 6, '2000-02-02'),
(263, 1, 460, 5, '2020-02-08'),
(264, 4, 279, 28, '2021-06-11'),
(265, 1, 264, 8, '2012-11-15'),
(266, 2, 119, 33, '2011-07-06'),
(267, 6, 832, 5, '2010-01-12'),
(268, 2, 884, 18, '2010-07-06'),
(269, 4, 715, 30, '2022-11-15'),
(270, 6, 882, 39, '2002-07-27'),
(271, 2, 985, 13, '2001-08-01'),
(272, 3, 935, 22, '2000-11-11'),
(273, 4, 842, 22, '2003-07-09'),
(274, 1, 94, 37, '2025-09-16'),
(275, 3, 813, 7, '2009-07-13'),
(276, 4, 261, 2, '2014-01-12'),
(277, 3, 663, 39, '2015-05-19'),
(278, 2, 34, 40, '2022-01-24'),
(279, 6, 623, 23, '2007-09-19'),
(280, 4, 232, 6, '2012-05-02'),
(281, 4, 162, 34, '2022-11-03'),
(282, 5, 721, 28, '2009-07-25'),
(283, 1, 563, 1, '2022-02-05'),
(284, 1, 774, 29, '2010-09-04'),
(285, 2, 938, 24, '2019-10-21'),
(286, 6, 38, 27, '2020-12-13'),
(288, 3, 517, 19, '2012-07-03'),
(289, 5, 518, 18, '2010-11-11'),
(290, 5, 596, 18, '2013-11-13'),
(291, 2, 375, 36, '2003-09-23'),
(292, 3, 206, 22, '2016-08-06'),
(293, 1, 638, 21, '2006-11-29'),
(294, 3, 424, 8, '2019-01-21'),
(296, 4, 739, 33, '2007-10-26'),
(297, 3, 681, 36, '2021-12-10'),
(298, 1, 884, 27, '2016-01-27'),
(299, 2, 67, 38, '2005-09-06'),
(300, 6, 210, 36, '2002-10-09'),
(301, 3, 584, 19, '2013-12-31'),
(302, 6, 368, 37, '2019-10-31'),
(304, 1, 148, 19, '2006-10-12'),
(305, 1, 836, 8, '2019-09-05'),
(306, 5, 1009, 20, '2014-07-19'),
(307, 4, 39, 12, '2025-04-03'),
(308, 5, 316, 12, '2016-04-01'),
(309, 4, 949, 8, '2021-05-19'),
(310, 6, 617, 31, '2014-07-08'),
(311, 3, 682, 13, '2011-11-09'),
(312, 6, 994, 10, '2015-03-16'),
(313, 1, 402, 31, '2011-07-20'),
(314, 2, 644, 3, '2009-11-28'),
(315, 3, 525, 14, '2008-03-24'),
(316, 3, 402, 17, '2019-06-17'),
(317, 6, 728, 18, '2021-08-29'),
(318, 3, 240, 8, '2016-06-30'),
(319, 1, 803, 33, '2018-02-24'),
(320, 2, 416, 3, '2019-02-24'),
(321, 3, 619, 18, '2010-07-30'),
(322, 2, 586, 2, '2006-09-20'),
(323, 6, 952, 1, '2009-01-26'),
(324, 5, 395, 13, '2001-08-29'),
(325, 5, 446, 2, '2013-02-27'),
(326, 3, 374, 21, '2020-12-10'),
(327, 6, 1001, 25, '2011-05-10'),
(328, 1, 699, 37, '2003-01-12'),
(329, 1, 229, 15, '2025-10-30'),
(330, 4, 949, 16, '2004-02-11'),
(331, 5, 403, 40, '2025-08-21'),
(332, 5, 618, 26, '2015-09-19'),
(333, 5, 649, 2, '2024-05-03'),
(334, 2, 500, 18, '2020-11-25'),
(335, 3, 692, 1, '2022-02-08'),
(336, 4, 667, 38, '2013-04-13'),
(337, 4, 873, 33, '2023-01-08'),
(338, 4, 612, 7, '2002-07-24'),
(339, 4, 216, 33, '2006-04-14'),
(340, 4, 744, 33, '2001-11-20'),
(341, 3, 191, 4, '2019-10-04'),
(342, 3, 877, 28, '2015-02-25'),
(343, 3, 156, 7, '2019-12-28'),
(344, 6, 244, 14, '2025-06-10'),
(345, 2, 64, 18, '2012-05-08'),
(346, 2, 857, 20, '2010-12-04'),
(347, 2, 968, 24, '2006-02-27'),
(348, 1, 783, 15, '2007-05-14'),
(350, 2, 310, 8, '2021-07-11'),
(351, 4, 372, 16, '2016-09-17'),
(352, 3, 679, 4, '2019-03-01'),
(353, 6, 691, 6, '2016-08-03'),
(354, 2, 648, 7, '2000-09-04'),
(355, 1, 522, 30, '2025-11-06'),
(356, 4, 450, 37, '2021-01-17'),
(357, 1, 396, 21, '2007-07-17'),
(358, 5, 91, 33, '2010-03-23'),
(359, 3, 363, 36, '2025-03-04'),
(360, 6, 238, 14, '2009-02-18'),
(361, 3, 416, 37, '2001-06-23'),
(362, 4, 573, 17, '2022-09-18'),
(363, 5, 987, 1, '2008-09-03'),
(364, 6, 70, 40, '2010-11-10'),
(365, 2, 633, 30, '2023-09-08'),
(366, 2, 651, 1, '2023-05-20'),
(367, 6, 421, 8, '2023-12-18'),
(368, 2, 329, 11, '2025-11-30'),
(369, 2, 986, 31, '2021-03-18'),
(370, 4, 795, 17, '2023-12-24'),
(371, 6, 341, 6, '2002-01-11'),
(372, 2, 546, 14, '2000-09-06'),
(373, 3, 346, 14, '2014-12-08'),
(374, 2, 549, 31, '2006-10-22'),
(375, 3, 118, 4, '2022-12-10'),
(376, 5, 172, 31, '2019-08-21'),
(377, 1, 817, 24, '2022-06-18'),
(378, 1, 277, 39, '2017-01-23'),
(379, 5, 599, 5, '2012-12-25'),
(380, 6, 36, 34, '2010-04-08'),
(381, 5, 197, 22, '2016-04-10'),
(382, 5, 669, 2, '2003-06-28'),
(383, 5, 363, 35, '2023-07-10'),
(384, 1, 935, 25, '2009-04-17'),
(385, 4, 681, 15, '2018-01-29'),
(386, 2, 300, 20, '2018-04-16'),
(387, 4, 756, 33, '2016-08-11'),
(388, 5, 113, 40, '2025-04-26'),
(389, 1, 551, 10, '2014-11-11'),
(390, 5, 314, 5, '2003-09-09'),
(391, 2, 915, 22, '2007-05-12'),
(392, 3, 395, 17, '2002-04-06'),
(393, 5, 887, 39, '2004-12-02'),
(394, 4, 491, 25, '2025-05-05'),
(395, 1, 148, 12, '2000-12-11'),
(397, 6, 358, 5, '2002-07-03'),
(398, 4, 441, 25, '2003-02-08'),
(399, 5, 87, 1, '2022-06-12'),
(400, 1, 246, 14, '2013-04-28'),
(401, 1, 977, 30, '2002-04-22'),
(402, 3, 91, 6, '2004-11-06'),
(403, 3, 913, 11, '2022-07-04'),
(404, 4, 82, 11, '2000-03-31'),
(405, 3, 127, 19, '2014-08-04'),
(406, 5, 643, 25, '2006-04-12'),
(407, 4, 141, 26, '2016-02-06'),
(408, 6, 230, 30, '2001-01-05'),
(409, 6, 830, 6, '2005-07-02'),
(410, 3, 922, 29, '2019-10-13'),
(411, 6, 921, 25, '2007-10-02'),
(412, 3, 305, 21, '2007-01-14'),
(413, 3, 148, 11, '2013-11-13'),
(414, 6, 859, 20, '2000-06-13'),
(415, 5, 794, 16, '2000-09-09'),
(416, 2, 181, 40, '2004-04-23'),
(417, 1, 335, 8, '2024-04-04'),
(418, 4, 1002, 27, '2009-03-02'),
(419, 2, 851, 16, '2008-05-16'),
(420, 1, 269, 36, '2011-10-19'),
(421, 2, 442, 10, '2001-05-30'),
(422, 2, 447, 8, '2015-01-31'),
(424, 3, 144, 39, '2024-09-07'),
(425, 2, 854, 5, '2022-08-22'),
(427, 2, 969, 21, '2023-03-29'),
(428, 2, 201, 20, '2024-03-12'),
(429, 5, 81, 34, '2018-06-17'),
(430, 4, 689, 26, '2014-03-21'),
(431, 3, 222, 2, '2015-01-18'),
(432, 4, 287, 4, '2021-06-30'),
(433, 5, 728, 25, '2015-08-14'),
(434, 6, 231, 5, '2007-11-22'),
(435, 2, 139, 16, '2014-05-27'),
(436, 1, 157, 35, '2009-08-01'),
(437, 4, 878, 39, '2008-03-31'),
(438, 1, 550, 9, '2017-10-09'),
(439, 2, 743, 33, '2017-09-19'),
(440, 3, 704, 4, '2024-01-10'),
(441, 2, 719, 29, '2006-09-22'),
(442, 4, 597, 6, '2024-03-31'),
(443, 2, 622, 33, '2015-12-02'),
(444, 6, 369, 18, '2007-05-21'),
(445, 2, 727, 23, '2006-02-08'),
(446, 5, 465, 36, '2009-08-12'),
(447, 2, 189, 6, '2001-09-14'),
(448, 5, 859, 6, '2003-11-27'),
(449, 3, 288, 36, '2015-03-16'),
(450, 1, 696, 1, '2008-09-24'),
(451, 3, 916, 19, '2016-01-09'),
(452, 3, 994, 23, '2021-06-25'),
(453, 5, 548, 37, '2006-09-07'),
(454, 6, 374, 6, '2002-02-18'),
(456, 1, 674, 6, '2019-01-21'),
(457, 4, 920, 18, '2011-06-04'),
(458, 5, 713, 22, '2020-01-22'),
(459, 6, 172, 8, '2016-05-20'),
(460, 1, 838, 23, '2016-02-02'),
(461, 2, 953, 12, '2011-02-21'),
(462, 5, 645, 13, '2024-12-20'),
(463, 5, 56, 34, '2015-03-21'),
(464, 5, 715, 17, '2004-03-10'),
(465, 6, 983, 36, '2020-05-04'),
(466, 5, 47, 28, '2010-11-24'),
(467, 1, 400, 7, '2009-11-01'),
(468, 6, 704, 27, '2012-06-19'),
(469, 4, 752, 9, '2013-01-17'),
(470, 4, 395, 27, '2003-01-09'),
(471, 4, 759, 20, '2017-08-08'),
(472, 6, 315, 20, '2006-01-15'),
(473, 3, 717, 39, '2003-09-16'),
(474, 6, 917, 7, '2015-04-29'),
(475, 3, 855, 17, '2006-01-18'),
(476, 5, 734, 10, '2022-11-24'),
(478, 4, 352, 24, '2002-08-16'),
(479, 4, 319, 38, '2021-08-25'),
(480, 4, 906, 16, '2003-06-08'),
(481, 2, 283, 22, '2010-06-06'),
(482, 6, 565, 33, '2007-03-12'),
(483, 3, 131, 13, '2011-08-25'),
(484, 2, 148, 33, '2001-08-24'),
(485, 3, 944, 31, '2016-07-30'),
(486, 4, 474, 34, '2004-01-19'),
(487, 6, 781, 30, '2009-11-26'),
(488, 1, 314, 17, '2024-03-28'),
(489, 6, 868, 20, '2010-11-21'),
(490, 2, 92, 21, '2024-11-13'),
(491, 5, 504, 28, '2000-06-12'),
(492, 2, 198, 21, '2005-02-26'),
(493, 4, 962, 4, '2008-01-30'),
(494, 5, 865, 11, '2009-08-13'),
(495, 2, 913, 22, '2024-05-02'),
(496, 5, 213, 4, '2002-12-04'),
(497, 4, 994, 30, '2010-05-01'),
(498, 1, 824, 34, '2003-04-21'),
(499, 6, 112, 14, '2008-09-03'),
(500, 6, 424, 35, '2009-01-13'),
(501, 2, 297, 33, '2004-02-13'),
(502, 1, 155, 2, '2008-05-08'),
(503, 6, 529, 31, '2003-05-31'),
(504, 4, 562, 7, '2024-03-20'),
(505, 5, 592, 6, '2007-05-23'),
(506, 4, 841, 14, '2015-07-24'),
(507, 5, 314, 27, '2020-06-05'),
(508, 1, 971, 27, '2002-11-29'),
(509, 5, 701, 5, '2024-07-01'),
(510, 5, 954, 1, '2008-09-30'),
(511, 1, 283, 25, '2005-09-02'),
(512, 3, 905, 12, '2003-07-01'),
(513, 4, 63, 10, '2001-02-25'),
(514, 1, 185, 12, '2020-03-14'),
(515, 2, 434, 38, '2020-04-26'),
(516, 5, 72, 5, '2023-01-11'),
(517, 5, 374, 16, '2011-09-28'),
(519, 3, 917, 11, '2013-07-27'),
(520, 3, 608, 35, '2017-11-04'),
(521, 3, 904, 30, '2006-02-26'),
(522, 5, 873, 15, '2002-11-12'),
(523, 1, 193, 40, '2015-11-05'),
(524, 4, 330, 27, '2015-07-26'),
(525, 1, 211, 11, '2015-05-12'),
(526, 4, 583, 29, '2018-05-09'),
(527, 4, 816, 28, '2007-10-18'),
(528, 2, 179, 14, '2021-11-27'),
(529, 6, 925, 27, '2005-02-05'),
(530, 1, 963, 14, '2011-07-31'),
(531, 4, 208, 15, '2012-05-20'),
(532, 6, 759, 8, '2001-06-16'),
(533, 1, 236, 33, '2003-03-03'),
(534, 5, 524, 7, '2020-12-22'),
(535, 4, 120, 40, '2002-03-18'),
(536, 6, 123, 27, '2020-09-24'),
(537, 4, 405, 3, '2012-10-04'),
(538, 1, 254, 28, '2022-07-28'),
(540, 3, 98, 33, '2003-04-23'),
(541, 1, 810, 19, '2018-01-01'),
(542, 6, 935, 13, '2016-04-21'),
(543, 1, 135, 13, '2018-08-15'),
(544, 6, 737, 3, '2011-11-27'),
(545, 1, 980, 23, '2011-04-03'),
(546, 5, 769, 11, '2003-11-14'),
(547, 3, 480, 4, '2020-09-26'),
(548, 6, 166, 30, '2010-02-16'),
(549, 6, 461, 35, '2017-11-15'),
(550, 5, 146, 29, '2007-07-06'),
(551, 4, 713, 6, '2008-01-24'),
(552, 5, 256, 18, '2004-07-06'),
(553, 2, 671, 5, '2024-11-02'),
(554, 6, 505, 21, '2011-10-19'),
(555, 2, 539, 2, '2012-06-29'),
(556, 6, 342, 25, '2004-07-22'),
(557, 3, 986, 37, '2019-12-07'),
(558, 5, 757, 30, '2007-02-11'),
(559, 2, 692, 6, '2012-08-18'),
(560, 6, 282, 1, '2019-05-15'),
(561, 1, 120, 40, '2018-10-18'),
(562, 1, 433, 33, '2014-01-06'),
(563, 2, 413, 3, '2012-02-28'),
(566, 5, 86, 22, '2010-11-09'),
(567, 2, 714, 38, '2006-02-21'),
(568, 5, 869, 9, '2010-04-10'),
(569, 1, 527, 35, '2001-06-05'),
(570, 6, 812, 7, '2021-01-16'),
(571, 2, 585, 1, '2005-10-28'),
(572, 2, 633, 9, '2017-10-05'),
(573, 4, 776, 10, '2009-08-04'),
(574, 1, 755, 10, '2024-02-09'),
(575, 6, 614, 11, '2000-05-10'),
(576, 1, 322, 34, '2004-04-06'),
(577, 1, 257, 9, '2000-04-09'),
(579, 4, 863, 4, '2021-03-01'),
(580, 2, 116, 2, '2008-04-13'),
(581, 2, 149, 30, '2013-05-10'),
(582, 2, 599, 2, '2024-12-06'),
(583, 4, 847, 24, '2015-11-05'),
(584, 1, 1010, 38, '2013-07-26'),
(585, 1, 139, 6, '2019-08-27'),
(586, 3, 350, 22, '2019-02-09'),
(587, 6, 60, 26, '2002-11-08'),
(588, 4, 398, 10, '2007-08-23'),
(589, 6, 392, 29, '2009-03-23'),
(590, 6, 978, 40, '2012-02-02'),
(591, 6, 330, 1, '2021-05-26'),
(592, 4, 57, 3, '2007-02-12'),
(593, 1, 612, 9, '2023-05-09'),
(594, 5, 571, 26, '2020-10-20'),
(595, 4, 672, 23, '2007-01-18'),
(596, 4, 716, 16, '2003-01-07'),
(597, 4, 322, 8, '2024-09-22'),
(598, 3, 426, 38, '2017-07-28'),
(599, 2, 933, 19, '2001-10-02'),
(600, 2, 703, 33, '2025-11-10'),
(601, 5, 203, 31, '2020-10-20'),
(602, 1, 738, 21, '2011-08-03'),
(603, 5, 433, 31, '2024-02-22'),
(604, 6, 335, 36, '2004-07-30'),
(605, 1, 717, 9, '2001-12-21'),
(606, 5, 593, 34, '2008-04-11'),
(607, 3, 585, 23, '2022-12-19'),
(608, 5, 76, 33, '2016-03-17'),
(609, 6, 862, 10, '2007-08-30'),
(610, 5, 1008, 1, '2008-04-17'),
(611, 4, 204, 15, '2009-11-08'),
(612, 4, 790, 23, '2015-08-25'),
(613, 5, 875, 29, '2025-08-21'),
(614, 6, 99, 2, '2025-11-30'),
(615, 5, 550, 38, '2021-02-04'),
(616, 4, 967, 27, '2012-06-15'),
(617, 1, 282, 34, '2015-06-06'),
(618, 5, 348, 37, '2001-04-15'),
(619, 3, 937, 13, '2012-07-01'),
(620, 5, 522, 17, '2017-11-10'),
(621, 5, 374, 10, '2014-04-14'),
(622, 2, 558, 22, '2005-11-06'),
(623, 4, 750, 16, '2011-06-17'),
(624, 1, 436, 27, '2005-05-17'),
(625, 2, 707, 37, '2012-01-02'),
(626, 3, 372, 7, '2005-11-02'),
(627, 4, 994, 17, '2014-01-31'),
(628, 1, 467, 18, '2011-06-08'),
(629, 3, 384, 16, '2016-10-04'),
(630, 2, 841, 24, '2013-09-18'),
(631, 4, 838, 36, '2000-12-07'),
(632, 3, 334, 30, '2005-04-18'),
(633, 6, 361, 29, '2002-12-22'),
(634, 2, 131, 39, '2007-08-04'),
(635, 3, 921, 15, '2015-09-08'),
(636, 6, 846, 27, '2005-07-20'),
(637, 1, 310, 15, '2002-03-30'),
(638, 6, 460, 39, '2024-06-23'),
(639, 6, 929, 29, '2008-05-14'),
(640, 6, 842, 22, '2023-02-11'),
(641, 1, 200, 27, '2001-06-10'),
(642, 4, 43, 1, '2008-06-23'),
(643, 2, 713, 10, '2006-08-21'),
(644, 5, 964, 9, '2021-05-05'),
(645, 3, 72, 10, '2005-06-24'),
(646, 5, 559, 21, '2025-04-12'),
(647, 3, 139, 7, '2017-02-07'),
(648, 5, 482, 2, '2017-09-02'),
(649, 1, 652, 20, '2009-02-27'),
(650, 4, 176, 16, '2020-12-03'),
(651, 5, 792, 33, '2015-05-15'),
(653, 1, 321, 40, '2003-04-16'),
(654, 6, 518, 31, '2024-09-19'),
(655, 1, 647, 6, '2009-09-08'),
(657, 2, 644, 35, '2009-10-02'),
(658, 5, 128, 33, '2024-10-22'),
(659, 6, 957, 36, '2017-04-26'),
(660, 4, 946, 23, '2014-05-06'),
(661, 2, 768, 18, '2006-03-08'),
(662, 3, 250, 27, '2009-09-24'),
(663, 1, 820, 35, '2015-11-07'),
(664, 4, 233, 11, '2015-12-13'),
(665, 4, 972, 1, '2014-11-02'),
(666, 6, 829, 13, '2024-06-19'),
(667, 3, 933, 11, '2000-09-07'),
(668, 4, 369, 40, '2003-01-31'),
(669, 6, 45, 39, '2011-08-17'),
(670, 4, 443, 3, '2009-07-08'),
(671, 5, 752, 23, '2006-01-25'),
(672, 4, 564, 29, '2006-11-25'),
(673, 4, 753, 2, '2016-07-24'),
(674, 3, 532, 13, '2000-09-23'),
(675, 6, 603, 6, '2023-04-23'),
(676, 2, 896, 28, '2017-11-20'),
(677, 1, 92, 39, '2001-12-25'),
(678, 5, 92, 16, '2008-07-18'),
(680, 6, 429, 39, '2025-02-13'),
(681, 4, 986, 25, '2021-07-22'),
(682, 1, 101, 10, '2017-04-04'),
(684, 3, 1009, 34, '2000-03-09'),
(685, 5, 607, 33, '2012-02-22'),
(686, 2, 813, 21, '2004-06-21'),
(687, 1, 249, 7, '2001-07-30'),
(688, 4, 341, 33, '2003-12-29'),
(689, 5, 887, 16, '2012-06-20'),
(690, 4, 495, 6, '2023-12-26'),
(691, 3, 545, 10, '2002-02-17'),
(692, 2, 704, 23, '2008-09-17'),
(693, 5, 115, 23, '2019-11-27'),
(694, 4, 280, 26, '2010-03-07'),
(695, 3, 195, 8, '2021-06-11'),
(696, 5, 583, 12, '2015-03-02'),
(697, 4, 822, 23, '2024-10-15'),
(698, 3, 292, 39, '2008-05-14'),
(699, 5, 677, 24, '2000-07-22'),
(700, 3, 438, 39, '2021-07-31'),
(701, 3, 494, 5, '2014-09-15'),
(702, 5, 737, 3, '2012-04-25'),
(703, 6, 36, 9, '2021-04-21'),
(704, 5, 927, 30, '2018-03-21'),
(705, 6, 646, 3, '2021-09-08'),
(706, 6, 298, 4, '2013-01-01'),
(707, 5, 434, 36, '2000-05-23'),
(708, 4, 865, 13, '2013-08-09'),
(709, 2, 930, 6, '2009-05-05'),
(710, 1, 807, 10, '2009-10-22'),
(711, 4, 652, 18, '2010-11-09'),
(712, 1, 80, 36, '2022-04-05'),
(713, 5, 981, 36, '2023-02-20'),
(714, 2, 529, 23, '2005-05-17'),
(715, 6, 928, 5, '2024-10-29'),
(716, 3, 913, 5, '2019-11-16'),
(717, 1, 771, 12, '2020-01-07'),
(718, 5, 246, 27, '2011-07-18'),
(719, 6, 853, 28, '2006-05-25'),
(720, 5, 830, 23, '2018-06-18'),
(721, 1, 76, 34, '2013-09-30'),
(722, 4, 256, 30, '2017-11-11'),
(723, 6, 37, 31, '2023-08-11'),
(724, 2, 575, 38, '2025-02-17'),
(725, 6, 829, 34, '2021-08-03'),
(726, 5, 286, 10, '2007-12-29'),
(727, 1, 141, 13, '2001-04-01'),
(728, 4, 280, 11, '2000-12-10'),
(729, 3, 707, 38, '2003-06-24'),
(730, 4, 247, 23, '2022-12-01'),
(731, 5, 385, 35, '2013-09-16'),
(733, 4, 435, 20, '2006-07-19'),
(734, 5, 789, 8, '2025-10-11'),
(735, 3, 330, 24, '2000-03-05'),
(736, 1, 420, 10, '2004-05-17'),
(737, 6, 762, 30, '2016-10-21'),
(738, 4, 523, 15, '2018-11-21'),
(739, 4, 302, 18, '2001-08-19'),
(740, 4, 122, 36, '2025-07-04'),
(741, 3, 810, 1, '2013-02-26'),
(742, 2, 821, 30, '2008-01-26'),
(743, 4, 430, 22, '2024-05-10'),
(744, 3, 850, 14, '2013-01-24'),
(745, 4, 769, 24, '2002-12-22'),
(746, 1, 417, 34, '2021-07-27'),
(747, 5, 676, 23, '2001-08-26'),
(748, 5, 533, 35, '2003-07-12'),
(749, 2, 996, 7, '2001-10-05'),
(750, 4, 45, 40, '2023-03-13'),
(751, 6, 928, 13, '2016-04-28'),
(752, 2, 374, 26, '2024-05-12'),
(753, 1, 806, 10, '2001-06-06'),
(754, 1, 717, 4, '2006-07-10'),
(755, 2, 789, 12, '2014-09-10'),
(756, 1, 432, 36, '2020-12-27'),
(757, 6, 318, 33, '2012-04-10'),
(758, 2, 997, 6, '2003-10-23'),
(759, 5, 322, 9, '2021-01-21'),
(760, 3, 436, 33, '2024-08-08'),
(761, 5, 856, 29, '2005-03-04'),
(762, 3, 467, 23, '2004-11-03'),
(763, 2, 484, 27, '2019-05-23'),
(764, 6, 655, 3, '2009-12-04'),
(765, 1, 479, 29, '2008-08-05'),
(766, 2, 371, 36, '2008-12-28'),
(767, 2, 1007, 25, '2000-09-21'),
(768, 4, 519, 20, '2013-11-30'),
(769, 1, 594, 16, '2007-05-21'),
(770, 2, 419, 12, '2006-02-17'),
(771, 6, 773, 33, '2014-12-22'),
(772, 4, 831, 7, '2014-03-01'),
(773, 4, 223, 37, '2013-08-27'),
(774, 4, 318, 21, '2009-10-16'),
(775, 1, 406, 14, '2007-12-04'),
(776, 5, 372, 17, '2015-04-12'),
(777, 5, 406, 10, '2001-08-01'),
(778, 4, 594, 16, '2014-05-04'),
(779, 6, 425, 6, '2016-06-18'),
(780, 5, 638, 11, '2008-12-16'),
(781, 3, 923, 1, '2005-07-05'),
(782, 1, 537, 13, '2018-10-26'),
(783, 1, 815, 26, '2010-07-03'),
(784, 1, 317, 14, '2016-11-29'),
(785, 4, 90, 31, '2013-09-02'),
(786, 4, 662, 14, '2010-02-23'),
(787, 4, 692, 2, '2005-05-25'),
(788, 1, 799, 1, '2018-01-05'),
(789, 3, 912, 26, '2004-07-18'),
(790, 2, 793, 22, '2001-03-15'),
(791, 2, 702, 6, '2015-04-27'),
(792, 5, 288, 29, '2021-10-08'),
(793, 4, 237, 3, '2007-03-18'),
(794, 4, 468, 38, '2025-03-16'),
(795, 3, 999, 18, '2009-05-10'),
(796, 1, 455, 1, '2009-02-13'),
(797, 2, 291, 25, '2015-09-15'),
(798, 5, 271, 15, '2017-04-10'),
(800, 6, 649, 39, '2014-12-26'),
(801, 1, 883, 40, '2015-03-28'),
(802, 1, 753, 2, '2012-08-03'),
(803, 2, 276, 16, '2001-05-04'),
(804, 3, 759, 11, '2011-11-14'),
(805, 2, 766, 24, '2009-09-01'),
(806, 1, 626, 1, '2016-04-29'),
(807, 1, 1008, 14, '2011-09-13'),
(808, 2, 124, 22, '2011-09-24'),
(809, 5, 788, 8, '2017-06-26'),
(810, 4, 865, 11, '2011-07-09'),
(811, 4, 234, 35, '2009-09-15'),
(812, 3, 896, 16, '2022-01-25'),
(813, 4, 803, 29, '2005-03-02'),
(814, 6, 664, 10, '2018-07-14'),
(815, 2, 660, 40, '2012-03-02'),
(816, 3, 1006, 7, '2006-07-26'),
(817, 4, 508, 20, '2012-08-31'),
(818, 5, 193, 40, '2025-12-01'),
(819, 1, 750, 23, '2016-03-28'),
(820, 3, 140, 15, '2000-06-13'),
(821, 5, 328, 17, '2015-07-25'),
(822, 1, 1002, 33, '2024-07-01'),
(823, 5, 934, 7, '2008-07-13'),
(824, 4, 235, 21, '2000-07-26'),
(825, 2, 680, 25, '2011-10-29'),
(826, 3, 983, 10, '2025-06-02'),
(827, 3, 174, 18, '2020-05-24'),
(828, 4, 877, 2, '2019-11-20'),
(829, 2, 214, 12, '2020-09-28'),
(830, 5, 430, 11, '2006-06-29'),
(831, 1, 224, 31, '2020-05-02'),
(832, 4, 255, 17, '2014-03-07'),
(833, 3, 81, 3, '2011-03-02'),
(834, 1, 521, 27, '2021-01-29'),
(835, 1, 147, 14, '2024-04-18'),
(836, 5, 526, 23, '2000-06-22'),
(837, 2, 971, 33, '2000-09-05'),
(838, 6, 551, 14, '2010-12-02'),
(839, 5, 753, 14, '2008-12-29'),
(840, 1, 188, 18, '2015-06-08'),
(841, 2, 443, 1, '2024-10-28'),
(842, 6, 164, 12, '2016-06-20'),
(843, 4, 335, 34, '2013-02-27'),
(844, 4, 662, 28, '2014-08-03'),
(845, 5, 350, 2, '2012-02-10'),
(846, 6, 119, 23, '2007-04-07'),
(847, 4, 596, 13, '2002-01-18'),
(848, 6, 967, 8, '2012-05-14'),
(849, 6, 897, 37, '2010-03-15'),
(850, 4, 905, 11, '2012-02-11'),
(851, 6, 82, 6, '2019-05-21'),
(852, 2, 718, 35, '2018-08-30'),
(853, 2, 971, 30, '2017-04-03'),
(854, 5, 858, 12, '2022-08-05'),
(855, 4, 926, 20, '2021-11-29'),
(856, 5, 829, 9, '2023-08-19'),
(857, 3, 684, 38, '2018-11-03'),
(858, 4, 135, 5, '2003-09-12'),
(859, 4, 90, 33, '2008-01-04'),
(860, 4, 490, 16, '2018-09-06'),
(861, 6, 893, 6, '2025-11-10'),
(862, 6, 961, 35, '2007-08-08'),
(863, 6, 550, 7, '2006-12-10'),
(864, 4, 446, 31, '2018-07-14'),
(865, 5, 413, 7, '2015-08-13'),
(866, 3, 973, 3, '2024-11-30'),
(867, 4, 194, 1, '2003-07-15'),
(868, 3, 832, 19, '2019-06-01'),
(869, 4, 388, 22, '2021-11-08'),
(870, 1, 398, 25, '2007-05-17'),
(871, 1, 667, 8, '2002-10-07'),
(872, 2, 1009, 35, '2018-08-22'),
(873, 4, 846, 5, '2009-04-10'),
(874, 5, 985, 9, '2019-12-17'),
(875, 6, 329, 8, '2007-03-06'),
(876, 4, 204, 35, '2020-03-21'),
(877, 2, 121, 29, '2004-12-09'),
(878, 4, 997, 34, '2010-02-01'),
(879, 1, 84, 2, '2009-04-29'),
(880, 2, 935, 24, '2021-10-30'),
(881, 3, 161, 13, '2021-01-02'),
(882, 2, 261, 24, '2002-09-15'),
(884, 1, 684, 27, '2010-01-20'),
(885, 6, 663, 23, '2020-06-13'),
(886, 5, 602, 6, '2016-04-21'),
(887, 1, 249, 8, '2008-11-07'),
(888, 3, 817, 40, '2024-08-07'),
(890, 5, 797, 40, '2025-08-04'),
(892, 5, 570, 25, '2007-12-12'),
(893, 3, 981, 39, '2012-05-31'),
(894, 2, 619, 2, '2023-12-06'),
(895, 2, 81, 15, '2023-10-28'),
(896, 5, 288, 38, '2025-05-03'),
(897, 1, 535, 35, '2016-11-26'),
(898, 5, 984, 5, '2010-07-15'),
(899, 4, 988, 33, '2017-08-31'),
(900, 4, 472, 3, '2016-01-07'),
(901, 5, 782, 35, '2009-08-21'),
(902, 1, 857, 39, '2013-02-10'),
(904, 2, 73, 24, '2024-10-01'),
(905, 4, 263, 1, '2021-07-30'),
(906, 4, 864, 9, '2015-05-26'),
(907, 2, 132, 36, '2018-01-15'),
(908, 3, 917, 13, '2011-08-14'),
(909, 6, 316, 34, '2019-05-29'),
(910, 2, 813, 5, '2002-01-20'),
(911, 4, 672, 19, '2008-04-13'),
(912, 4, 591, 28, '2020-12-26'),
(913, 3, 35, 30, '2000-12-27'),
(914, 1, 355, 24, '2017-12-29'),
(915, 4, 606, 38, '2005-05-28'),
(916, 2, 392, 37, '2023-07-09'),
(917, 6, 643, 33, '2013-09-29'),
(918, 3, 285, 18, '2021-03-07'),
(919, 6, 357, 24, '2014-11-08'),
(920, 3, 601, 9, '2001-06-15'),
(921, 5, 314, 1, '2006-03-23'),
(923, 2, 378, 24, '2011-03-01'),
(924, 3, 134, 15, '2017-07-01'),
(925, 6, 884, 30, '2008-04-29'),
(926, 5, 735, 9, '2015-01-26'),
(927, 5, 88, 9, '2003-04-07'),
(928, 6, 921, 20, '2017-06-11'),
(929, 4, 616, 38, '2008-09-11'),
(930, 6, 571, 15, '2000-11-19'),
(931, 2, 973, 28, '2003-07-12'),
(932, 1, 142, 28, '2004-12-25'),
(933, 6, 214, 26, '2020-07-01'),
(934, 1, 62, 23, '2023-08-20'),
(935, 3, 370, 17, '2025-07-04'),
(936, 4, 303, 36, '2001-05-12'),
(937, 5, 217, 16, '2012-06-19'),
(938, 1, 815, 27, '2024-12-28'),
(939, 4, 176, 25, '2006-09-05'),
(940, 6, 903, 26, '2023-11-01'),
(941, 5, 492, 2, '2025-09-18'),
(942, 5, 372, 16, '2019-05-01'),
(943, 2, 342, 18, '2011-06-08'),
(944, 2, 215, 40, '2009-06-08'),
(945, 2, 609, 31, '2018-07-18'),
(946, 4, 634, 33, '2002-04-24'),
(947, 2, 606, 25, '2024-09-10'),
(948, 2, 792, 18, '2024-06-10'),
(949, 3, 648, 11, '2004-01-18'),
(950, 6, 224, 9, '2022-09-05'),
(951, 5, 698, 4, '2007-03-13'),
(952, 3, 503, 12, '2001-11-07'),
(953, 1, 937, 7, '2018-09-24'),
(954, 1, 496, 3, '2017-04-30'),
(955, 4, 406, 4, '2011-07-22'),
(956, 4, 422, 22, '2015-07-15'),
(957, 5, 202, 31, '2014-10-14'),
(958, 3, 570, 40, '2017-03-27'),
(959, 1, 420, 35, '2017-07-25'),
(960, 1, 820, 9, '2014-01-15'),
(961, 4, 934, 12, '2025-04-30'),
(962, 5, 356, 21, '2010-05-20'),
(963, 1, 259, 19, '2025-03-28'),
(964, 6, 618, 20, '2002-07-29'),
(965, 5, 944, 21, '2023-04-20'),
(966, 2, 301, 28, '2000-07-07'),
(967, 1, 824, 19, '2022-08-28'),
(968, 3, 825, 8, '2015-06-01'),
(969, 4, 653, 12, '2003-08-19'),
(970, 2, 528, 8, '2012-10-03'),
(971, 2, 133, 39, '2007-03-16'),
(972, 4, 180, 14, '2009-10-31'),
(973, 3, 130, 5, '2002-11-29'),
(974, 1, 754, 23, '2014-01-09'),
(975, 4, 597, 21, '2000-11-26'),
(976, 3, 362, 4, '2018-01-29'),
(977, 1, 427, 35, '2002-07-13'),
(978, 3, 276, 30, '2005-08-03'),
(979, 2, 703, 18, '2009-02-17'),
(980, 6, 545, 26, '2000-08-27'),
(981, 6, 699, 30, '2021-08-08'),
(982, 4, 480, 7, '2001-03-22'),
(983, 6, 96, 33, '2019-09-22'),
(984, 2, 422, 24, '2021-10-18'),
(985, 2, 396, 13, '2015-01-05'),
(986, 6, 408, 3, '2019-06-03'),
(987, 5, 177, 15, '2019-02-03'),
(988, 3, 540, 14, '2025-05-15'),
(989, 4, 532, 21, '2015-04-29'),
(990, 1, 315, 2, '2009-04-07'),
(991, 4, 885, 18, '2018-05-01'),
(992, 3, 873, 1, '2022-05-18'),
(993, 5, 653, 38, '2016-08-16'),
(994, 2, 282, 37, '2006-10-15'),
(995, 3, 114, 40, '2018-01-07'),
(996, 6, 525, 31, '2002-08-13'),
(997, 6, 979, 25, '2007-03-30'),
(998, 2, 164, 31, '2018-01-21'),
(999, 1, 334, 26, '2022-03-30'),
(1000, 3, 163, 28, '2012-11-22');

-- --------------------------------------------------------

--
-- Struktura tabeli dla tabeli `przedmioty`
--

CREATE TABLE `przedmioty` (
  `id_przedmiotu` int(11) NOT NULL,
  `nazwa` varchar(100) COLLATE utf8_polish_ci DEFAULT NULL,
  `skrot` varchar(10) COLLATE utf8_polish_ci DEFAULT NULL
) ENGINE=InnoDB DEFAULT CHARSET=utf8 COLLATE=utf8_polish_ci;

--
-- Zrzut danych tabeli `przedmioty`
--

INSERT INTO `przedmioty` (`id_przedmiotu`, `nazwa`, `skrot`) VALUES
(1, 'Administracja bazami danych', 'Abd'),
(2, 'Administracja sieciowymi systemami operacyjnymi', 'Asso'),
(3, 'Biologia', 'B'),
(4, 'Chemia', 'C'),
(5, 'Działalność gospodarcza w branży informatycznej', 'Dgwb'),
(6, 'Edukacja dla bezpieczeństwa', 'edb'),
(7, 'Fizyka w przedmiotach medycznych', 'Fwpm'),
(8, 'Fizyka z astronomią', 'Fza'),
(9, 'Geografia', 'G'),
(10, 'Historia', 'H'),
(11, 'Historia i społeczeństwo', 'His'),
(12, 'informatyka', 'inf'),
(13, 'Język angielski', 'Ja'),
(14, 'Język angielski w praktyce', 'Jawp'),
(15, 'Język angielski zawodowy w branży informatycznej', 'Jazw'),
(16, 'Język niemiecki', 'Jn'),
(17, 'Język polski', 'Jp'),
(18, 'Język rosyjski', 'Jr'),
(19, 'Matematyka', 'mat'),
(20, 'Matematyka w przedmiotach przyrodniczych', 'Mwpp'),
(21, 'Podstawy przedsiębiorczości', 'Pp'),
(22, 'Programowanie aplikacji internetowych', 'Pai'),
(23, 'Przyroda', 'P'),
(24, 'Religia / Etyka', 'R/E'),
(25, 'Sieci komputerowe', 'Sk'),
(26, 'Systemy bazy danych', 'Sbd'),
(27, 'Systemy operacyjne', 'So'),
(28, 'Urządzenia techniki komputerowej', 'Utk'),
(29, 'Wiedza o kulturze', 'Wok'),
(30, 'Wiedza o społeczeństwie', 'Wos'),
(31, 'Witryny i aplikacje internetowe', 'Wiai'),
(32, 'WOS w dziennikarstwie i komunikacji', 'Wwdi'),
(33, 'Wychowanie fizyczne', 'Wf'),
(34, 'Zajęcia biblioteczne', 'zajb'),
(35, 'Zajęcia z pedagogiem', 'Zajp'),
(36, 'Zajęcia z wychowawcą', 'Zzw'),
(37, 'Diagnostyka i naprawa urządzeń techniki komputerowej', 'Din'),
(38, 'Zachowanie', 'Zach'),
(39, 'Praktyki zawodowa', 'Pr'),
(40, 'Projektowanie i montaż lokalnych sieci komputerowych\r', 'Pim');

-- --------------------------------------------------------

--
-- Struktura tabeli dla tabeli `uczen`
--

CREATE TABLE `uczen` (
  `id_ucznia` int(11) NOT NULL,
  `Nazwisko` varchar(50) COLLATE utf8_polish_ci DEFAULT NULL,
  `Imie` varchar(30) COLLATE utf8_polish_ci DEFAULT NULL,
  `Miejscowosc` varchar(100) COLLATE utf8_polish_ci DEFAULT NULL,
  `Ulica` varchar(50) COLLATE utf8_polish_ci DEFAULT NULL,
  `Nr_domu` varchar(7) COLLATE utf8_polish_ci DEFAULT NULL,
  `Data_ur` date DEFAULT NULL,
  `Data_rozpoczecia_nauki` date DEFAULT NULL,
  `Miejsce_urodzenia` varchar(30) COLLATE utf8_polish_ci DEFAULT NULL,
  `id_klasy` int(11) DEFAULT NULL,
  `Koniec_nauki` bit(1) DEFAULT NULL,
  `Notatki_o _uczniu` mediumtext COLLATE utf8_polish_ci DEFAULT NULL,
  `Zdjecie` mediumblob DEFAULT NULL,
  `Komitet` decimal(8,2) DEFAULT NULL
) ENGINE=InnoDB DEFAULT CHARSET=utf8 COLLATE=utf8_polish_ci;

--
-- Zrzut danych tabeli `uczen`
--

INSERT INTO `uczen` (`id_ucznia`, `Nazwisko`, `Imie`, `Miejscowosc`, `Ulica`, `Nr_domu`, `Data_ur`, `Data_rozpoczecia_nauki`, `Miejsce_urodzenia`, `id_klasy`, `Koniec_nauki`, `Notatki_o _uczniu`, `Zdjecie`, `Komitet`) VALUES
(32, 'Iakacki', 'Dawid', 'Skawa', 'Wojska Polskiego', '208', '1965-06-22', '2001-09-01', 'Zakopane', 11, b'1', NULL, NULL, '46.00'),
(33, 'Krzak', 'Jan', 'Nowy Targ', NULL, '6', '1990-09-09', '2007-09-01', 'Kraków', 8, b'1', NULL, NULL, '100.00'),
(34, 'Kamacki', 'Norbert', 'Mszana', 'Brzozowa', '296', '1980-02-14', '2001-09-01', 'Sucha Beskidzka', 10, b'1', NULL, NULL, NULL),
(35, 'Lanacki', 'Bartłomiej', 'Skawa', 'Cyprysowa', '238', '1994-12-18', '2001-09-01', 'Kraków', 13, b'0', NULL, NULL, '24.00'),
(36, 'Maoacki', 'Szymon', 'Kraków', 'Dębowa', '21', '1980-04-15', '2001-09-01', 'Warszawa', 3, b'0', NULL, NULL, '16.00'),
(37, 'Napacki', 'Michał', 'Niedzwiedz', 'Jaśminowa', '88', '1974-12-06', '2001-09-01', 'Katowice', 4, b'0', NULL, NULL, '52.00'),
(38, 'Oaracki', 'Maksymilian', 'Raba', 'Leszczynowa', '261', '1980-03-12', '2001-09-01', 'Mszana Dolna', 9, b'0', NULL, NULL, '6.00'),
(39, 'Pasacki', 'Kamil', 'Rabka-Zdrój', 'Morwowa', '270', '1981-04-03', '2001-09-01', 'Czarny Dunajec', 8, b'0', NULL, NULL, '14.00'),
(40, 'Ratacki', 'Michał', 'Niedzwiedz', NULL, '120', '1997-10-18', '2001-09-01', 'Krościenko', 5, b'0', NULL, NULL, '24.00'),
(41, 'Sawacki', 'Jakub', 'Rabka-Zdrój', 'Wierzbowa', '108', '1969-09-29', '2001-09-01', 'Rabka - Zdrój', 7, b'1', NULL, NULL, '58.00'),
(42, 'Taxacki', 'Grzegorz', 'Rabka-Zdrój', 'Brzozowa', '117', '1968-03-24', '2001-09-01', 'Zakopane', 4, b'0', NULL, NULL, '6.00'),
(43, 'Wayacki', 'Artur', 'Skawa', 'Kościelna', '249', '1971-03-06', '2001-09-01', 'Nowy Targ', 7, b'0', NULL, NULL, '42.00'),
(44, 'Xazacki', 'Krystian', 'Raba', 'Spacerowa', '80', '1985-01-10', '2001-09-01', 'Sucha Beskidzka', 7, b'0', NULL, NULL, '46.00'),
(45, 'Yaaacki', 'Bartosz', 'Skawa', 'Strażacka', '135', '1994-07-11', '2001-09-01', 'Kraków', 6, b'0', NULL, NULL, '56.00'),
(46, 'Zacacki', 'Szymon', 'Kraków', 'Dębowa', '91', '1978-03-16', '2001-09-01', 'Warszawa', NULL, b'1', NULL, NULL, '24.00'),
(47, 'Aadacki', 'Piotr', 'Łetownia', 'Jaśminowa', '282', '1982-01-14', '2001-09-01', 'Katowice', NULL, b'0', NULL, NULL, '18.00'),
(48, 'Baeacki', 'Patryk', 'Mszana', NULL, '129', '1980-04-12', '2001-09-01', 'Mszana Dolna', NULL, b'0', NULL, NULL, '7.00'),
(49, 'Cafacki', 'Michał', 'Niedzwiedz', 'Brzozowa', '217', '1993-09-08', '2001-09-01', 'Czarny Dunajec', 10, b'0', NULL, NULL, '19.00'),
(50, 'Dagacki', 'Robert', 'Łetownia', 'Garncarska', '10', '1995-02-10', '2001-09-01', 'Krościenko', 10, b'0', NULL, NULL, '43.00'),
(51, 'Eahacki', 'Marcin', 'Podwilk', 'Henryka Brodatego', '144', '1973-12-01', '2001-09-01', 'Rabka - Zdrój', 7, b'1', NULL, NULL, '12.00'),
(52, 'Faiacki', 'Łukasz', 'Raba', 'Kopernika', '83', '1994-05-21', '2001-09-01', 'Zakopane', 9, b'0', NULL, NULL, '4.00'),
(53, 'Gajacki', 'Sławomir', 'Kraków', 'Kościelna', '208', '1992-01-24', '2001-09-01', 'Nowy Targ', 6, b'0', NULL, NULL, '48.00'),
(54, 'Hakacki', 'Daniel', 'Skawa', 'Brzozowa', '237', '1973-06-23', '2001-09-01', 'Sucha Beskidzka', 11, b'0', NULL, NULL, '18.00'),
(55, 'Ialacki', 'Artur', 'Skawa', 'Cisowa', '223', '1994-04-04', '2001-09-01', 'Kraków', 11, b'0', NULL, NULL, '0.00'),
(56, 'Jamacki', 'Michał', 'Nowy Targ', 'Dębowa', '209', '1969-08-16', '2001-09-01', 'Warszawa', 2, b'0', NULL, NULL, '13.00'),
(57, 'Kanacki', 'Wojciech', 'Jordanów', NULL, '77', '1976-01-04', '2001-09-01', 'Katowice', 5, b'0', NULL, NULL, NULL),
(58, 'Laoacki', 'Damian', 'Skawa', 'Brzozowa', '145', '1980-09-23', '2001-09-01', 'Mszana Dolna', 3, b'0', NULL, NULL, '20.00'),
(59, 'Mapacki', 'Klaudiusz', 'Raba', 'Dębowa', '266', '1972-12-14', '2001-09-01', 'Czarny Dunajec', 9, b'0', NULL, NULL, '51.00'),
(60, 'Naracki', 'Robert', 'Łetownia', 'Jaśminowa', '234', '1967-08-15', '2001-09-01', 'Krościenko', 1, b'0', NULL, NULL, '0.00'),
(61, 'Oasacki', 'Mikołaj', 'Niedzwiedz', 'Na Skarpie', '172', '1995-12-27', '2001-09-01', 'Rabka - Zdrój', 2, b'0', NULL, NULL, '54.00'),
(62, 'Patacki', 'Mateusz', 'Osielec', 'Piaskowa', '14', '1989-06-09', '2001-09-01', 'Zakopane', 12, b'0', NULL, NULL, '9.00'),
(63, 'Rawacki', 'Bartłomiej', 'Skawa', 'Spacerowa', '41', '1995-08-20', '2001-09-01', 'Nowy Targ', 1, b'0', NULL, NULL, '37.00'),
(64, 'Saxacki', 'Jan', 'Rabka-Zdrój', 'Spokojna', '134', '1996-05-04', '2001-09-01', 'Sucha Beskidzka', 7, b'1', NULL, NULL, '5.00'),
(65, 'Tayacki', 'Filip', 'Sieniawa', 'Brzozowa', '125', '1993-10-28', '2001-09-01', 'Kraków', 10, b'0', NULL, NULL, '32.00'),
(66, 'Wazacki', 'Hubert', 'Rabka-Zdrój', NULL, '246', '1998-05-30', '2001-09-01', 'Warszawa', 7, b'1', NULL, NULL, '9.00'),
(67, 'Xaaacki', 'Tomasz', 'Jordanów', 'Husarska', '30', '1974-03-30', '2001-09-01', 'Katowice', 2, b'0', NULL, NULL, '47.00'),
(68, 'Yacacki', 'Tomasz', 'Jordanów', 'Jaśminowa', '63', '1994-06-02', '2001-09-01', 'Mszana Dolna', 9, b'0', NULL, NULL, '60.00'),
(69, 'Zadacki', 'Jakub', 'Rabka-Zdrój', 'Kościelna', '214', '1998-05-28', '2001-09-01', 'Czarny Dunajec', 13, b'0', NULL, NULL, '30.00'),
(70, 'Aaeacki', 'Tomasz', 'Jordanów', 'Sztabowa', '228', '1989-07-07', '2001-09-01', 'Krościenko', 9, b'0', NULL, NULL, '9.00'),
(71, 'Bafacki', 'Adrian', 'Zakopane', 'Bankowa', '75', '1992-07-28', '2001-09-01', 'Rabka - Zdrój', 7, b'0', NULL, NULL, '25.00'),
(72, 'Cagacki', 'Grzegorz', 'Rabka-Zdrój', 'Bohaterów Getta', '79', '1985-06-09', '2001-09-01', 'Zakopane', 11, b'0', NULL, NULL, '44.00'),
(73, 'Dahacki', 'Szymon', 'Kraków', 'Brzozowa', '181', '1999-05-24', '2001-09-01', 'Nowy Targ', 2, b'1', NULL, NULL, '44.00'),
(74, 'Eaiacki', 'Przemysław', 'Łetownia', 'Ceglana', '154', '1999-10-20', '2001-09-01', 'Sucha Beskidzka', 4, b'0', NULL, NULL, '15.00'),
(75, 'Fajacki', 'Marek', 'Podwilk', NULL, '257', '1980-08-19', '2001-09-01', 'Kraków', 13, b'0', NULL, NULL, '58.00'),
(76, 'Gakacki', 'Paweł', 'Mszana', 'Kopernika', '235', '1994-08-15', '2001-09-01', 'Warszawa', 4, b'0', NULL, NULL, '15.00'),
(77, 'Halacki', 'Radosław', 'Łetownia', 'Ostatnia', '140', '1965-07-17', '2001-09-01', 'Katowice', 5, b'0', NULL, NULL, '12.00'),
(78, 'Iamacki', 'Krzysztof', 'Raba', 'Prusa', '175', '1989-10-24', '2001-09-01', 'Mszana Dolna', 13, b'1', NULL, NULL, '0.00'),
(79, 'Janacki', 'Kacper', 'Rabka-Zdrój', 'Strażacka', '149', '1988-09-08', '2001-09-01', 'Czarny Dunajec', 1, b'0', NULL, NULL, '31.00'),
(80, 'Kaoacki', 'Jan', 'Rabka-Zdrój', 'Willowa', '233', '1978-01-01', '2001-09-01', 'Krościenko', 9, b'0', NULL, NULL, '16.00'),
(81, 'Lapacki', 'Szymon', 'Kraków', 'Wiosenna', '27', '1982-03-21', '2001-09-01', 'Rabka - Zdrój', 6, b'0', NULL, NULL, '18.00'),
(82, 'Maracki', 'Karol', 'Rabka-Zdrój', 'Włókniarzy', '254', '1972-06-25', '2001-09-01', 'Zakopane', 9, b'0', NULL, NULL, '9.00'),
(83, 'Nasacki', 'Sebastian', 'lubien', 'Rzeczna', '60', '1992-09-23', '2001-09-01', 'Nowy Targ', 1, b'1', NULL, NULL, '45.00'),
(84, 'Oatacki', 'Piotr', 'Łetownia', NULL, '255', '1992-01-27', '2001-09-01', 'Sucha Beskidzka', 2, b'0', NULL, NULL, '29.00'),
(85, 'Pawacki', 'Daniel', 'Skawa', 'Krótka', '2', '1976-03-19', '2001-09-01', 'Kraków', 8, b'0', NULL, NULL, NULL),
(86, 'Raxacki', 'Jakub', 'Rabka-Zdrój', 'Mickiewicza', '123', '1985-03-13', '2001-09-01', 'Warszawa', 11, b'0', NULL, NULL, '29.00'),
(87, 'Sayacki', 'Paweł', 'Mszana', 'Przemysłowa', '239', '1995-02-10', '2001-09-01', 'Katowice', 7, b'0', NULL, NULL, '2.00'),
(88, 'Tazacki', 'Hubert', 'Rabka-Zdrój', 'Podgórna', '161', '1965-07-19', '2001-09-01', 'Mszana Dolna', 12, b'0', NULL, NULL, '48.00'),
(89, 'Waaacki', 'Paweł', 'Mszana', 'Kasprowicza', '238', '1995-01-13', '2001-09-01', 'Czarny Dunajec', 2, b'0', NULL, NULL, '59.00'),
(90, 'Xacacki', 'Jakub', 'Rabka-Zdrój', 'Krótka', '128', '1990-01-27', '2001-09-01', 'Krościenko', 4, b'0', NULL, NULL, '25.00'),
(91, 'Yadacki', 'Wojciech', 'Jabłonka', 'Marcina', '215', '1991-11-11', '2001-09-01', 'Rabka - Zdrój', 8, b'0', NULL, NULL, '56.00'),
(92, 'Zaeacki', 'Alex', 'Spytkowice', 'Mostowa', '182', '1987-06-21', '2001-09-01', 'Zakopane', 3, b'0', NULL, NULL, '8.00'),
(93, 'Aafacki', 'Damian', 'Skawa', 'Podgórna', '114', '1977-02-12', '2001-09-01', 'Nowy Targ', 11, b'0', NULL, NULL, '37.00'),
(94, 'Bagacki', 'Bartosz', 'Skawa', 'Wiewiórowskiego', '173', '1977-03-25', '2001-09-01', 'Sucha Beskidzka', 8, b'0', NULL, NULL, '5.00'),
(95, 'Cahacki', 'Kamil', 'Rabka-Zdrój', 'Słoneczna', '295', '1990-08-07', '2001-09-01', 'Kraków', 5, b'0', NULL, NULL, '59.00'),
(96, 'Daiacki', 'Hubert', 'Rabka-Zdrój', NULL, '295', '1971-03-12', '2001-09-01', 'Warszawa', 8, b'1', NULL, NULL, '32.00'),
(97, 'Eajacki', 'Adam', 'Zakopane', 'Osiedlowa', '240', '1967-03-17', '2001-09-01', 'Katowice', 3, b'0', NULL, NULL, '28.00'),
(98, 'Fakacki', 'Dawid', 'Skawa', 'Głogowa', '10', '1969-01-26', '2001-09-01', 'Mszana Dolna', 6, b'1', NULL, NULL, '2.00'),
(99, 'Galacki', 'Łukasz', 'Raba', 'Krótka', '175', '1969-09-24', '2001-09-01', 'Czarny Dunajec', 3, b'0', NULL, NULL, '54.00'),
(100, 'Hamacki', 'Sebastian', 'Kraków', 'Nałkowskiej', '210', '1991-07-31', '2001-09-01', 'Krościenko', 3, b'0', NULL, NULL, '36.00'),
(101, 'Ianacki', 'Maciej', 'Raba', 'Słoneczna', '119', '1984-05-16', '2001-09-01', 'Rabka - Zdrój', 11, b'0', NULL, NULL, '60.00'),
(102, 'Jaoacki', 'Sebastian', 'Lubien', 'Jodłowa', '4', '1981-05-11', '2001-09-01', 'Zakopane', 9, b'0', NULL, NULL, '43.00'),
(103, 'Kapacki', 'Piotr', 'Łetownia', 'Letniskowa', '180', '1967-10-29', '2001-09-01', 'Nowy Targ', 8, b'0', NULL, NULL, '36.00'),
(104, 'Laracki', 'Kacper', 'Rabka-Zdrój', NULL, '203', '1981-01-07', '2001-09-01', 'Sucha Beskidzka', 13, b'0', NULL, NULL, '51.00'),
(105, 'Masacki', 'Jakub', 'Rabka-Zdrój', 'Słoneczna', '27', '1994-08-20', '2001-09-01', 'Kraków', 7, b'1', NULL, NULL, '17.00'),
(106, 'Natacki', 'Kacper', 'Rabka-Zdrój', 'Olchowa', '118', '1972-07-18', '2001-09-01', 'Warszawa', 6, b'0', NULL, NULL, '27.00'),
(107, 'Oawacki', 'Paweł', 'Mszana', 'Osiedlowa', '254', '1983-07-03', '2001-09-01', 'Katowice', 11, b'0', NULL, NULL, '51.00'),
(108, 'Paxacki', 'Tomasz', 'Jordanów', 'Przemysłowa', '172', '1999-01-08', '2001-09-01', 'Mszana Dolna', 10, b'0', NULL, NULL, '37.00'),
(109, 'Rayacki', 'Kamil', 'Rabka-Zdrój', 'Słoneczna', '132', '1978-01-01', '2001-09-01', 'Czarny Dunajec', 5, b'0', NULL, NULL, '12.00'),
(110, 'Sazacki', 'Arkadiusz', 'Skawa', 'Akwariowa', '63', '1982-04-30', '2001-09-01', 'Krościenko', 4, b'1', NULL, NULL, '49.00'),
(111, 'Taaacki', 'Wojciech', 'Jabłonka', 'Becińskiego', '224', '1968-02-17', '2001-09-01', 'Rabka - Zdrój', 3, b'0', NULL, NULL, '35.00'),
(112, 'Wacacki', 'Przemysław', 'Łetownia', 'Kasprowicza', '199', '1983-01-24', '2001-09-01', 'Zakopane', 6, b'0', NULL, NULL, '60.00'),
(113, 'Xadacki', 'Michał', 'Niedzwiedz', 'Krótka', '52', '1991-09-15', '2001-09-01', 'Nowy Targ', 10, b'0', NULL, NULL, '59.00'),
(114, 'Yaeacki', 'Dominik', 'Skawa', 'Mickiewicza', '140', '1966-10-26', '2001-09-01', 'Sucha Beskidzka', 10, b'0', NULL, NULL, NULL),
(115, 'Zafacki', 'Miłosz', 'Mszana', 'Płowiecka', '167', '1970-11-28', '2001-09-01', 'Kraków', 11, b'1', NULL, NULL, '52.00'),
(116, 'Aagacki', 'Mateusz', 'Osielec', NULL, '140', '1971-11-17', '2001-09-01', 'Warszawa', 11, b'0', NULL, NULL, '19.00'),
(117, 'Bahacki', 'Jan', 'Rabka-Zdrój', 'Słoneczna', '25', '1983-07-29', '2001-09-01', 'Katowice', 2, b'0', NULL, NULL, '23.00'),
(118, 'Caiacki', 'Maciej', 'Raba', 'Słowackiego', '41', '1975-07-19', '2001-09-01', 'Mszana Dolna', 4, b'0', NULL, NULL, '36.00'),
(119, 'Dajacki', 'Kamil', 'Rabka-Zdrój', 'Szpitalna', '43', '1987-02-06', '2001-09-01', 'Czarny Dunajec', 3, b'0', NULL, NULL, '4.00'),
(120, 'Eakacki', 'Krzysztof', 'Raba', 'Średnia', '250', '1976-12-29', '2001-09-01', 'Krościenko', 13, b'0', NULL, NULL, '41.00'),
(121, 'Falacki', 'Krystian', 'Raba', 'Zakątna', '185', '1979-02-04', '2001-09-01', 'Rabka - Zdrój', 6, b'0', NULL, NULL, '10.00'),
(122, 'Gamacki', 'Damian', 'Skawa', 'Żwirna', '46', '1988-07-07', '2001-09-01', 'Zakopane', 9, b'0', NULL, NULL, '7.00'),
(123, 'Hanacki', 'Bartłomiej', 'Skawa', 'Stok Wiatraczny', '246', '1998-04-01', '2001-09-01', 'Nowy Targ', 8, b'0', NULL, NULL, '1.00'),
(124, 'Iaoacki', 'Szymon', 'Kraków', 'Górczyńskiego', '25', '1995-07-14', '2001-09-01', 'Sucha Beskidzka', 10, b'0', NULL, NULL, '31.00'),
(125, 'Japacki', 'Adrian', 'Zakopane', 'Fabryczna', '239', '1967-07-28', '2001-09-01', 'Kraków', 11, b'0', NULL, NULL, '52.00'),
(126, 'Karacki', 'Adrian', 'Zakopane', 'Gagarina', '79', '1973-05-01', '2001-09-01', 'Warszawa', 7, b'0', NULL, NULL, '41.00'),
(127, 'Lasacki', 'Kacper', 'Rabka-Zdrój', 'Mickiewicza', '279', '1994-07-04', '2001-09-01', 'Katowice', 6, b'0', NULL, NULL, '50.00'),
(128, 'Matacki', 'Tomasz', 'Jordanów', NULL, '196', '1975-10-27', '2001-09-01', 'Mszana Dolna', 9, b'1', NULL, NULL, '18.00'),
(129, 'Nawacki', 'Sebastian', 'Lubien', 'Słoneczna', '256', '1974-06-09', '2001-09-01', 'Czarny Dunajec', 10, b'0', NULL, NULL, '20.00'),
(130, 'Oaxacki', 'Tomasz', 'Jordanów', 'Kasprowicza', '296', '1976-06-12', '2001-09-01', 'Krościenko', 4, b'1', NULL, NULL, '57.00'),
(131, 'Payacki', 'Mikołaj', 'Mszana', 'Krótka', '35', '1984-10-02', '2001-09-01', 'Rabka - Zdrój', 1, b'0', NULL, NULL, '5.00'),
(132, 'Razacki', 'Andrzej', 'Spytkowice', 'Mickiewicza', '57', '1975-11-18', '2001-09-01', 'Zakopane', 5, b'0', NULL, NULL, '42.00'),
(133, 'Saaacki', 'Jakub', 'Rabka-Zdrój', 'Płowiecka', '46', '1976-06-30', '2001-09-01', 'Nowy Targ', 1, b'0', NULL, NULL, '60.00'),
(134, 'Tacacki', 'Tomasz', 'Kraków', 'Sienkiewicza', '200', '1988-01-08', '2001-09-01', 'Sucha Beskidzka', 9, b'0', NULL, NULL, '41.00'),
(135, 'Wadacki', 'Daniel', 'Skawa', 'Słowackiego', '272', '1997-11-19', '2001-09-01', 'Kraków', 13, b'0', NULL, NULL, '22.00'),
(136, 'Xaeacki', 'Piotr', 'Łetownia', 'Żeromskiego', '52', '1972-04-29', '2001-09-01', 'Warszawa', 9, b'0', NULL, NULL, '23.00'),
(137, 'Yafacki', 'Marek', 'Podwilk', 'Kaliska', '31', '1986-02-16', '2001-09-01', 'Katowice', 2, b'1', NULL, NULL, '35.00'),
(138, 'Zagacki', 'Mateusz', 'Podwilk', 'Kasprowicza', '105', '1996-10-18', '2001-09-01', 'Mszana Dolna', 13, b'0', NULL, NULL, '51.00'),
(139, 'Aahacki', 'Kacper', 'Rabka-Zdrój', 'Krótka', '251', '1991-12-09', '2001-09-01', 'Czarny Dunajec', 13, b'0', NULL, NULL, '50.00'),
(140, 'Baiacki', 'Grzegorz', 'Rabka-Zdrój', 'Mostowa', '3', '1965-01-10', '2001-09-01', 'Krościenko', 9, b'0', NULL, NULL, '28.00'),
(141, 'Cajacki', 'Jan', 'Rabka-Zdrój', 'Rynek', '33', '1999-06-20', '2001-09-01', 'Rabka - Zdrój', 11, b'0', NULL, NULL, '57.00'),
(142, 'Dakacki', 'Remigiusz', 'Łetownia', 'Słoneczna', '205', '1997-06-08', '2002-09-01', 'Zakopane', 6, b'1', NULL, NULL, '42.00'),
(143, 'Ealacki', 'Sebastian', 'Lubien', NULL, '249', '1986-12-15', '2002-09-01', 'Nowy Targ', 7, b'0', NULL, NULL, '47.00'),
(144, 'Famacki', 'Piotr', 'Łetownia', 'Brzechwy', '193', '1968-10-31', '2002-09-01', 'Sucha Beskidzka', 3, b'0', NULL, NULL, '6.00'),
(145, 'Ganacki', 'Mikołaj', 'Niedzwiedz', 'Kolorowa', '63', '1980-04-10', '2002-09-01', 'Kraków', 4, b'0', NULL, NULL, '41.00'),
(146, 'Haoacki', 'Łukasz', 'Raba', 'Leśmiana', '207', '1985-04-06', '2002-09-01', 'Warszawa', 7, b'0', NULL, NULL, '48.00'),
(147, 'Iapacki', 'Jakub', 'Rabka-Zdrój', 'Nałkowskiej', '10', '1997-05-26', '2002-09-01', 'Katowice', 3, b'1', NULL, NULL, '17.00'),
(148, 'Jaracki', 'Mateusz', 'Osielec', 'Norwida', '37', '1990-09-06', '2002-09-01', 'Mszana Dolna', 10, b'0', NULL, NULL, '45.00'),
(149, 'Kasacki', 'Filip', 'Sieniawa', 'Podgórna', '132', '1991-02-15', '2002-09-01', 'Czarny Dunajec', 4, b'0', NULL, NULL, '16.00'),
(150, 'Latacki', 'Radosław', 'Łetownia', 'Słoneczna', '73', '1982-12-30', '2002-09-01', 'Krościenko', 10, b'0', NULL, NULL, '7.00'),
(151, 'Mawacki', 'Franciszek', 'Sieniawa', 'Tuwima', '35', '1999-06-02', '2002-09-01', 'Rabka - Zdrój', 9, b'0', NULL, NULL, '54.00'),
(152, 'Naxacki', 'Jarosław', 'Rabka-Zdrój', NULL, '206', '1970-01-20', '2002-09-01', 'Zakopane', 7, b'0', NULL, NULL, '45.00'),
(153, 'Oayacki', 'Adam', 'Zakopane', 'Bohaterów Czerwca 1956 r.', '288', '1995-06-20', '2002-09-01', 'Nowy Targ', 3, b'0', NULL, NULL, '55.00'),
(154, 'Pazacki', 'Aleksander', 'Spytkowice', 'Krótka', '289', '1982-06-17', '2002-09-01', 'Sucha Beskidzka', 8, b'0', NULL, NULL, NULL),
(155, 'Raaacki', 'Damian', 'Skawa', 'Chojnicka', '277', '1968-01-08', '2002-09-01', 'Kraków', 2, b'0', NULL, NULL, '30.00'),
(156, 'Sacacki', 'Sławomir', 'Kraków', 'Kolbego', '100', '1997-07-19', '2002-09-01', 'Warszawa', 12, b'0', NULL, NULL, '53.00'),
(157, 'Tadacki', 'Grzegorz', 'Rabka-Zdrój', 'Krótka', '98', '1972-08-23', '2002-09-01', 'Katowice', 12, b'0', NULL, NULL, '49.00'),
(158, 'Waeacki', 'Szymon', 'Kraków', 'Podgórna', '217', '1987-09-14', '2002-09-01', 'Mszana Dolna', 3, b'0', NULL, NULL, '52.00'),
(159, 'Xafacki', 'Adam', 'Zakopane', 'Przemysłowa', '30', '1980-06-18', '2002-09-01', 'Czarny Dunajec', 3, b'0', NULL, NULL, '19.00'),
(160, 'Yagacki', 'Jakub', 'Rabka-Zdrój', 'Ratuszowa', '185', '1996-01-02', '2002-09-01', 'Krościenko', 4, b'1', NULL, NULL, '10.00'),
(161, 'Zahacki', 'Łukasz', 'Raba', NULL, '140', '1969-07-28', '2002-09-01', 'Rabka - Zdrój', 7, b'0', NULL, NULL, '42.00'),
(162, 'Aaiacki', 'Dawid', 'Skawa', 'Szkolny', '12', '1996-05-07', '2002-09-01', 'Zakopane', 12, b'1', NULL, NULL, '48.00'),
(163, 'Bajacki', 'Jarosław', 'Rabka-Zdrój', '40-lecia', '36', '1974-06-09', '2002-09-01', 'Nowy Targ', 8, b'0', NULL, NULL, '53.00'),
(164, 'Cakacki', 'Jakub', 'Rabka-Zdrój', 'Chojnicka', '276', '1981-07-26', '2002-09-01', 'Sucha Beskidzka', 1, b'0', NULL, NULL, '11.00'),
(165, 'Dalacki', 'Dariusz', 'Skawa', 'Armii Krajowej', '76', '1977-05-09', '2002-09-01', 'Kraków', 10, b'0', NULL, NULL, '38.00'),
(166, 'Eamacki', 'Karol', 'Rabka-Zdrój', 'Stefana Batorego', '223', '1984-10-09', '2002-09-01', 'Warszawa', 6, b'0', NULL, NULL, '46.00'),
(167, 'Fanacki', 'Sebastian', 'Kraków', 'Bema', '232', '1989-02-21', '2002-09-01', 'Katowice', 4, b'0', NULL, NULL, '35.00'),
(168, 'Gaoacki', 'Gerard', 'Sidzina', 'Bławatkowa', '147', '1996-02-04', '2002-09-01', 'Mszana Dolna', 1, b'0', NULL, NULL, '10.00'),
(169, 'Hapacki', 'Damian', 'Skawa', 'Bukowa', '157', '1981-02-13', '2002-09-01', 'Czarny Dunajec', 2, b'1', NULL, NULL, '47.00'),
(170, 'Iaracki', 'Jakub', 'Rabka-Zdrój', NULL, '105', '1967-02-27', '2002-09-01', 'Krościenko', 3, b'0', NULL, NULL, '31.00'),
(171, 'Jasacki', 'Michał', 'Nowy Targ', 'Daszyńskiego', '81', '1996-10-01', '2002-09-01', 'Rabka - Zdrój', 5, b'0', NULL, NULL, '42.00'),
(172, 'Katacki', 'Albert', 'Trzebunia', 'Dąbka', '108', '1972-02-12', '2002-09-01', 'Zakopane', 13, b'0', NULL, NULL, '24.00'),
(173, 'Lawacki', 'Bartosz', 'Skawa', 'Dolne Młyny', '293', '1972-12-08', '2002-09-01', 'Nowy Targ', 13, b'0', NULL, NULL, '24.00'),
(174, 'Maxacki', 'Sebastian', 'Lubien', 'Górne Młyny', '34', '1986-09-20', '2002-09-01', 'Sucha Beskidzka', 4, b'1', NULL, NULL, '46.00'),
(175, 'Nayacki', 'Marcin', 'Podwilk', 'Jasna', '295', '1984-01-14', '2002-09-01', 'Kraków', 8, b'0', NULL, NULL, '53.00'),
(176, 'Oazacki', 'Maksymilian', 'Raba', 'Jeleniogórska', '267', '1968-09-22', '2002-09-01', 'Warszawa', 12, b'0', NULL, NULL, '1.00'),
(177, 'Paaacki', 'Adrian', 'Zakopane', 'Kleeberga', '44', '1996-01-30', '2002-09-01', 'Katowice', 7, b'0', NULL, NULL, '46.00'),
(178, 'Racacki', 'Tomasz', 'Jordanów', 'Klonowa', '283', '1973-04-11', '2002-09-01', 'Mszana Dolna', 11, b'0', NULL, NULL, '53.00'),
(179, 'Sadacki', 'Konrad', 'Raba', 'Komuny Paryskiej', '108', '1990-02-27', '2002-09-01', 'Czarny Dunajec', 3, b'1', NULL, NULL, '36.00'),
(180, 'Taeacki', 'Piotr', 'Łetownia', 'Konradowska', '82', '1986-11-26', '2002-09-01', 'Krościenko', 12, b'0', NULL, NULL, '8.00'),
(181, 'Wafacki', 'Mateusz', 'Podwilk', 'Kościuszki', '251', '1968-09-01', '2002-09-01', 'Rabka - Zdrój', 6, b'0', NULL, NULL, '16.00'),
(182, 'Xagacki', 'Jakub', 'Rabka-Zdrój', 'Kwiatowa', '290', '1980-04-02', '2002-09-01', 'Zakopane', 12, b'0', NULL, NULL, '44.00'),
(183, 'Yahacki', 'Łukasz', 'Raba', 'Lubańska', '2', '1982-03-25', '2002-09-01', 'Nowy Targ', 9, b'0', NULL, NULL, NULL),
(184, 'Zaiacki', 'Tomasz', 'Jordanów', 'Piastowski', '214', '1992-05-05', '2002-09-01', 'Sucha Beskidzka', 13, b'0', NULL, NULL, '56.00'),
(185, 'Aajacki', 'Jarosław', 'Rabka-Zdrój', 'Piłsudskiego', '65', '1981-07-17', '2002-09-01', 'Kraków', 3, b'0', NULL, NULL, '17.00'),
(186, 'Bakacki', 'Piotr', 'Łetownia', 'Reja', '271', '1973-07-08', '2002-09-01', 'Warszawa', 11, b'0', NULL, NULL, '32.00'),
(187, 'Calacki', 'Tomek', 'Zakopane', 'Rumianków', '246', '1969-06-21', '2002-09-01', 'Katowice', 1, b'0', NULL, NULL, '19.00'),
(188, 'Damacki', 'Eryk', 'Skawa', 'Sportowa', '96', '1998-04-16', '2002-09-01', 'Mszana Dolna', 4, b'0', NULL, NULL, '16.00'),
(189, 'Eanacki', 'Tomasz', 'Jordanów', 'Staszica', '277', '1977-04-29', '2002-09-01', 'Czarny Dunajec', 6, b'0', NULL, NULL, '1.00'),
(190, 'Faoacki', 'Mateusz', 'Osielec', 'Storczyków', '235', '1968-02-25', '2002-09-01', 'Krościenko', 12, b'0', NULL, NULL, '24.00'),
(191, 'Gapacki', 'Michał', 'NIedzwiedz', 'Śniadeckich', '90', '1999-06-12', '2002-09-01', 'Rabka - Zdrój', 7, b'0', NULL, NULL, '50.00'),
(192, 'Haracki', 'Szymon', 'Kraków', 'Tunelowa', '143', '1988-09-20', '2002-09-01', 'Zakopane', 4, b'1', NULL, NULL, '6.00'),
(193, 'Iasacki', 'Kamil', 'Rabka-Zdrój', NULL, '228', '1984-12-20', '2002-09-01', 'Nowy Targ', 3, b'0', NULL, NULL, '14.00'),
(194, 'Jatacki', 'Grzegorz', 'Rabka-Zdrój', 'Wróblewskiego', '281', '1999-04-12', '2002-09-01', 'Sucha Beskidzka', 1, b'1', NULL, NULL, '22.00'),
(195, 'Kawacki', 'Patryk', 'Mszana', 'Wybickiego', '160', '1966-08-13', '2002-09-01', 'Kraków', 2, b'0', NULL, NULL, '38.00'),
(196, 'Laxacki', 'Jakub', 'Rabka-Zdrój', 'Zacisze', '99', '1970-02-22', '2002-09-01', 'Warszawa', 10, b'0', NULL, NULL, '27.00'),
(197, 'Mayacki', 'Szymon', 'Kraków', 'Zaułek', '171', '1978-09-30', '2002-09-01', 'Katowice', 6, b'0', NULL, NULL, '40.00'),
(198, 'Nazacki', 'Tomasz', 'Jordanów', 'Zgorzelecka', '295', '1970-08-21', '2002-09-01', 'Mszana Dolna', 9, b'0', NULL, NULL, '9.00'),
(199, 'Oaaacki', 'Bartosz', 'Skawa', 'Bukowa', '165', '1966-01-14', '2002-09-01', 'Czarny Dunajec', 2, b'0', NULL, NULL, '51.00'),
(200, 'Pacacki', 'Patryk', 'Mszana', 'Czereśniowa', '44', '1976-01-11', '2002-09-01', 'Krościenko', 7, b'0', NULL, NULL, '25.00'),
(201, 'Radacki', 'Jakub', 'Rabka-zdrój', 'Główna', '78', '1981-08-24', '2002-09-01', 'Rabka - Zdrój', 1, b'1', NULL, NULL, '9.00'),
(202, 'Saeacki', 'Paweł', 'Mszana', 'Klonowa', '224', '1995-02-27', '2002-09-01', 'Zakopane', 6, b'0', NULL, NULL, '13.00'),
(203, 'Tafacki', 'Dawid', 'Skawa', 'Rubinowa', '135', '1980-03-11', '2002-09-01', 'Nowy Targ', 6, b'0', NULL, NULL, '14.00'),
(204, 'Wagacki', 'Krystian', 'Raba', 'Turkusowa', '130', '1973-05-08', '2002-09-01', 'Sucha Beskidzka', 11, b'0', NULL, NULL, '1.00'),
(205, 'Xahacki', 'Kacper', 'Rabka-Zdrój', NULL, '133', '1994-10-04', '2002-09-01', 'Kraków', 2, b'0', NULL, NULL, '33.00'),
(206, 'Yaiacki', 'Eryk', 'Skawa', 'Czereśniowa', '166', '1999-07-05', '2002-09-01', 'Warszawa', 8, b'1', NULL, NULL, '12.00'),
(207, 'Zajacki', 'Karol', 'Rabka-Zdrój', 'Kwiatowa', '235', '1987-03-16', '2002-09-01', 'Katowice', 13, b'0', NULL, NULL, NULL),
(208, 'Aakacki', 'Łukasz', 'Raba', 'Listopada', '108', '1974-01-18', '2002-09-01', 'Mszana Dolna', 3, b'0', NULL, NULL, '11.00'),
(209, 'Balacki', 'Tomasz', 'Jordanów', NULL, '274', '1989-03-16', '2002-09-01', 'Czarny Dunajec', 13, b'0', NULL, NULL, '6.00'),
(210, 'Camacki', 'Andrzej', 'Spytkowice', NULL, '263', '1973-09-14', '2002-09-01', 'Krościenko', 11, b'0', NULL, NULL, '26.00'),
(211, 'Danacki', 'Jakub', 'Rabka-Zdrój', NULL, '10', '1987-10-01', '2002-09-01', 'Rabka - Zdrój', 3, b'1', NULL, NULL, '1.00'),
(212, 'Eaoacki', 'Sebastian', 'Lubien', NULL, '71', '1999-06-26', '2002-09-01', 'Zakopane', 12, b'0', NULL, NULL, '51.00'),
(213, 'Fapacki', 'Eryk', 'Skawa', NULL, '180', '1998-03-26', '2002-09-01', 'Nowy Targ', 2, b'0', NULL, NULL, '6.00'),
(214, 'Garacki', 'Patryk', 'Mszana', NULL, '241', '1967-01-13', '2002-09-01', 'Sucha Beskidzka', 3, b'0', NULL, NULL, '29.00'),
(215, 'Hasacki', 'Maciej', 'Raba', NULL, '133', '1965-01-12', '2002-09-01', 'Kraków', 5, b'0', NULL, NULL, '40.00'),
(216, 'Iatacki', 'Sebastian', 'Kraków', NULL, '250', '1978-09-05', '2002-09-01', 'Warszawa', 3, b'0', NULL, NULL, '40.00'),
(217, 'Jawacki', 'Maciej', 'Raba', NULL, '165', '1966-07-22', '2002-09-01', 'Katowice', 6, b'0', NULL, NULL, '30.00'),
(218, 'Kaxacki', 'Kamil', 'Rabka-Zdrój', NULL, '265', '1975-12-25', '2002-09-01', 'Mszana Dolna', 2, b'0', NULL, NULL, '27.00'),
(219, 'Layacki', 'Dawid', 'Skawa', 'Bukowa', '138', '1984-10-17', '2002-09-01', 'Czarny Dunajec', 12, b'0', NULL, NULL, '45.00'),
(220, 'Mazacki', 'Aleksander', 'Spytkowice', 'Czereśniowa', '282', '1974-05-12', '2002-09-01', 'Krościenko', 13, b'0', NULL, NULL, '51.00'),
(221, 'Naaacki', 'Norbert', 'Mszana', 'Jasna', '142', '1995-06-23', '2002-09-01', 'Rabka - Zdrój', 12, b'0', NULL, NULL, '9.00'),
(222, 'Oacacki', 'Bartłomiej', 'Skawa', 'Klonowa', '298', '1991-12-01', '2002-09-01', 'Zakopane', 1, b'0', NULL, NULL, '57.00'),
(223, 'Padacki', 'Szymon', 'Kraków', 'Kwiatowa', '227', '1986-01-31', '2002-09-01', 'Nowy Targ', 5, b'0', NULL, NULL, '49.00'),
(224, 'Raeacki', 'Michał', 'Niedzwiedz', 'Lubańska', '227', '1969-07-20', '2002-09-01', 'Sucha Beskidzka', 2, b'1', NULL, NULL, '9.00'),
(225, 'Safacki', 'Maksymilian', 'Raba', 'Wiśniowa', '191', '1978-08-09', '2002-09-01', 'Kraków', 3, b'0', NULL, NULL, '58.00'),
(226, 'Tagacki', 'Kamil', 'Rabka-Zdrój', 'Bukowa', '235', '1995-09-10', '2002-09-01', 'Warszawa', 1, b'1', NULL, NULL, '52.00'),
(227, 'Wahacki', 'Michał', 'Niedzwiedz', 'Klonowa', '194', '1978-01-19', '2002-09-01', 'Katowice', 2, b'0', NULL, NULL, '50.00'),
(228, 'Xaiacki', 'Jakub', 'Rabka-Zdrój', 'Kwiatowa', '175', '1988-05-27', '2002-09-01', 'Mszana Dolna', 8, b'0', NULL, NULL, '18.00'),
(229, 'Yajacki', 'Grzegorz', 'Rabka-Zdrój', 'Sportowa', '140', '1995-11-29', '2002-09-01', 'Czarny Dunajec', 7, b'0', NULL, NULL, '44.00'),
(230, 'Zakacki', 'Artur', 'Skawa', 'Wiśniowa', '90', '1975-07-25', '2002-09-01', 'Krościenko', 1, b'0', NULL, NULL, NULL),
(231, 'Aalacki', 'Krystian', 'Raba', 'Boczna', '15', '1999-03-14', '2002-09-01', 'Rabka - Zdrój', 2, b'0', NULL, NULL, '27.00'),
(232, 'Bamacki', 'Bartosz', 'Skawa', 'Bukowa', '197', '1976-04-08', '2002-09-01', 'Zakopane', 13, b'0', NULL, NULL, NULL),
(233, 'Canacki', 'Szymon', 'Kraków', 'Jasna', '17', '1993-07-15', '2002-09-01', 'Nowy Targ', 2, b'1', NULL, NULL, '16.00'),
(234, 'Daoacki', 'Piotr', 'Łetownia', 'Klonowa', '110', '1992-02-17', '2002-09-01', 'Sucha Beskidzka', 1, b'0', NULL, NULL, '42.00'),
(235, 'Eapacki', 'Patryk', 'Mszana', 'Kościelny', '31', '1997-11-06', '2002-09-01', 'Kraków', 13, b'0', NULL, NULL, '48.00'),
(236, 'Faracki', 'Michał', 'Niedzwiedz', 'Kościuszki', '12', '1976-09-18', '2002-09-01', 'Warszawa', 1, b'0', NULL, NULL, '11.00'),
(237, 'Gasacki', 'Robert', 'Łetownia', 'Krańcowa', '153', '1981-03-09', '2002-09-01', 'Katowice', 11, b'0', NULL, NULL, NULL),
(238, 'Hatacki', 'Marcin', 'Podwilk', 'Kwiatowa', '154', '1997-10-08', '2002-09-01', 'Mszana Dolna', 1, b'1', NULL, NULL, '52.00'),
(239, 'Iawacki', 'Łukasz', 'Raba', 'Listopada', '37', '1965-10-18', '2002-09-01', 'Czarny Dunajec', 13, b'0', NULL, NULL, '60.00'),
(240, 'Jaxacki', 'Sławomir', 'Kraków', 'Maja', '221', '1968-02-09', '2002-09-01', 'Krościenko', 9, b'0', NULL, NULL, NULL),
(241, 'Kayacki', 'Daniel', 'Skawa', 'Pułaskiego', '186', '1982-08-08', '2002-09-01', 'Rabka - Zdrój', 12, b'0', NULL, NULL, '55.00'),
(242, 'Lazacki', 'Artur', 'Skawa', NULL, '39', '1999-06-07', '2002-09-01', 'Zakopane', 8, b'0', NULL, NULL, '43.00'),
(243, 'Maaacki', 'Michał', 'Nowy Targ', NULL, '65', '1972-06-13', '2002-09-01', 'Nowy Targ', 3, b'1', NULL, NULL, '50.00'),
(244, 'Nacacki', 'Wojciech', 'Jordanów', NULL, '293', '1999-10-22', '2002-09-01', 'Sucha Beskidzka', 1, b'0', NULL, NULL, '14.00'),
(245, 'Oadacki', 'Damian', 'Skawa', NULL, '261', '1976-03-13', '2002-09-01', 'Kraków', 12, b'0', NULL, NULL, '2.00'),
(246, 'Paeacki', 'Klaudiusz', 'Raba', NULL, '269', '1966-05-01', '2002-09-01', 'Warszawa', 4, b'0', NULL, NULL, '8.00'),
(247, 'Rafacki', 'Robert', 'Łetownia', NULL, '118', '1989-02-14', '2002-09-01', 'Katowice', 4, b'0', NULL, NULL, '28.00'),
(248, 'Sagacki', 'Mikołaj', 'Niedzwiedz', NULL, '271', '1980-06-08', '2002-09-01', 'Mszana Dolna', 5, b'0', NULL, NULL, '2.00'),
(249, 'Tahacki', 'Mateusz', 'Osielec', NULL, '120', '1966-06-04', '2002-09-01', 'Czarny Dunajec', 8, b'0', NULL, NULL, '40.00'),
(250, 'Waiacki', 'Bartłomiej', 'Skawa', NULL, '135', '1968-11-01', '2002-09-01', 'Krościenko', 1, b'0', NULL, NULL, '25.00'),
(251, 'Xajacki', 'Jan', 'Rabka-Zdrój', NULL, '39', '1968-05-26', '2002-09-01', 'Rabka - Zdrój', 6, b'0', NULL, NULL, '13.00'),
(252, 'Yakacki', 'Filip', 'Sieniawa', NULL, '23', '1974-12-21', '2002-09-01', 'Zakopane', 7, b'0', NULL, NULL, '34.00'),
(253, 'Zalacki', 'Hubert', 'Rabka-Zdrój', NULL, '238', '1985-05-23', '2002-09-01', 'Nowy Targ', 4, b'0', NULL, NULL, '60.00'),
(254, 'Aamacki', 'Tomasz', 'Jordanów', 'Garncarska', '278', '1974-07-22', '2002-09-01', 'Sucha Beskidzka', 3, b'0', NULL, NULL, '41.00'),
(255, 'Banacki', 'Tomasz', 'Jordanów', 'Jaśminowa', '15', '1997-11-20', '2002-09-01', 'Kraków', 4, b'0', NULL, NULL, '11.00'),
(256, 'Caoacki', 'Jakub', 'Rabka-Zdrój', 'Kopernika', '293', '1974-07-26', '2002-09-01', 'Warszawa', 11, b'1', NULL, NULL, '55.00'),
(257, 'Dapacki', 'Tomasz', 'Jordanów', 'Kościelna', '209', '1992-08-28', '2002-09-01', 'Katowice', 13, b'0', NULL, NULL, '51.00'),
(258, 'Earacki', 'Adrian', 'Zakopane', 'Leszczynowa', '291', '1970-04-23', '2002-09-01', 'Mszana Dolna', 10, b'1', NULL, NULL, '10.00'),
(259, 'Fasacki', 'Grzegorz', 'Rabka-Zdrój', 'Okrzei', '121', '1994-03-28', '2002-09-01', 'Czarny Dunajec', 1, b'0', NULL, NULL, '20.00'),
(260, 'Gatacki', 'Szymon', 'Kraków', 'Piaskowa', '180', '1972-10-06', '2002-09-01', 'Krościenko', 6, b'0', NULL, NULL, '0.00'),
(261, 'Hawacki', 'Przemysław', 'Łetownia', 'Pieszycka', '24', '1977-05-30', '2002-09-01', 'Rabka - Zdrój', 5, b'0', NULL, NULL, '22.00'),
(262, 'Iaxacki', 'Marek', 'Podwilk', 'Podwalna', '187', '1991-03-25', '2002-09-01', 'Zakopane', 10, b'0', NULL, NULL, '19.00'),
(263, 'Jayacki', 'Paweł', 'Mszana', 'Prusa', '195', '1971-04-17', '2002-09-01', 'Nowy Targ', 2, b'0', NULL, NULL, '8.00'),
(264, 'Kazacki', 'Radosław', 'Łetownia', 'Radiowców', '77', '1997-01-07', '2002-09-01', 'Sucha Beskidzka', 3, b'0', NULL, NULL, '16.00'),
(265, 'Laaacki', 'Krzysztof', 'Raba', 'Spacerowa', '182', '1969-02-09', '2002-09-01', 'Kraków', 4, b'1', NULL, NULL, '49.00'),
(266, 'Macacki', 'Kacper', 'Rabka-Zdrój', 'Spokojna', '40', '1988-08-04', '2002-09-01', 'Warszawa', 3, b'0', NULL, NULL, '32.00'),
(267, 'Nadacki', 'Jan', 'Rabka-Zdrój', 'Wierzbowa', '5', '1981-09-03', '2002-09-01', 'Katowice', 2, b'0', NULL, NULL, '39.00'),
(268, 'Oaeacki', 'Szymon', 'Kraków', 'Wiosenna', '69', '1976-09-15', '2002-09-01', 'Mszana Dolna', 1, b'0', NULL, NULL, '1.00'),
(269, 'Pafacki', 'Karol', 'Rabka-Zdrój', 'Bohaterów Getta', '31', '1973-07-15', '2002-09-01', 'Czarny Dunajec', 5, b'0', NULL, NULL, '40.00'),
(270, 'Ragacki', 'Sebastian', 'lubien', 'Dalsza', '272', '1982-07-27', '2002-09-01', 'Krościenko', 3, b'1', NULL, NULL, '21.00'),
(271, 'Sahacki', 'Piotr', 'Łetownia', 'Okrzei', '230', '1995-06-20', '2002-09-01', 'Rabka - Zdrój', 8, b'0', NULL, NULL, '4.00'),
(272, 'Taiacki', 'Daniel', 'Skawa', 'Piastów Śląskich', '293', '1984-06-10', '2002-09-01', 'Zakopane', 1, b'0', NULL, NULL, '14.00'),
(273, 'Wajacki', 'Jakub', 'Rabka-Zdrój', 'Kościelna', '240', '1984-03-19', '2002-09-01', 'Nowy Targ', 3, b'0', NULL, NULL, '26.00'),
(274, 'Xakacki', 'Paweł', 'Mszana', 'Kościuszki', '213', '1984-08-22', '2002-09-01', 'Sucha Beskidzka', 5, b'0', NULL, NULL, '46.00'),
(275, 'Yalacki', 'Hubert', 'Rabka-Zdrój', 'Kościelna', '244', '1982-08-15', '2002-09-01', 'Kraków', 1, b'1', NULL, NULL, '38.00'),
(276, 'Zamacki', 'Paweł', 'Mszana', 'Wierzbowa', '21', '1999-10-01', '2002-09-01', 'Warszawa', 6, b'0', NULL, NULL, '59.00'),
(277, 'Aanacki', 'Jakub', 'Rabka-Zdrój', 'Spacerowa', '8', '1966-01-13', '2002-09-01', 'Katowice', 10, b'0', NULL, NULL, '0.00'),
(278, 'Baoacki', 'Wojciech', 'Jabłonka', NULL, '109', '1991-09-17', '2002-09-01', 'Mszana Dolna', 10, b'0', NULL, NULL, '19.00'),
(279, 'Capacki', 'Alex', 'Spytkowice', NULL, '119', '1989-11-30', '2002-09-01', 'Czarny Dunajec', 9, b'0', NULL, NULL, '47.00'),
(280, 'Daracki', 'Damian', 'Skawa', NULL, '52', '1983-10-11', '2002-09-01', 'Krościenko', 7, b'0', NULL, NULL, '18.00'),
(281, 'Easacki', 'Bartosz', 'Skawa', NULL, '93', '1982-03-02', '2002-09-01', 'Rabka - Zdrój', 10, b'0', NULL, NULL, '58.00'),
(282, 'Fatacki', 'Kamil', 'Rabka-Zdrój', NULL, '283', '1986-03-19', '2002-09-01', 'Zakopane', 6, b'0', NULL, NULL, '56.00'),
(283, 'Gawacki', 'Hubert', 'Rabka-Zdrój', NULL, '91', '1980-12-19', '2002-09-01', 'Nowy Targ', 8, b'0', NULL, NULL, '25.00'),
(284, 'Haxacki', 'Adam', 'Zakopane', NULL, '135', '1985-02-16', '2002-09-01', 'Sucha Beskidzka', 1, b'0', NULL, NULL, '52.00'),
(285, 'Iayacki', 'Dawid', 'Skawa', NULL, '249', '1995-12-01', '2002-09-01', 'Kraków', 11, b'0', NULL, NULL, '56.00'),
(286, 'Jazacki', 'Łukasz', 'Raba', NULL, '243', '1968-03-02', '2002-09-01', 'Warszawa', 3, b'0', NULL, NULL, '1.00'),
(287, 'Kaaacki', 'Sebastian', 'Kraków', NULL, '115', '1966-09-18', '2002-09-01', 'Katowice', 1, b'0', NULL, NULL, '35.00'),
(288, 'Lacacki', 'Maciej', 'Raba', NULL, '96', '1976-10-15', '2002-09-01', 'Mszana Dolna', 1, b'1', NULL, NULL, '16.00'),
(289, 'Madacki', 'Sebastian', 'Lubien', NULL, '65', '1982-11-10', '2002-09-01', 'Czarny Dunajec', 10, b'0', NULL, NULL, '35.00'),
(290, 'Naeacki', 'Piotr', 'Łetownia', NULL, '210', '1965-11-26', '2002-09-01', 'Krościenko', 9, b'1', NULL, NULL, '18.00'),
(291, 'Oafacki', 'Kacper', 'Rabka-Zdrój', NULL, '185', '1969-07-18', '2002-09-01', 'Rabka - Zdrój', 3, b'0', NULL, NULL, '5.00'),
(292, 'Pagacki', 'Jakub', 'Rabka-Zdrój', NULL, '11', '1993-02-25', '2002-09-01', 'Zakopane', 10, b'0', NULL, NULL, '56.00'),
(293, 'Rahacki', 'Kacper', 'Rabka-Zdrój', NULL, '85', '1996-12-15', '2002-09-01', 'Nowy Targ', 13, b'0', NULL, NULL, '33.00'),
(294, 'Saiacki', 'Paweł', 'Mszana', NULL, '11', '1971-09-12', '2002-09-01', 'Sucha Beskidzka', 8, b'0', NULL, NULL, '37.00'),
(295, 'Tajacki', 'Tomasz', 'Jordanów', NULL, '228', '1998-02-12', '2002-09-01', 'Kraków', 8, b'0', NULL, NULL, '47.00'),
(296, 'Wakacki', 'Kamil', 'Rabka-Zdrój', NULL, '170', '1986-10-02', '2002-09-01', 'Warszawa', 10, b'0', NULL, NULL, '20.00'),
(297, 'Xalacki', 'Arkadiusz', 'Skawa', 'Gwiaździsta', '18', '1982-12-20', '2002-09-01', 'Katowice', 13, b'1', NULL, NULL, '14.00'),
(298, 'Yamacki', 'Wojciech', 'Jabłonka', 'Henryka Brodatego', '60', '1982-05-30', '2002-09-01', 'Mszana Dolna', 6, b'0', NULL, NULL, '17.00'),
(299, 'Zanacki', 'Przemysław', 'Łetownia', 'Jedności Robotniczej', '3', '1997-03-28', '2002-09-01', 'Czarny Dunajec', 9, b'0', NULL, NULL, '24.00'),
(300, 'Aaoacki', 'Michał', 'Niedzwiedz', 'Kadłubka', '95', '1972-10-22', '2002-09-01', 'Krościenko', 10, b'0', NULL, NULL, '51.00'),
(301, 'Bapacki', 'Dominik', 'Skawa', 'Kościelna', '291', '1989-05-24', '2002-09-01', 'Rabka - Zdrój', 9, b'0', NULL, NULL, '10.00'),
(302, 'Caracki', 'Miłosz', 'Mszana', 'Lompy', '241', '1997-10-15', '2002-09-01', 'Zakopane', 4, b'1', NULL, NULL, '17.00'),
(303, 'Dasacki', 'Mateusz', 'Osielec', 'Lotników', '203', '1991-10-09', '2002-09-01', 'Nowy Targ', 1, b'0', NULL, NULL, '14.00'),
(304, 'Eatacki', 'Jan', 'Rabka-Zdrój', 'Magazynowa', '165', '1986-02-15', '2002-09-01', 'Sucha Beskidzka', 3, b'0', NULL, NULL, '37.00'),
(305, 'Fawacki', 'Maciej', 'Raba', 'Narciarska', '194', '1981-08-22', '2002-09-01', 'Kraków', 5, b'0', NULL, NULL, '26.00'),
(306, 'Gaxacki', 'Kamil', 'Rabka-Zdrój', 'Piaskowa', '237', '1992-05-07', '2002-09-01', 'Warszawa', 11, b'0', NULL, NULL, '4.00'),
(307, 'Hayacki', 'Krzysztof', 'Raba', 'Plutona', '276', '1974-04-17', '2002-09-01', 'Katowice', 12, b'1', NULL, NULL, '60.00'),
(308, 'Iazacki', 'Krystian', 'Raba', 'Pola', '62', '1995-03-11', '2002-09-01', 'Mszana Dolna', 10, b'0', NULL, NULL, '39.00'),
(309, 'Jaaacki', 'Damian', 'Skawa', 'Północna', '69', '1987-12-27', '2002-09-01', 'Czarny Dunajec', 11, b'0', NULL, NULL, '45.00'),
(310, 'Kacacki', 'Bartłomiej', 'Skawa', NULL, '297', '1970-04-09', '2002-09-01', 'Krościenko', 2, b'0', NULL, NULL, '6.00'),
(311, 'Ladacki', 'Szymon', 'Kraków', 'Rudnowska', '61', '1990-09-19', '2002-09-01', 'Rabka - Zdrój', 9, b'0', NULL, NULL, '14.00'),
(312, 'Maeacki', 'Adrian', 'Zakopane', 'Skłodowskiej-Curie', '151', '1986-09-11', '2002-09-01', 'Zakopane', 6, b'0', NULL, NULL, '14.00'),
(313, 'Nafacki', 'Adrian', 'Zakopane', 'Spadzista', '23', '1974-10-29', '2002-09-01', 'Nowy Targ', 7, b'0', NULL, NULL, '54.00'),
(314, 'Oagacki', 'Kacper', 'Rabka-Zdrój', 'Spokojna', '136', '1980-10-23', '2002-09-01', 'Sucha Beskidzka', 8, b'0', NULL, NULL, '30.00'),
(315, 'Pahacki', 'Tomasz', 'Jordanów', 'Tarnopolska', '88', '1973-03-01', '2002-09-01', 'Kraków', 2, b'0', NULL, NULL, '51.00'),
(316, 'Raiacki', 'Sebastian', 'Lubien', 'Towarowa', '160', '1979-11-01', '2002-09-01', 'Warszawa', 5, b'0', NULL, NULL, '25.00'),
(317, 'Sajacki', 'Tomasz', 'Jordanów', 'Wawelska', '250', '1989-06-21', '2002-09-01', 'Katowice', 3, b'0', NULL, NULL, '38.00'),
(318, 'Takacki', 'Mikołaj', 'Mszana', 'Wierzbowa', '251', '1965-08-28', '2002-09-01', 'Mszana Dolna', 2, b'0', NULL, NULL, '46.00'),
(319, 'Walacki', 'Andrzej', 'Spytkowice', 'Wiosenna', '49', '1976-03-14', '2002-09-01', 'Czarny Dunajec', 2, b'0', NULL, NULL, '26.00'),
(320, 'Xamacki', 'Jakub', 'Rabka-Zdrój', 'Ziemowita', '67', '1983-01-21', '2002-09-01', 'Krościenko', 4, b'1', NULL, NULL, '17.00'),
(321, 'Yanacki', 'Tomasz', 'Kraków', 'Sępia', '153', '1991-06-06', '2002-09-01', 'Rabka - Zdrój', 4, b'0', NULL, NULL, '21.00'),
(322, 'Zaoacki', 'Daniel', 'Skawa', 'Jana Sobieskiego', '168', '1966-02-17', '2002-09-01', 'Zakopane', 13, b'1', NULL, NULL, '23.00'),
(323, 'Aapacki', 'Piotr', 'Łetownia', 'Spacerowa', '22', '1966-07-11', '2002-09-01', 'Nowy Targ', 11, b'0', NULL, NULL, '5.00'),
(324, 'Baracki', 'Marek', 'Podwilk', 'Spadzista', '51', '1972-08-23', '2002-09-01', 'Sucha Beskidzka', 2, b'0', NULL, NULL, '52.00'),
(325, 'Casacki', 'Mateusz', 'Podwilk', 'Spokojna', '212', '1995-05-28', '2002-09-01', 'Kraków', 8, b'0', NULL, NULL, '7.00'),
(326, 'Datacki', 'Kacper', 'Rabka-Zdrój', 'Starowiejska', '31', '1971-11-26', '2002-09-01', 'Warszawa', 3, b'0', NULL, NULL, '52.00'),
(327, 'Eawacki', 'Grzegorz', 'Rabka-Zdrój', NULL, '158', '1966-07-17', '2002-09-01', 'Katowice', 1, b'0', NULL, NULL, '24.00'),
(328, 'Faxacki', 'Jan', 'Rabka-Zdrój', NULL, '220', '1992-05-25', '2002-09-01', 'Mszana Dolna', 7, b'0', NULL, NULL, '37.00'),
(329, 'Gayacki', 'Remigiusz', 'Łetownia', NULL, '212', '1966-05-12', '2002-09-01', 'Czarny Dunajec', 2, b'1', NULL, NULL, '46.00'),
(330, 'Hazacki', 'Sebastian', 'Lubien', NULL, '59', '1969-04-27', '2002-09-01', 'Krościenko', 10, b'0', NULL, NULL, '27.00'),
(331, 'Iaaacki', 'Piotr', 'Łetownia', NULL, '281', '1999-07-16', '2002-09-01', 'Rabka - Zdrój', 13, b'0', NULL, NULL, '21.00'),
(332, 'Jacacki', 'Mikołaj', 'Niedzwiedz', NULL, '111', '1998-01-17', '2002-09-01', 'Zakopane', 9, b'0', NULL, NULL, '57.00'),
(333, 'Kadacki', 'Łukasz', 'Raba', NULL, '132', '1987-08-09', '2002-09-01', 'Nowy Targ', 13, b'0', NULL, NULL, '48.00'),
(334, 'Laeacki', 'Jakub', 'Rabka-Zdrój', NULL, '278', '1969-12-18', '2002-09-01', 'Sucha Beskidzka', 8, b'1', NULL, NULL, '25.00'),
(335, 'Mafacki', 'Mateusz', 'Osielec', NULL, '115', '1985-05-24', '2002-09-01', 'Kraków', 2, b'0', NULL, NULL, '35.00'),
(336, 'Nagacki', 'Filip', 'Sieniawa', NULL, '262', '1984-05-25', '2002-09-01', 'Warszawa', 4, b'0', NULL, NULL, '32.00'),
(337, 'Oahacki', 'Radosław', 'Łetownia', NULL, '1', '1997-04-24', '2002-09-01', 'Katowice', 11, b'0', NULL, NULL, '9.00'),
(338, 'Paiacki', 'Franciszek', 'Sieniawa', NULL, '289', '1991-06-02', '2002-09-01', 'Mszana Dolna', 12, b'0', NULL, NULL, '20.00'),
(339, 'Rajacki', 'Jarosław', 'Rabka-Zdrój', NULL, '104', '1986-01-30', '2002-09-01', 'Czarny Dunajec', 2, b'1', NULL, NULL, '54.00'),
(340, 'Sakacki', 'Adam', 'Zakopane', 'Przechodnia', '170', '1986-05-16', '2002-09-01', 'Krościenko', 5, b'0', NULL, NULL, '57.00'),
(341, 'Talacki', 'Aleksander', 'Spytkowice', 'Wspólna', '105', '1987-01-04', '2002-09-01', 'Rabka - Zdrój', 12, b'0', NULL, NULL, '33.00'),
(342, 'Wamacki', 'Damian', 'Skawa', 'Cicha', '263', '1972-09-29', '2002-09-01', 'Zakopane', 8, b'0', NULL, NULL, '46.00'),
(343, 'Xanacki', 'Sławomir', 'Kraków', 'Graniczna', '163', '1996-10-22', '2002-09-01', 'Nowy Targ', 8, b'0', NULL, NULL, '33.00'),
(344, 'Yaoacki', 'Grzegorz', 'Rabka-Zdrój', 'Wiejska', '51', '1970-09-09', '2002-09-01', 'Sucha Beskidzka', 7, b'0', NULL, NULL, '23.00'),
(345, 'Zapacki', 'Szymon', 'Kraków', 'Zielona', '140', '1993-03-18', '2002-09-01', 'Kraków', 6, b'0', NULL, NULL, '12.00'),
(346, 'Aaracki', 'Adam', 'Zakopane', 'Batalionów Chłopskich', '94', '1976-02-24', '2002-09-01', 'Warszawa', 13, b'0', NULL, NULL, '38.00'),
(347, 'Basacki', 'Jakub', 'Rabka-Zdrój', 'Bazarowa', '81', '1992-01-09', '2002-09-01', 'Katowice', 13, b'0', NULL, NULL, '43.00'),
(348, 'Catacki', 'Łukasz', 'Raba', 'Cicha', '20', '1983-11-18', '2002-09-01', 'Mszana Dolna', 1, b'0', NULL, NULL, '2.00'),
(349, 'Dawacki', 'Dawid', 'Skawa', 'Duży Rynek', '85', '1977-06-09', '2002-09-01', 'Czarny Dunajec', 3, b'0', NULL, NULL, '7.00'),
(350, 'Eaxacki', 'Jarosław', 'Rabka-Zdrój', 'Familijna', '179', '1993-06-15', '2002-09-01', 'Krościenko', 3, b'0', NULL, NULL, '14.00'),
(351, 'Fayacki', 'Jakub', 'Rabka-Zdrój', 'Graniczna', '196', '1987-01-01', '2002-09-01', 'Rabka - Zdrój', 2, b'0', NULL, NULL, '31.00'),
(352, 'Gazacki', 'Dariusz', 'Skawa', 'Groblowa', '124', '1979-06-29', '2002-09-01', 'Zakopane', 3, b'1', NULL, NULL, '10.00'),
(353, 'Haaacki', 'Karol', 'Rabka-Zdrój', 'Iglasta', '235', '1978-05-02', '2002-09-01', 'Nowy Targ', 8, b'0', NULL, NULL, '18.00'),
(354, 'Iacacki', 'Sebastian', 'Kraków', 'Kolejowa', '166', '1973-12-31', '2002-09-01', 'Sucha Beskidzka', 12, b'1', NULL, NULL, '42.00'),
(355, 'Jadacki', 'Gerard', 'Sidzina', 'Łazienna', '99', '1978-07-20', '2002-09-01', 'Kraków', 3, b'0', NULL, NULL, '40.00'),
(356, 'Kaeacki', 'Damian', 'Skawa', 'Pułku Piechoty', '79', '1965-08-14', '2002-09-01', 'Warszawa', 10, b'0', NULL, NULL, '52.00'),
(357, 'Lafacki', 'Jakub', 'Rabka-Zdrój', 'Sądowa', '64', '1973-10-30', '2002-09-01', 'Katowice', 7, b'0', NULL, NULL, '47.00'),
(358, 'Magacki', 'Michał', 'Nowy Targ', 'Skarpa', '291', '1993-07-24', '2002-09-01', 'Mszana Dolna', 11, b'0', NULL, NULL, '25.00'),
(359, 'Nahacki', 'Albert', 'Trzebunia', 'Skwarna', '210', '1981-01-19', '2002-09-01', 'Czarny Dunajec', 1, b'0', NULL, NULL, '32.00'),
(360, 'Oaiacki', 'Bartosz', 'Skawa', 'Smoczyńskiego', '54', '1979-04-08', '2002-09-01', 'Krościenko', 1, b'0', NULL, NULL, '24.00'),
(361, 'Pajacki', 'Sebastian', 'Lubien', 'Stepowa', '170', '1967-02-03', '2002-09-01', 'Rabka - Zdrój', 13, b'1', NULL, NULL, '40.00'),
(362, 'Rakacki', 'Marcin', 'Podwilk', 'Stokowa', '232', '1989-04-18', '2002-09-01', 'Zakopane', 9, b'0', NULL, NULL, '55.00'),
(363, 'Salacki', 'Maksymilian', 'Raba', 'Świerkowa', '161', '1970-08-24', '2002-09-01', 'Nowy Targ', 6, b'0', NULL, NULL, '49.00'),
(364, 'Tamacki', 'Adrian', 'Zakopane', 'Targowa', '21', '1999-01-02', '2002-09-01', 'Sucha Beskidzka', 11, b'0', NULL, NULL, '21.00'),
(365, 'Wanacki', 'Tomasz', 'Jordanów', 'Topolowa', '132', '1975-09-30', '2002-09-01', 'Kraków', 5, b'0', NULL, NULL, '57.00'),
(366, 'Xaoacki', 'Konrad', 'Raba', 'Wędkarzy', '225', '1989-09-11', '2002-09-01', 'Warszawa', 7, b'1', NULL, NULL, '51.00'),
(367, 'Yapacki', 'Piotr', 'Łetownia', 'Wiejska', '259', '1965-11-25', '2002-09-01', 'Katowice', 2, b'0', NULL, NULL, '26.00'),
(368, 'Zaracki', 'Mateusz', 'Podwilk', 'Wyspiańskiego', '244', '1992-03-28', '2002-09-01', 'Mszana Dolna', 1, b'0', NULL, NULL, '44.00'),
(369, 'Aasacki', 'Jakub', 'Rabka-Zdrój', 'Zielona', '165', '1965-09-07', '2002-09-01', 'Czarny Dunajec', 3, b'0', NULL, NULL, '7.00'),
(370, 'Batacki', 'Łukasz', 'Raba', 'Żwirowa', '33', '1975-04-16', '2002-09-01', 'Krościenko', 8, b'0', NULL, NULL, '40.00'),
(371, 'Cawacki', 'Tomasz', 'Jordanów', 'Przy Strudze', '191', '1999-10-01', '2002-09-01', 'Rabka - Zdrój', 9, b'1', NULL, NULL, '3.00'),
(372, 'Daxacki', 'Jarosław', 'Rabka-Zdrój', 'Łączna', '275', '1973-01-20', '2002-09-01', 'Zakopane', 1, b'0', NULL, NULL, '20.00'),
(373, 'Eayacki', 'Piotr', 'Łetownia', 'Graniczna', '245', '1981-05-26', '2002-09-01', 'Nowy Targ', 9, b'0', NULL, NULL, '30.00'),
(374, 'Fazacki', 'Tomek', 'Zakopane', 'Klubowa', '12', '1967-07-21', '2002-09-01', 'Sucha Beskidzka', 5, b'0', NULL, NULL, '36.00'),
(375, 'Gaaacki', 'Eryk', 'Skawa', 'Letnia', '5', '1975-07-31', '2002-09-01', 'Kraków', 9, b'0', NULL, NULL, '58.00'),
(376, 'Hacacki', 'Tomasz', 'Jordanów', 'Myśliwska', '102', '1999-05-30', '2002-09-01', 'Warszawa', 13, b'0', NULL, NULL, '60.00'),
(377, 'Iadacki', 'Mateusz', 'Osielec', 'Wspólna', '216', '1980-04-05', '2002-09-01', 'Katowice', 11, b'0', NULL, NULL, '2.00'),
(378, 'Jaeacki', 'Michał', 'NIedzwiedz', 'Żmijewska', '73', '1972-06-26', '2002-09-01', 'Mszana Dolna', 3, b'0', NULL, NULL, '59.00'),
(379, 'Kafacki', 'Szymon', 'Kraków', 'Mickiewicza', '14', '1997-10-01', '2002-09-01', 'Czarny Dunajec', 8, b'0', NULL, NULL, '46.00'),
(380, 'Lagacki', 'Kamil', 'Rabka-Zdrój', 'Targowa', '261', '1998-03-12', '2002-09-01', 'Krościenko', 11, b'0', NULL, NULL, '44.00'),
(381, 'Mahacki', 'Grzegorz', 'Rabka-Zdrój', 'Cicha', '268', '1995-09-22', '2002-09-01', 'Rabka - Zdrój', 8, b'0', NULL, NULL, '0.00'),
(382, 'Naiacki', 'Patryk', 'Mszana', 'Kolejowa', '254', '1981-08-03', '2002-09-01', 'Zakopane', 12, b'0', NULL, NULL, '3.00'),
(383, 'Oajacki', 'Jakub', 'Rabka-Zdrój', 'Wiejska', '132', '1973-01-08', '2002-09-01', 'Nowy Targ', 2, b'0', NULL, NULL, '20.00'),
(384, 'Pakacki', 'Szymon', 'Kraków', 'Wigury', '257', '1966-09-20', '2002-09-01', 'Sucha Beskidzka', 9, b'1', NULL, NULL, '43.00'),
(385, 'Ralacki', 'Tomasz', 'Jordanów', 'Barycka', '1', '1995-03-12', '2002-09-01', 'Kraków', 7, b'0', NULL, NULL, '4.00'),
(386, 'Samacki', 'Bartosz', 'Skawa', 'Betonowa', '125', '1965-03-26', '2002-09-01', 'Warszawa', 9, b'1', NULL, NULL, '4.00'),
(387, 'Tanacki', 'Patryk', 'Mszana', 'Biała', '266', '1970-04-07', '2002-09-01', 'Katowice', 1, b'0', NULL, NULL, '53.00'),
(388, 'Waoacki', 'Jakub', 'Rabka-zdrój', 'Centralna', '30', '1988-09-13', '2002-09-01', 'Mszana Dolna', 12, b'0', NULL, NULL, '19.00'),
(389, 'Xapacki', 'Paweł', 'Mszana', 'Cynowa', '241', '1986-01-10', '2002-09-01', 'Czarny Dunajec', 5, b'0', NULL, NULL, '51.00'),
(390, 'Yaracki', 'Dawid', 'Skawa', 'Cytrynowa', '128', '1982-12-06', '2002-09-01', 'Krościenko', 8, b'0', NULL, NULL, '57.00'),
(391, 'Zasacki', 'Krystian', 'Raba', 'Czysta', '98', '1984-01-10', '2002-09-01', 'Rabka - Zdrój', 4, b'0', NULL, NULL, '16.00'),
(392, 'Aatacki', 'Kacper', 'Rabka-Zdrój', 'Daleka', '228', '1971-01-28', '2003-09-01', 'Zakopane', 12, b'0', NULL, NULL, '33.00'),
(393, 'Bawacki', 'Eryk', 'Skawa', 'Drzewna', '103', '1976-12-14', '2003-09-01', 'Nowy Targ', 13, b'1', NULL, NULL, '38.00'),
(394, 'Caxacki', 'Karol', 'Rabka-Zdrój', 'Gontowa', '155', '1990-03-12', '2003-09-01', 'Sucha Beskidzka', 5, b'0', NULL, NULL, '50.00'),
(395, 'Dayacki', 'Łukasz', 'Raba', 'Gwarna', '289', '1986-03-05', '2003-09-01', 'Kraków', 11, b'0', NULL, NULL, '32.00'),
(396, 'Eazacki', 'Tomasz', 'Jordanów', 'Iglasta', '199', '1993-05-06', '2003-09-01', 'Warszawa', 5, b'0', NULL, NULL, '30.00'),
(397, 'Faaacki', 'Andrzej', 'Spytkowice', 'Kapliczna', '190', '1988-03-17', '2003-09-01', 'Katowice', 12, b'0', NULL, NULL, '5.00'),
(398, 'Gacacki', 'Jakub', 'Rabka-Zdrój', 'Kolejowa', '45', '1998-09-26', '2003-09-01', 'Mszana Dolna', 2, b'1', NULL, NULL, '22.00'),
(399, 'Hadacki', 'Sebastian', 'Lubien', 'Lawendowa', '152', '1965-07-18', '2003-09-01', 'Czarny Dunajec', 12, b'0', NULL, NULL, '1.00'),
(400, 'Iaeacki', 'Eryk', 'Skawa', 'Lechicka', '147', '1990-03-18', '2003-09-01', 'Krościenko', 12, b'0', NULL, NULL, '2.00'),
(401, 'Jafacki', 'Patryk', 'Mszana', 'Letnia', '11', '1984-10-25', '2003-09-01', 'Rabka - Zdrój', 13, b'0', NULL, NULL, '58.00'),
(402, 'Kagacki', 'Maciej', 'Raba', 'Nike', '175', '1971-01-06', '2003-09-01', 'Zakopane', 2, b'0', NULL, NULL, '34.00'),
(403, 'Lahacki', 'Sebastian', 'Kraków', 'Rzepichy', '214', '1966-06-10', '2003-09-01', 'Nowy Targ', 9, b'1', NULL, NULL, '0.00'),
(404, 'Maiacki', 'Maciej', 'Raba', 'Topolowa', '56', '1998-04-16', '2003-09-01', 'Sucha Beskidzka', 4, b'0', NULL, NULL, '46.00'),
(405, 'Najacki', 'Kamil', 'Rabka-Zdrój', 'Trawiasta', '63', '1971-10-05', '2003-09-01', 'Kraków', 11, b'0', NULL, NULL, '10.00'),
(406, 'Oakacki', 'Dawid', 'Skawa', 'Dzika', '204', '1975-03-12', '2003-09-01', 'Warszawa', 13, b'0', NULL, NULL, '29.00'),
(407, 'Palacki', 'Aleksander', 'Spytkowice', 'Gradowa', '300', '1978-11-20', '2003-09-01', 'Katowice', 3, b'0', NULL, NULL, '37.00'),
(408, 'Ramacki', 'Norbert', 'Mszana', 'Kupiecka', '2', '1984-11-02', '2003-09-01', 'Mszana Dolna', 3, b'0', NULL, NULL, '40.00'),
(409, 'Sanacki', 'Bartłomiej', 'Skawa', 'Myśliwska', '276', '1980-05-12', '2003-09-01', 'Czarny Dunajec', 10, b'0', NULL, NULL, '44.00'),
(410, 'Taoacki', 'Szymon', 'Kraków', 'Wiejska', '22', '1995-06-30', '2003-09-01', 'Krościenko', 12, b'0', NULL, NULL, '19.00'),
(411, 'Wapacki', 'Michał', 'Niedzwiedz', 'Wspólna', '167', '1970-03-29', '2003-09-01', 'Rabka - Zdrój', 10, b'0', NULL, NULL, '42.00'),
(412, 'Xaracki', 'Maksymilian', 'Raba', 'Puszczyka', '59', '1993-01-30', '2003-09-01', 'Zakopane', 6, b'0', NULL, NULL, '7.00'),
(413, 'Yasacki', 'Kamil', 'Rabka-Zdrój', 'Jeziorna', '100', '1978-07-31', '2003-09-01', 'Nowy Targ', 3, b'0', NULL, NULL, '42.00'),
(414, 'Zatacki', 'Michał', 'Niedzwiedz', 'Krótka', '81', '1986-08-07', '2003-09-01', 'Sucha Beskidzka', 3, b'0', NULL, NULL, '16.00'),
(415, 'Aawacki', 'Jakub', 'Rabka-Zdrój', 'Krzyżowa', '252', '1988-12-26', '2003-09-01', 'Kraków', 10, b'0', NULL, NULL, '58.00'),
(416, 'Baxacki', 'Grzegorz', 'Rabka-Zdrój', 'Letniskowa', '173', '1976-01-20', '2003-09-01', 'Warszawa', 8, b'1', NULL, NULL, '17.00'),
(417, 'Cayacki', 'Artur', 'Skawa', 'Nałkowskiej', '126', '1989-04-07', '2003-09-01', 'Katowice', 3, b'0', NULL, NULL, '41.00'),
(418, 'Dazacki', 'Krystian', 'Raba', 'Podgórna', '183', '1978-10-19', '2003-09-01', 'Mszana Dolna', 6, b'1', NULL, NULL, '19.00'),
(419, 'Eaaacki', 'Bartosz', 'Skawa', 'Pokrzywnickiego', '200', '1976-01-29', '2003-09-01', 'Czarny Dunajec', 5, b'0', NULL, NULL, '33.00');
INSERT INTO `uczen` (`id_ucznia`, `Nazwisko`, `Imie`, `Miejscowosc`, `Ulica`, `Nr_domu`, `Data_ur`, `Data_rozpoczecia_nauki`, `Miejsce_urodzenia`, `id_klasy`, `Koniec_nauki`, `Notatki_o _uczniu`, `Zdjecie`, `Komitet`) VALUES
(420, 'Facacki', 'Szymon', 'Kraków', 'Prusa', '36', '1980-06-24', '2003-09-01', 'Krościenko', 6, b'0', NULL, NULL, '54.00'),
(421, 'Gadacki', 'Piotr', 'Łetownia', 'Przemysłowa', '12', '1967-09-30', '2003-09-01', 'Rabka - Zdrój', 4, b'0', NULL, NULL, '24.00'),
(422, 'Haeacki', 'Patryk', 'Mszana', 'Ratuszowa', '131', '1968-07-25', '2003-09-01', 'Zakopane', 6, b'0', NULL, NULL, '48.00'),
(423, 'Iafacki', 'Michał', 'Niedzwiedz', 'Rzeczna', '120', '1994-07-11', '2003-09-01', 'Nowy Targ', 7, b'0', NULL, NULL, '21.00'),
(424, 'Jagacki', 'Robert', 'Łetownia', 'Sienkiewicza', '57', '1985-07-17', '2003-09-01', 'Sucha Beskidzka', 12, b'0', NULL, NULL, '22.00'),
(425, 'Kahacki', 'Marcin', 'Podwilk', 'Słoneczna', '209', '1965-08-11', '2003-09-01', 'Kraków', 1, b'1', NULL, NULL, '48.00'),
(426, 'Laiacki', 'Łukasz', 'Raba', 'Średnia', '37', '1972-10-09', '2003-09-01', 'Warszawa', 2, b'0', NULL, NULL, '16.00'),
(427, 'Majacki', 'Sławomir', 'Kraków', 'Jana Pawła II', '196', '1974-10-03', '2003-09-01', 'Katowice', 5, b'0', NULL, NULL, '47.00'),
(428, 'Nakacki', 'Daniel', 'Skawa', 'Krótka', '246', '1997-03-19', '2003-09-01', 'Mszana Dolna', 9, b'0', NULL, NULL, '38.00'),
(429, 'Oalacki', 'Artur', 'Skawa', 'Górna', '167', '1979-07-07', '2003-09-01', 'Czarny Dunajec', 9, b'0', NULL, NULL, '45.00'),
(430, 'Pamacki', 'Michał', 'Nowy Targ', 'Krótka', '37', '1978-04-13', '2003-09-01', 'Krościenko', 6, b'1', NULL, NULL, '22.00'),
(431, 'Ranacki', 'Wojciech', 'Jordanów', 'Mickiewicza', '160', '1990-10-28', '2003-09-01', 'Rabka - Zdrój', 7, b'0', NULL, NULL, '55.00'),
(432, 'Saoacki', 'Damian', 'Skawa', 'Pocztowa', '42', '1993-08-13', '2003-09-01', 'Zakopane', 7, b'0', NULL, NULL, '23.00'),
(433, 'Tapacki', 'Klaudiusz', 'Raba', 'Potulickich', '272', '1993-04-11', '2003-09-01', 'Nowy Targ', 1, b'0', NULL, NULL, '26.00'),
(434, 'Waracki', 'Robert', 'Łetownia', 'Słoneczna', '298', '1983-03-03', '2003-09-01', 'Sucha Beskidzka', 10, b'0', NULL, NULL, '4.00'),
(435, 'Xasacki', 'Mikołaj', 'Niedzwiedz', 'Słoneczna', '229', '1971-09-08', '2003-09-01', 'Kraków', 1, b'1', NULL, NULL, '32.00'),
(436, 'Yatacki', 'Mateusz', 'Osielec', 'Jęczmienna', '82', '1984-04-23', '2003-09-01', 'Warszawa', 4, b'0', NULL, NULL, '34.00'),
(437, 'Zawacki', 'Bartłomiej', 'Skawa', 'Krótka', '55', '1975-08-29', '2003-09-01', 'Katowice', 6, b'0', NULL, NULL, '36.00'),
(438, 'Aaxacki', 'Jan', 'Rabka-Zdrój', 'Krótka', '55', '1999-04-03', '2003-09-01', 'Mszana Dolna', 1, b'0', NULL, NULL, '4.00'),
(439, 'Bayacki', 'Filip', 'Sieniawa', 'Krótka', '161', '1998-06-25', '2003-09-01', 'Czarny Dunajec', 4, b'0', NULL, NULL, '11.00'),
(440, 'Cazacki', 'Hubert', 'Rabka-Zdrój', 'Prosta', '285', '1984-11-17', '2003-09-01', 'Krościenko', 7, b'0', NULL, NULL, '39.00'),
(441, 'Daaacki', 'Tomasz', 'Jordanów', 'Słoneczna', '173', '1993-08-07', '2003-09-01', 'Rabka - Zdrój', 5, b'0', NULL, NULL, '22.00'),
(442, 'Eacacki', 'Tomasz', 'Jordanów', 'Forteczna', '15', '1967-06-25', '2003-09-01', 'Zakopane', 2, b'0', NULL, NULL, '18.00'),
(443, 'Fadacki', 'Jakub', 'Rabka-Zdrój', 'Pocztowa', '104', '1973-06-10', '2003-09-01', 'Nowy Targ', 11, b'0', NULL, NULL, '5.00'),
(444, 'Gaeacki', 'Tomasz', 'Jordanów', 'Świecka', '66', '1969-04-23', '2003-09-01', 'Sucha Beskidzka', 5, b'0', NULL, NULL, '15.00'),
(445, 'Hafacki', 'Adrian', 'Zakopane', 'Forteczna', '104', '1978-06-08', '2003-09-01', 'Kraków', 1, b'0', NULL, NULL, '11.00'),
(446, 'Iagacki', 'Grzegorz', 'Rabka-Zdrój', 'Świecka', '244', '1969-03-29', '2003-09-01', 'Warszawa', 6, b'0', NULL, NULL, '47.00'),
(447, 'Jahacki', 'Szymon', 'Kraków', 'Krótka', '159', '1978-10-10', '2003-09-01', 'Katowice', 4, b'0', NULL, NULL, '35.00'),
(448, 'Kaiacki', 'Przemysław', 'Łetownia', 'Okrężna', '207', '1975-10-31', '2003-09-01', 'Mszana Dolna', 3, b'1', NULL, NULL, '31.00'),
(449, 'Lajacki', 'Marek', 'Podwilk', 'Osiedlowa', '111', '1987-08-30', '2003-09-01', 'Czarny Dunajec', 3, b'0', NULL, NULL, '54.00'),
(450, 'Makacki', 'Paweł', 'Mszana', 'Podgórna', '276', '1966-04-08', '2003-09-01', 'Krościenko', 13, b'1', NULL, NULL, '5.00'),
(451, 'Nalacki', 'Radosław', 'Łetownia', 'Świecka', '160', '1993-08-23', '2003-09-01', 'Rabka - Zdrój', 4, b'0', NULL, NULL, '46.00'),
(452, 'Oamacki', 'Krzysztof', 'Raba', 'Krótka', '96', '1982-04-17', '2003-09-01', 'Zakopane', 7, b'0', NULL, NULL, '52.00'),
(453, 'Panacki', 'Kacper', 'Rabka-Zdrój', 'Okrężna', '61', '1990-05-18', '2003-09-01', 'Nowy Targ', 11, b'0', NULL, NULL, '35.00'),
(454, 'Raoacki', 'Jan', 'Rabka-Zdrój', 'Osiedlowa', '238', '1989-12-01', '2003-09-01', 'Sucha Beskidzka', 3, b'0', NULL, NULL, '20.00'),
(455, 'Sapacki', 'Szymon', 'Kraków', 'Podgórna', '228', '1974-06-20', '2003-09-01', 'Kraków', 4, b'0', NULL, NULL, '37.00'),
(456, 'Taracki', 'Karol', 'Rabka-Zdrój', 'Słoneczna', '140', '1983-01-18', '2003-09-01', 'Warszawa', 11, b'0', NULL, NULL, '45.00'),
(457, 'Wasacki', 'Sebastian', 'lubien', 'Krótka', '102', '1997-10-23', '2003-09-01', 'Katowice', 3, b'1', NULL, NULL, '30.00'),
(458, 'Xatacki', 'Piotr', 'Łetownia', 'Osiedlowa', '7', '1966-11-07', '2003-09-01', 'Mszana Dolna', 8, b'0', NULL, NULL, '60.00'),
(459, 'Yawacki', 'Daniel', 'Skawa', 'Świecka', '135', '1969-02-12', '2003-09-01', 'Czarny Dunajec', 11, b'0', NULL, NULL, '49.00'),
(460, 'Zaxacki', 'Jakub', 'Rabka-Zdrój', 'Błotna', '37', '1982-06-24', '2003-09-01', 'Krościenko', 7, b'0', NULL, NULL, '18.00'),
(461, 'Aayacki', 'Paweł', 'Mszana', 'Jeziorna', '229', '1967-06-10', '2003-09-01', 'Rabka - Zdrój', 11, b'0', NULL, NULL, '26.00'),
(462, 'Bazacki', 'Hubert', 'Rabka-Zdrój', 'Maja', '18', '1984-04-27', '2003-09-01', 'Zakopane', 9, b'1', NULL, NULL, '8.00'),
(463, 'Caaacki', 'Paweł', 'Mszana', 'Mickiewicza', '251', '1973-09-21', '2003-09-01', 'Nowy Targ', 4, b'0', NULL, NULL, '44.00'),
(464, 'Dacacki', 'Jakub', 'Rabka-Zdrój', 'Osiedle', '268', '1986-10-20', '2003-09-01', 'Sucha Beskidzka', 10, b'0', NULL, NULL, '40.00'),
(465, 'Eadacki', 'Wojciech', 'Jabłonka', 'Sienkiewicza', '242', '1981-05-27', '2003-09-01', 'Kraków', 4, b'0', NULL, NULL, '58.00'),
(466, 'Faeacki', 'Alex', 'Spytkowice', 'Żeromskiego', '128', '1981-10-01', '2003-09-01', 'Warszawa', 12, b'0', NULL, NULL, '60.00'),
(467, 'Gafacki', 'Damian', 'Skawa', 'Jeziorna', '186', '1977-01-23', '2003-09-01', 'Katowice', 4, b'1', NULL, NULL, '0.00'),
(468, 'Hagacki', 'Bartosz', 'Skawa', 'Krótka', '95', '1992-03-27', '2003-09-01', 'Mszana Dolna', 6, b'0', NULL, NULL, '57.00'),
(469, 'Iahacki', 'Kamil', 'Rabka-Zdrój', 'Słoneczna', '136', '1975-07-21', '2003-09-01', 'Czarny Dunajec', 4, b'0', NULL, NULL, '33.00'),
(470, 'Jaiacki', 'Hubert', 'Rabka-Zdrój', 'Fabryczna', '188', '1993-04-12', '2003-09-01', 'Krościenko', 4, b'0', NULL, NULL, '27.00'),
(471, 'Kajacki', 'Adam', 'Zakopane', 'Garbuzy', '80', '1987-03-29', '2003-09-01', 'Rabka - Zdrój', 1, b'0', NULL, NULL, '32.00'),
(472, 'Lakacki', 'Dawid', 'Skawa', 'Krótka', '48', '1985-06-12', '2003-09-01', 'Zakopane', 12, b'0', NULL, NULL, '20.00'),
(473, 'Malacki', 'Łukasz', 'Raba', 'Mroczna', '261', '1976-05-29', '2003-09-01', 'Nowy Targ', 4, b'0', NULL, NULL, '36.00'),
(474, 'Namacki', 'Sebastian', 'Kraków', 'Nad Skarpą', '153', '1983-09-15', '2003-09-01', 'Sucha Beskidzka', 4, b'0', NULL, NULL, '43.00'),
(475, 'Oanacki', 'Maciej', 'Raba', 'Podgórna', '201', '1994-12-11', '2003-09-01', 'Kraków', 1, b'0', NULL, NULL, '47.00'),
(476, 'Paoacki', 'Sebastian', 'Lubien', 'Rocha', '256', '1981-02-05', '2003-09-01', 'Warszawa', 9, b'0', NULL, NULL, '29.00'),
(477, 'Rapacki', 'Piotr', 'Łetownia', 'Rynek', '1', '1965-12-28', '2003-09-01', 'Katowice', 1, b'0', NULL, NULL, '33.00'),
(478, 'Saracki', 'Kacper', 'Rabka-Zdrój', 'Szpitalna', '147', '1997-06-16', '2003-09-01', 'Mszana Dolna', 13, b'0', NULL, NULL, '33.00'),
(479, 'Tasacki', 'Jakub', 'Rabka-Zdrój', 'Nadwiślańskie II', '169', '1991-01-12', '2003-09-01', 'Czarny Dunajec', 5, b'0', NULL, NULL, '51.00'),
(480, 'Watacki', 'Kacper', 'Rabka-Zdrój', NULL, '249', '1965-12-08', '2003-09-01', 'Krościenko', 7, b'1', NULL, NULL, '18.00'),
(481, 'Xawacki', 'Paweł', 'Mszana', NULL, '220', '1989-01-20', '2003-09-01', 'Rabka - Zdrój', 2, b'0', NULL, NULL, '15.00'),
(482, 'Yaxacki', 'Tomasz', 'Jordanów', NULL, '134', '1976-08-29', '2003-09-01', 'Zakopane', 2, b'1', NULL, NULL, '48.00'),
(483, 'Zayacki', 'Kamil', 'Rabka-Zdrój', NULL, '44', '1971-08-15', '2003-09-01', 'Nowy Targ', 8, b'0', NULL, NULL, '30.00'),
(484, 'Aazacki', 'Arkadiusz', 'Skawa', NULL, '223', '1976-02-25', '2003-09-01', 'Sucha Beskidzka', 11, b'0', NULL, NULL, '46.00'),
(485, 'Baaacki', 'Wojciech', 'Jabłonka', NULL, '231', '1965-07-27', '2003-09-01', 'Kraków', 3, b'0', NULL, NULL, '11.00'),
(486, 'Cacacki', 'Przemysław', 'Łetownia', NULL, '155', '1991-04-11', '2003-09-01', 'Warszawa', 1, b'0', NULL, NULL, '1.00'),
(487, 'Dadacki', 'Michał', 'Niedzwiedz', 'Norwida', '216', '1969-12-01', '2003-09-01', 'Katowice', 3, b'0', NULL, NULL, '59.00'),
(488, 'Eaeacki', 'Dominik', 'Skawa', 'Osiedle', '78', '1965-03-07', '2003-09-01', 'Mszana Dolna', 11, b'0', NULL, NULL, '3.00'),
(489, 'Fafacki', 'Miłosz', 'Mszana', 'Słoneczna', '26', '1999-07-05', '2003-09-01', 'Czarny Dunajec', 1, b'1', NULL, NULL, '21.00'),
(490, 'Gagacki', 'Mateusz', 'Osielec', 'Warszawska', '103', '1979-04-18', '2003-09-01', 'Krościenko', 13, b'0', NULL, NULL, '37.00'),
(491, 'Hahacki', 'Jan', 'Rabka-Zdrój', 'Zwycięstwa', '216', '1990-08-13', '2003-09-01', 'Rabka - Zdrój', 6, b'0', NULL, NULL, '56.00'),
(492, 'Iaiacki', 'Maciej', 'Raba', 'Andersa', '48', '1993-03-22', '2003-09-01', 'Zakopane', 12, b'0', NULL, NULL, '12.00'),
(493, 'Jajacki', 'Kamil', 'Rabka-Zdrój', 'Baczyńskiego', '24', '1973-01-17', '2003-09-01', 'Nowy Targ', 6, b'0', NULL, NULL, '1.00'),
(494, 'Kakacki', 'Krzysztof', 'Raba', 'Brandta', '244', '1991-12-25', '2003-09-01', 'Sucha Beskidzka', 5, b'1', NULL, NULL, '39.00'),
(495, 'Lalacki', 'Krystian', 'Raba', 'Cienista', '155', '1971-11-15', '2003-09-01', 'Kraków', 13, b'0', NULL, NULL, '28.00'),
(496, 'Mamacki', 'Damian', 'Skawa', 'Wodna', '194', '1967-06-28', '2003-09-01', 'Warszawa', 2, b'0', NULL, NULL, '10.00'),
(497, 'Nanacki', 'Bartłomiej', 'Skawa', 'Wschodnia', '3', '1981-04-25', '2003-09-01', 'Katowice', 8, b'0', NULL, NULL, '25.00'),
(498, 'Oaoacki', 'Szymon', 'Kraków', 'Armii Krajowej', '22', '1966-08-02', '2003-09-01', 'Mszana Dolna', 11, b'0', NULL, NULL, '19.00'),
(499, 'Papacki', 'Adrian', 'Zakopane', 'Błonie', '293', '1986-11-08', '2003-09-01', 'Czarny Dunajec', 11, b'1', NULL, NULL, '54.00'),
(500, 'Raracki', 'Adrian', 'Zakopane', 'Bukowa', '179', '1987-01-17', '2003-09-01', 'Krościenko', 11, b'0', NULL, NULL, '2.00'),
(501, 'Sasacki', 'Kacper', 'Rabka-Zdrój', 'Czereśniowa', '156', '1993-07-30', '2003-09-01', 'Rabka - Zdrój', 5, b'0', NULL, NULL, '28.00'),
(502, 'Tatacki', 'Tomasz', 'Jordanów', 'Daszyńskiego', '67', '1969-09-05', '2003-09-01', 'Zakopane', 10, b'0', NULL, NULL, '27.00'),
(503, 'Wawacki', 'Sebastian', 'Lubien', 'Garbarska', '52', '1983-05-31', '2003-09-01', 'Nowy Targ', 12, b'0', NULL, NULL, '19.00'),
(504, 'Xaxacki', 'Tomasz', 'Jordanów', 'Grota-Roweckiego', '290', '1993-08-14', '2003-09-01', 'Sucha Beskidzka', 12, b'0', NULL, NULL, '48.00'),
(505, 'Yayacki', 'Mikołaj', 'Mszana', 'Harcerska', '100', '1998-03-27', '2003-09-01', 'Kraków', 8, b'0', NULL, NULL, '5.00'),
(506, 'Zazacki', 'Andrzej', 'Spytkowice', 'Klonowa', '23', '1966-07-10', '2003-09-01', 'Warszawa', 2, b'0', NULL, NULL, '22.00'),
(507, 'Aabacka', 'Justyna', 'Rabka-Zdrój', 'Kościuszki', '211', '1975-01-25', '2003-09-01', 'Katowice', 9, b'0', NULL, NULL, '46.00'),
(508, 'Bacacka', 'Aleksandra', 'Spytkowice', NULL, '104', '1985-12-18', '2003-09-01', 'Mszana Dolna', 8, b'0', NULL, NULL, '47.00'),
(509, 'Cadacka', 'Weronika', 'Jordanów', NULL, '170', '1998-07-21', '2003-09-01', 'Czarny Dunajec', 7, b'0', NULL, NULL, '51.00'),
(510, 'Daeacka', 'Małgorzata', 'Raba', NULL, '181', '1984-10-03', '2003-09-01', 'Krościenko', 5, b'0', NULL, NULL, '13.00'),
(511, 'Eafacka', 'Zuzanna', 'Chabówka', NULL, '87', '1974-12-24', '2003-09-01', 'Rabka - Zdrój', 2, b'0', NULL, NULL, '27.00'),
(512, 'Fagacka', 'Natalia', 'Mszana', NULL, '28', '1999-10-06', '2003-09-01', 'Zakopane', 10, b'1', NULL, NULL, '3.00'),
(513, 'Gahacka', 'Kinga', 'Raba', NULL, '84', '1970-04-26', '2003-09-01', 'Nowy Targ', 5, b'0', NULL, NULL, '18.00'),
(514, 'Haiacka', 'Monika', 'Mszana', NULL, '71', '1998-12-28', '2003-09-01', 'Sucha Beskidzka', 11, b'1', NULL, NULL, '1.00'),
(515, 'Iajacka', 'Joanna', 'Rabka-Zdrój', 'Świdnicka', '275', '1971-10-07', '2003-09-01', 'Kraków', 12, b'0', NULL, NULL, '38.00'),
(516, 'Jakacka', 'Aleksandra', 'Spytkowice', 'Tylna', '252', '1985-10-07', '2003-09-01', 'Warszawa', 12, b'0', NULL, NULL, '25.00'),
(517, 'Kalacka', 'Karolina', 'Rabka-Zdrój', 'Wiśniowa', '199', '1974-08-15', '2003-09-01', 'Katowice', 5, b'0', NULL, NULL, '9.00'),
(518, 'Lamacka', 'Marcelina', 'Raba', 'Wodna', '145', '1976-06-22', '2003-09-01', 'Mszana Dolna', 8, b'0', NULL, NULL, '16.00'),
(519, 'Manacka', 'Zofia', 'Chabówka', 'Zacisze', '110', '1977-05-15', '2003-09-01', 'Czarny Dunajec', 1, b'0', NULL, NULL, '48.00'),
(520, 'Naoacka', 'Izabela', 'Rabka-Zdrój', 'Gospodarcza', '273', '1975-05-04', '2003-09-01', 'Krościenko', 6, b'0', NULL, NULL, '7.00'),
(521, 'Oapacka', 'Agnieszka', 'Wisniowa', 'Kościuszki', '282', '1977-11-22', '2003-09-01', 'Rabka - Zdrój', 9, b'1', NULL, NULL, '36.00'),
(522, 'Paracka', 'Teresa', 'Kraków', 'Kwiatowa', '90', '1979-11-18', '2003-09-01', 'Zakopane', 2, b'0', NULL, NULL, '29.00'),
(523, 'Rasacka', 'Anna', 'Skomielna', 'Miejski', '265', '1994-08-02', '2003-09-01', 'Nowy Targ', 7, b'0', NULL, NULL, '36.00'),
(524, 'Satacka', 'Gabriela', 'Sieniawa', 'Nowa', '105', '1999-11-23', '2003-09-01', 'Sucha Beskidzka', 4, b'0', NULL, NULL, '46.00'),
(525, 'Tawacka', 'Oliwia', 'Mszana', 'Staszica', '37', '1967-01-14', '2003-09-01', 'Kraków', 12, b'0', NULL, NULL, '38.00'),
(526, 'Waxacka', 'Monika', 'Mszana', 'Wąska', '167', '1980-10-01', '2003-09-01', 'Warszawa', 7, b'1', NULL, NULL, '57.00'),
(527, 'Xayacka', 'Julia', 'Rabka-Zdrój', 'Świdnicka', '263', '1999-03-23', '2003-09-01', 'Katowice', 7, b'0', NULL, NULL, '0.00'),
(528, 'Yazacka', 'Julia', 'Rabka-Zdrój', 'Wąska', '121', '1969-02-15', '2003-09-01', 'Mszana Dolna', 10, b'0', NULL, NULL, '36.00'),
(529, 'Zaaacka', 'Monika', 'Mszana', 'Główna', '161', '1977-03-08', '2003-09-01', 'Czarny Dunajec', 1, b'0', NULL, NULL, '15.00'),
(530, 'Aacacka', 'Klaudia', 'Raba', 'Kwiatowa', '268', '1968-07-18', '2003-09-01', 'Krościenko', 7, b'0', NULL, NULL, '5.00'),
(531, 'Badacka', 'Aleksandra', 'Spytkowice', 'Boczna', '155', '1987-07-29', '2003-09-01', 'Rabka - Zdrój', 10, b'1', NULL, NULL, '16.00'),
(532, 'Caeacka', 'Weronika', 'Jordanów', 'Kwiatowa', '272', '1996-07-24', '2003-09-01', 'Zakopane', 11, b'0', NULL, NULL, '15.00'),
(533, 'Dafacka', 'Julia', 'Rabka-Zdrój', 'Nowa', '146', '1967-09-25', '2003-09-01', 'Nowy Targ', 6, b'0', NULL, NULL, '59.00'),
(534, 'Eagacka', 'Anna', 'Skawa', 'Południowa', '38', '1972-09-13', '2003-09-01', 'Sucha Beskidzka', 12, b'0', NULL, NULL, '27.00'),
(535, 'Fahacka', 'Dominika', 'Skawa', 'Sportowa', '121', '1980-01-23', '2003-09-01', 'Kraków', 9, b'0', NULL, NULL, '59.00'),
(536, 'Gaiacka', 'Justyna', 'Rabka-Zdrój', 'Boczna', '69', '1997-01-31', '2003-09-01', 'Warszawa', 11, b'0', NULL, NULL, '60.00'),
(537, 'Hajacka', 'Anna', 'Skawa', 'Sportowa', '2', '1993-03-03', '2003-09-01', 'Katowice', 2, b'0', NULL, NULL, '0.00'),
(538, 'Iakacka', 'Wiktoria', 'Jordanów', 'Wąska', '3', '1999-12-13', '2003-09-01', 'Mszana Dolna', 11, b'0', NULL, NULL, '21.00'),
(539, 'Jalacka', 'Weronika', 'Jordanów', 'Boczna', '126', '1988-03-19', '2003-09-01', 'Czarny Dunajec', 1, b'0', NULL, NULL, '27.00'),
(540, 'Kamacka', 'Natalia', 'Mszana', 'Folwarczna', '19', '1973-04-23', '2003-09-01', 'Krościenko', 10, b'0', NULL, NULL, '56.00'),
(541, 'Lanacka', 'Emilia', 'Skawa', 'Jasna', '183', '1972-02-03', '2003-09-01', 'Rabka - Zdrój', 8, b'0', NULL, NULL, '36.00'),
(542, 'Maoacka', 'Natalia', 'Mszana', 'Kościuszki', '103', '1978-09-29', '2003-09-01', 'Zakopane', 8, b'0', NULL, NULL, '48.00'),
(543, 'Napacka', 'Maja', 'Raba', 'Kwiatowa', '45', '1976-12-09', '2003-09-01', 'Nowy Targ', 2, b'0', NULL, NULL, '47.00'),
(544, 'Oaracka', 'Aleksandra', 'Spytkowice', 'Podgórze', '55', '1986-01-05', '2003-09-01', 'Sucha Beskidzka', 13, b'1', NULL, NULL, '30.00'),
(545, 'Pasacka', 'Oliwia', 'Mszana', 'Podwale', '283', '1976-08-20', '2003-09-01', 'Kraków', 1, b'0', NULL, NULL, '35.00'),
(546, 'Ratacka', 'Gabriela', 'Sieniawa', 'Południowa', '244', '1984-04-03', '2003-09-01', 'Warszawa', 7, b'1', NULL, NULL, '37.00'),
(547, 'Sawacka', 'Weronika', 'Jordanów', 'Stasin', '211', '1971-08-10', '2003-09-01', 'Katowice', 3, b'0', NULL, NULL, '36.00'),
(548, 'Taxacka', 'Ilona', 'Rabka-Zdrój', 'Stroma', '18', '1971-09-25', '2003-09-01', 'Mszana Dolna', 4, b'0', NULL, NULL, '33.00'),
(549, 'Wayacka', 'Anna', 'Skomielna', 'Strzelińska', '279', '1982-06-17', '2003-09-01', 'Czarny Dunajec', 13, b'0', NULL, NULL, '19.00'),
(550, 'Xazacka', 'Angelika', 'Spytkowice', 'Kwiatowa', '87', '1980-09-26', '2003-09-01', 'Krościenko', 8, b'0', NULL, NULL, '8.00'),
(551, 'Yaaacka', 'Anna', 'Skomielna', 'Sportowa', '149', '1973-04-25', '2003-09-01', 'Rabka - Zdrój', 13, b'0', NULL, NULL, '39.00'),
(552, 'Zacacka', 'Oliwia', 'Mszana', 'Armii Krajowej', '37', '1969-05-19', '2003-09-01', 'Zakopane', 6, b'0', NULL, NULL, '47.00'),
(553, 'Aadacka', 'Magdalena', 'Raba', 'Boczna', '152', '1993-01-15', '2003-09-01', 'Nowy Targ', 4, b'1', NULL, NULL, '25.00'),
(554, 'Baeacka', 'Aleksandra', 'Spytkowice', 'Bolesława Krzywoustego', '261', '1981-02-02', '2003-09-01', 'Sucha Beskidzka', 3, b'0', NULL, NULL, '21.00'),
(555, 'Cafacka', 'Agnieszka', 'Zakopane', 'Bolesława Wysokiego', '23', '1995-12-22', '2003-09-01', 'Kraków', 13, b'0', NULL, NULL, '0.00'),
(556, 'Dagacka', 'Aleksandra', 'Spytkowice', 'Browarna', '176', '1999-12-16', '2003-09-01', 'Warszawa', 5, b'0', NULL, NULL, '44.00'),
(557, 'Eahacka', 'Dominika', 'Skawa', 'Brzeska', '23', '1967-07-21', '2003-09-01', 'Katowice', 3, b'0', NULL, NULL, '7.00'),
(558, 'Faiacka', 'Wiktoria', 'Jordanów', 'Daszyńskiego', '254', '1990-11-04', '2003-09-01', 'Mszana Dolna', 10, b'1', NULL, NULL, '38.00'),
(559, 'Gajacka', 'Sylwia', 'Kraków', 'Folwarczna', '19', '1977-08-27', '2003-09-01', 'Czarny Dunajec', 10, b'0', NULL, NULL, '40.00'),
(560, 'Hakacka', 'Anna', 'Skomielna', 'Henryka Pobożnego', '300', '1984-09-19', '2003-09-01', 'Krościenko', 6, b'0', NULL, NULL, '56.00'),
(561, 'Ialacka', 'Aleksandra', 'Spytkowice', 'Herkulesa', '247', '1998-08-13', '2003-09-01', 'Rabka - Zdrój', 8, b'0', NULL, NULL, '27.00'),
(562, 'Jamacka', 'Klaudia', 'Raba', 'Kazimierza Sprawiedliwego', '205', '1968-01-07', '2003-09-01', 'Zakopane', 5, b'0', NULL, NULL, '21.00'),
(563, 'Kanacka', 'Ewelina', 'Skawa', 'Keplera', '13', '1997-10-20', '2003-09-01', 'Nowy Targ', 10, b'1', NULL, NULL, '4.00'),
(564, 'Laoacka', 'Zuzanna', 'Chabówka', 'Klonowa', '300', '1977-08-24', '2003-09-01', 'Sucha Beskidzka', 9, b'0', NULL, NULL, '2.00'),
(565, 'Mapacka', 'Wioleta', 'Jordanów', 'Końcowa', '228', '1965-02-01', '2003-09-01', 'Kraków', 8, b'0', NULL, NULL, '56.00'),
(566, 'Naracka', 'Agnieszka', 'Zakopane', 'Kościuszki', '283', '1968-07-10', '2003-09-01', 'Warszawa', 4, b'0', NULL, NULL, '38.00'),
(567, 'Oasacka', 'Anna', 'Skomielna', 'Kwiatowa', '20', '1966-11-25', '2003-09-01', 'Katowice', 9, b'0', NULL, NULL, '56.00'),
(568, 'Patacka', 'Karolina', 'Rabka-Zdrój', 'Mleczarska', '238', '1993-06-21', '2003-09-01', 'Mszana Dolna', 12, b'0', NULL, NULL, '24.00'),
(569, 'Rawacka', 'Ewelina', 'Sieniawa', 'Na Uroczysku', '274', '1972-04-25', '2003-09-01', 'Czarny Dunajec', 11, b'0', NULL, NULL, '25.00'),
(570, 'Saxacka', 'Weronika', 'Jordanów', 'Reja', '214', '1969-02-17', '2003-09-01', 'Krościenko', 4, b'0', NULL, NULL, '60.00'),
(571, 'Tayacka', 'Olga', 'Mszana', 'Staszica', '259', '1969-08-26', '2003-09-01', 'Rabka - Zdrój', 11, b'0', NULL, NULL, '59.00'),
(572, 'Wazacka', 'Karolina', 'Rabka-Zdrój', 'Wąska', '85', '1991-10-20', '2003-09-01', 'Zakopane', 4, b'0', NULL, NULL, '34.00'),
(573, 'Xaaacka', 'Zuzanna', 'Chabówka', 'Zawiszy Czarnego', '90', '1985-05-03', '2003-09-01', 'Nowy Targ', 9, b'0', NULL, NULL, '32.00'),
(574, 'Yacacka', 'Sabina', 'Łetownia', 'Siemianicka', '194', '1968-01-02', '2003-09-01', 'Sucha Beskidzka', 3, b'0', NULL, NULL, '27.00'),
(575, 'Zadacka', 'Natalia', 'Mszana', 'Obornicka', '269', '1975-07-26', '2003-09-01', 'Kraków', 10, b'0', NULL, NULL, '33.00'),
(576, 'Aaeacka', 'Dominika', 'Skawa', 'Bukowa', '108', '1997-07-09', '2003-09-01', 'Warszawa', 8, b'1', NULL, NULL, '7.00'),
(577, 'Bafacka', 'Maria', 'Podwilk', 'Boczna', '38', '1973-12-01', '2003-09-01', 'Katowice', 8, b'0', NULL, NULL, '53.00'),
(578, 'Cagacka', 'Sylwia', 'Kraków', 'Wierzbowa', '41', '1993-01-05', '2003-09-01', 'Mszana Dolna', 9, b'1', NULL, NULL, '56.00'),
(579, 'Dahacka', 'Klaudia', 'Raba', 'Willowa', '236', '1990-04-12', '2003-09-01', 'Czarny Dunajec', 2, b'0', NULL, NULL, '48.00'),
(580, 'Eaiacka', 'Katarzyna', 'Raba', 'Izerska', '14', '1974-01-22', '2003-09-01', 'Krościenko', 1, b'0', NULL, NULL, '18.00'),
(581, 'Fajacka', 'Natalia', 'Mszana', 'Kościelna', '97', '1971-03-30', '2003-09-01', 'Rabka - Zdrój', 3, b'0', NULL, NULL, '44.00'),
(582, 'Gakacka', 'Karolina', 'Rabka-Zdrój', 'Hetmańska', '115', '1976-08-23', '2003-09-01', 'Zakopane', 13, b'0', NULL, NULL, '21.00'),
(583, 'Halacka', 'Anna', 'Skomielna', 'Nowomiejska', '290', '1996-08-20', '2003-09-01', 'Nowy Targ', 9, b'0', NULL, NULL, '0.00'),
(584, 'Iamacka', 'Katarzyna', 'Raba', 'Rynek', '265', '1975-11-08', '2003-09-01', 'Sucha Beskidzka', 9, b'0', NULL, NULL, '39.00'),
(585, 'Janacka', 'Aleksandra', 'Spytkowice', 'Strażacka', '284', '1986-06-17', '2003-09-01', 'Kraków', 8, b'1', NULL, NULL, '19.00'),
(586, 'Kaoacka', 'Klaudia', 'Raba', 'Brzozowa', '210', '1978-03-18', '2003-09-01', 'Warszawa', 6, b'0', NULL, NULL, '30.00'),
(587, 'Lapacka', 'Urszula', 'Jordanów', 'Dymińsko Dolna', '149', '1988-03-01', '2003-09-01', 'Katowice', 8, b'0', NULL, NULL, '39.00'),
(588, 'Maracka', 'Magdalena', 'Raba', 'Skłodowskiej-Curie', '285', '1973-07-09', '2003-09-01', 'Mszana Dolna', 10, b'0', NULL, NULL, '34.00'),
(589, 'Nasacka', 'Katarzyna', 'Rabka-Zdrój', NULL, '19', '1989-08-15', '2003-09-01', 'Czarny Dunajec', 2, b'0', NULL, NULL, '20.00'),
(590, 'Oatacka', 'Anna', 'Skomielna', NULL, '161', '1983-08-30', '2003-09-01', 'Krościenko', 4, b'1', NULL, NULL, '31.00'),
(591, 'Pawacka', 'Weronika', 'Jordanów', NULL, '171', '1974-10-13', '2003-09-01', 'Rabka - Zdrój', 5, b'0', NULL, NULL, '23.00'),
(592, 'Raxacka', 'Angelika', 'Spytkowice', NULL, '75', '1972-10-20', '2003-09-01', 'Zakopane', 9, b'0', NULL, NULL, '24.00'),
(593, 'Sayacka', 'Izabela', 'Rabka-Zdrój', NULL, '8', '1977-06-18', '2003-09-01', 'Nowy Targ', 9, b'0', NULL, NULL, '7.00'),
(594, 'Tazacka', 'Anna', 'Skawa', NULL, '210', '1968-09-20', '2003-09-01', 'Sucha Beskidzka', 10, b'0', NULL, NULL, '25.00'),
(595, 'Waaacka', 'Natalia', 'Mszana', NULL, '160', '1969-08-11', '2003-09-01', 'Kraków', 4, b'1', NULL, NULL, '52.00'),
(596, 'Xacacka', 'Anna', 'Skomielna', 'Brzozowa', '91', '1986-05-28', '2003-09-01', 'Warszawa', 1, b'0', NULL, NULL, '21.00'),
(597, 'Yadacka', 'Barbara', 'Skawa', 'Cisowa', '253', '1975-02-23', '2003-09-01', 'Katowice', 11, b'0', NULL, NULL, '25.00'),
(598, 'Zaeacka', 'Natalia', 'Mszana', 'Dębowa', '40', '1995-02-10', '2003-09-01', 'Mszana Dolna', 11, b'0', NULL, NULL, '48.00'),
(599, 'Aafacka', 'Agnieszka', 'Zakopane', 'Gajowa', '153', '1976-01-15', '2003-09-01', 'Czarny Dunajec', 1, b'0', NULL, NULL, '9.00'),
(600, 'Bagacka', 'Anna', 'Skomielna', 'Górnicza', '282', '1981-03-20', '2003-09-01', 'Krościenko', 5, b'0', NULL, NULL, '14.00'),
(601, 'Cahacka', 'Katarzyna', 'Rabka-Zdrój', 'Hutnicza', '15', '1995-07-07', '2003-09-01', 'Rabka - Zdrój', 3, b'0', NULL, NULL, '51.00'),
(602, 'Daiacka', 'Kamila', 'Rabka-Zdrój', 'Jana Pawła II', '21', '1982-10-06', '2003-09-01', 'Zakopane', 13, b'0', NULL, NULL, '6.00'),
(603, 'Eajacka', 'Karolina', 'Rabka-Zdrój', 'Jaśminowa', '149', '1974-03-10', '2003-09-01', 'Nowy Targ', 4, b'0', NULL, NULL, '20.00'),
(604, 'Fakacka', 'Weronika', 'Jordanów', 'Karkonoska', '253', '1993-01-25', '2003-09-01', 'Sucha Beskidzka', 11, b'0', NULL, NULL, '17.00'),
(605, 'Galacka', 'Paulina', 'Mszana', 'Kisielewskiego', '16', '1984-03-07', '2003-09-01', 'Kraków', 12, b'0', NULL, NULL, '6.00'),
(606, 'Hamacka', 'Karolina', 'Rabka-Zdrój', 'Kopernika', '130', '1976-10-06', '2003-09-01', 'Warszawa', 11, b'0', NULL, NULL, '45.00'),
(607, 'Ianacka', 'Izabela', 'Rabka-Zdrój', 'Krupińskiego', '212', '1975-08-04', '2003-09-01', 'Katowice', 2, b'0', NULL, NULL, '53.00'),
(608, 'Jaoacka', 'Natalia', 'Mszana', 'Leszczynowa', '132', '1996-05-01', '2003-09-01', 'Mszana Dolna', 3, b'1', NULL, NULL, '44.00'),
(609, 'Kapacka', 'Kinga', 'Raba', 'Lotników', '147', '1969-07-09', '2003-09-01', 'Czarny Dunajec', 6, b'0', NULL, NULL, '26.00'),
(610, 'Laracka', 'Angelika', 'Spytkowice', 'Michałowskiego', '217', '1996-05-27', '2003-09-01', 'Krościenko', 6, b'1', NULL, NULL, '32.00'),
(611, 'Masacka', 'Joanna', 'Rabka-Zdrój', 'Okrzei', '139', '1969-11-23', '2003-09-01', 'Rabka - Zdrój', 1, b'0', NULL, NULL, '20.00'),
(612, 'Natacka', 'Julia', 'Rabka-Zdrój', 'Prusa', '2', '1967-01-22', '2003-09-01', 'Zakopane', 4, b'0', NULL, NULL, '27.00'),
(613, 'Oawacka', 'Dominika', 'Skawa', 'Skłodowskiej-Curie', '158', '1978-10-11', '2003-09-01', 'Nowy Targ', 3, b'0', NULL, NULL, '37.00'),
(614, 'Paxacka', 'Agnieszka', 'Wisniowa', 'Spacerowa', '21', '1996-06-25', '2003-09-01', 'Sucha Beskidzka', 6, b'0', NULL, NULL, '56.00'),
(615, 'Rayacka', 'Katarzyna', 'Raba', 'Tarnopolska', '200', '1966-01-06', '2003-09-01', 'Kraków', 7, b'0', NULL, NULL, '39.00'),
(616, 'Sazacka', 'Karolina', 'Rabka-Zdrój', 'Towarowa', '292', '1994-01-26', '2003-09-01', 'Warszawa', 13, b'0', NULL, NULL, '7.00'),
(617, 'Taaacka', 'Paulina', 'Mszana', 'Traugutta', '155', '1992-03-20', '2003-09-01', 'Katowice', 6, b'1', NULL, NULL, '37.00'),
(618, 'Wacacka', 'Klaudia', 'Raba', 'Tysiąclecia', '212', '1986-11-18', '2003-09-01', 'Mszana Dolna', 10, b'0', NULL, NULL, '44.00'),
(619, 'Xadacka', 'Weronika', 'Jordanów', 'Wierzbowa', '14', '1994-08-26', '2003-09-01', 'Czarny Dunajec', 7, b'0', NULL, NULL, '46.00'),
(620, 'Yaeacka', 'Aleksandra', 'Spytkowice', 'Willowa', '76', '1987-07-27', '2003-09-01', 'Krościenko', 9, b'0', NULL, NULL, '45.00'),
(621, 'Zafacka', 'Joanna', 'Rabka-Zdrój', 'Wojciecha', '120', '1977-05-15', '2003-09-01', 'Rabka - Zdrój', 5, b'0', NULL, NULL, '35.00'),
(622, 'Aagacka', 'Martyna', 'Podwilk', 'Wronia', '9', '1989-01-28', '2003-09-01', 'Zakopane', 2, b'1', NULL, NULL, '2.00'),
(623, 'Bahacka', 'Julia', 'Rabka-Zdrój', 'Miroszowicka', '121', '1992-03-06', '2003-09-01', 'Nowy Targ', 12, b'0', NULL, NULL, '55.00'),
(624, 'Caiacka', 'Oliwia', 'Mszana', 'Brzozowa', '282', '1978-04-16', '2003-09-01', 'Sucha Beskidzka', 13, b'0', NULL, NULL, '40.00'),
(625, 'Dajacka', 'Ewa', 'Rabka-Zdrój', 'Szmaragdowa', '185', '1995-11-22', '2003-09-01', 'Kraków', 2, b'0', NULL, NULL, '52.00'),
(626, 'Eakacka', 'Wiktoria', 'Jordanów', 'Górnicza', '86', '1979-09-25', '2003-09-01', 'Warszawa', 13, b'0', NULL, NULL, '7.00'),
(627, 'Falacka', 'Magdalena', 'Raba', 'Spokojna', '157', '1974-03-03', '2003-09-01', 'Katowice', 6, b'1', NULL, NULL, '49.00'),
(628, 'Gamacka', 'Maria', 'Podwilk', 'Laskowa', '143', '1996-12-03', '2003-09-01', 'Mszana Dolna', 2, b'0', NULL, NULL, '38.00'),
(629, 'Hanacka', 'Magdalena', 'Raba', NULL, '183', '1978-06-23', '2003-09-01', 'Czarny Dunajec', 11, b'0', NULL, NULL, '4.00'),
(630, 'Iaoacka', 'Natalia', 'Mszana', NULL, '100', '1998-07-21', '2003-09-01', 'Krościenko', 13, b'0', NULL, NULL, '41.00'),
(631, 'Japacka', 'Magdalena', 'Raba', NULL, '241', '1981-12-16', '2003-09-01', 'Rabka - Zdrój', 9, b'0', NULL, NULL, '9.00'),
(632, 'Karacka', 'Izabela', 'Rabka-Zdrój', NULL, '53', '1980-04-26', '2003-09-01', 'Zakopane', 8, b'0', NULL, NULL, '15.00'),
(633, 'Lasacka', 'Ada', 'Zakopane', NULL, '42', '1985-09-30', '2003-09-01', 'Nowy Targ', 13, b'0', NULL, NULL, '38.00'),
(634, 'Matacka', 'Justyna', 'Rabka-Zdrój', NULL, '86', '1989-04-22', '2003-09-01', 'Sucha Beskidzka', 2, b'0', NULL, NULL, '46.00'),
(635, 'Nawacka', 'Weronika', 'Jordanów', NULL, '8', '1979-06-24', '2003-09-01', 'Kraków', 2, b'0', NULL, NULL, '50.00'),
(636, 'Oaxacka', 'Natalia', 'Mszana', 'Spacerowa', '63', '1965-05-05', '2003-09-01', 'Warszawa', 11, b'0', NULL, NULL, '53.00'),
(637, 'Payacka', 'Katarzyna', 'Raba', 'Szeroka', '33', '1988-12-23', '2003-09-01', 'Katowice', 6, b'0', NULL, NULL, '47.00'),
(638, 'Razacka', 'Joanna', 'Rabka-Zdrój', 'Wiosenna', '194', '1984-01-26', '2003-09-01', 'Mszana Dolna', 11, b'0', NULL, NULL, '10.00'),
(639, 'Saaacka', 'Julia', 'Rabka-Zdrój', 'Zjednoczenia', '289', '1997-04-27', '2003-09-01', 'Czarny Dunajec', 12, b'0', NULL, NULL, '49.00'),
(640, 'Tacacka', 'Julia', 'Rabka-Zdrój', 'Żołnierska', '294', '1969-02-28', '2003-09-01', 'Krościenko', 2, b'1', NULL, NULL, '22.00'),
(641, 'Wadacka', 'Gabriela', 'Sieniawa', 'Bankowa', '133', '1983-08-24', '2003-09-01', 'Rabka - Zdrój', 3, b'0', NULL, NULL, '22.00'),
(642, 'Xaeacka', 'Aleksandra', 'Spytkowice', 'Garncarska', '87', '1984-05-04', '2003-09-01', 'Zakopane', 10, b'1', NULL, NULL, '7.00'),
(643, 'Yafacka', 'Klaudia', 'Raba', 'Nad Stawami', '300', '1967-10-10', '2003-09-01', 'Nowy Targ', 7, b'0', NULL, NULL, '14.00'),
(644, 'Zagacka', 'Karolina', 'Rabka-Zdrój', 'Rybna', '240', '1983-09-19', '2003-09-01', 'Sucha Beskidzka', 5, b'0', NULL, NULL, '50.00'),
(645, 'Aahacka', 'Judyta', 'Rabka-Zdrój', 'Spokojna', '116', '1987-05-01', '2003-09-01', 'Kraków', 9, b'0', NULL, NULL, '19.00'),
(646, 'Baiacka', 'Gabriela', 'Sieniawa', 'Majowa', '234', '1977-04-24', '2003-09-01', 'Warszawa', 9, b'0', NULL, NULL, '10.00'),
(647, 'Cajacka', 'Natalia', 'Mszana', 'Dębowa', '239', '1997-09-24', '2003-09-01', 'Katowice', 9, b'0', NULL, NULL, '12.00'),
(648, 'Dakacka', 'Katarzyna', 'Rabka-Zdrój', 'Henryka Brodatego', '120', '1989-01-12', '2003-09-01', 'Mszana Dolna', 2, b'0', NULL, NULL, '60.00'),
(649, 'Ealacka', 'Dominika', 'Skawa', 'Jana Pawła II', '161', '1994-07-09', '2003-09-01', 'Czarny Dunajec', 8, b'1', NULL, NULL, '26.00'),
(650, 'Famacka', 'Wioletta', 'Jordanów', 'Kościelna', '222', '1968-12-27', '2003-09-01', 'Krościenko', 12, b'0', NULL, NULL, '30.00'),
(651, 'Ganacka', 'Anna', 'Skomielna', 'Malinowskiego', '218', '1980-03-16', '2003-09-01', 'Rabka - Zdrój', 9, b'0', NULL, NULL, '59.00'),
(652, 'Haoacka', 'Katarzyna', 'Rabka-Zdrój', 'Podgórska', '127', '1988-02-28', '2003-09-01', 'Zakopane', 4, b'0', NULL, NULL, '26.00'),
(653, 'Iapacka', 'Joanna', 'Rabka-Zdrój', 'Prusa', '97', '1988-02-06', '2003-09-01', 'Nowy Targ', 8, b'0', NULL, NULL, '5.00'),
(654, 'Jaracka', 'Marta', 'Podwilk', 'Rybna', '122', '1999-06-30', '2003-09-01', 'Sucha Beskidzka', 10, b'1', NULL, NULL, '12.00'),
(655, 'Kasacka', 'Michalina', 'Olszówka', 'Sadowa', '186', '1970-03-06', '2003-09-01', 'Kraków', 8, b'0', NULL, NULL, '31.00'),
(656, 'Latacka', 'Joanna', 'Rabka-Zdrój', 'Spacerowa', '176', '1975-05-18', '2003-09-01', 'Warszawa', 3, b'0', NULL, NULL, '0.00'),
(657, 'Mawacka', 'Aleksandra', 'Spytkowice', 'Spokojna', '138', '1997-06-06', '2003-09-01', 'Katowice', 1, b'0', NULL, NULL, '39.00'),
(658, 'Naxacka', 'Natalia', 'Mszana', 'Tarnopolska', '140', '1974-01-19', '2003-09-01', 'Mszana Dolna', 4, b'0', NULL, NULL, '36.00'),
(659, 'Oayacka', 'Maria', 'Podwilk', 'Traugutta', '221', '1974-03-24', '2003-09-01', 'Czarny Dunajec', 10, b'1', NULL, NULL, '17.00'),
(660, 'Pazacka', 'Karolina', 'Rabka-Zdrój', 'Kolejowa', '82', '1978-10-27', '2003-09-01', 'Krościenko', 2, b'0', NULL, NULL, '35.00'),
(661, 'Raaacka', 'Weronika', 'Jordanów', 'Stepowa', '194', '1967-07-12', '2003-09-01', 'Rabka - Zdrój', 7, b'0', NULL, NULL, '20.00'),
(662, 'Sacacka', 'Agnieszka', 'Zakopane', NULL, '127', '1981-04-04', '2003-09-01', 'Zakopane', 9, b'0', NULL, NULL, '35.00'),
(663, 'Tadacka', 'Emilia', 'Skawa', 'Topolowa', '117', '1987-02-13', '2003-09-01', 'Nowy Targ', 8, b'0', NULL, NULL, '3.00'),
(664, 'Waeacka', 'Natalia', 'Mszana', 'Wiązowa', '82', '1993-03-19', '2003-09-01', 'Sucha Beskidzka', 8, b'0', NULL, NULL, '8.00'),
(665, 'Xafacka', 'Weronika', 'Jordanów', 'Wjazdowa', '189', '1994-02-24', '2003-09-01', 'Kraków', 2, b'0', NULL, NULL, '1.00'),
(666, 'Yagacka', 'Faustyna', 'Sieniawa', 'Wyjazdowa', '7', '1973-04-13', '2003-09-01', 'Warszawa', 10, b'0', NULL, NULL, '52.00'),
(667, 'Zahacka', 'Anna', 'Skawa', 'Cicha', '158', '1982-12-14', '2003-09-01', 'Katowice', 4, b'0', NULL, NULL, '24.00'),
(668, 'Aaiacka', 'Laura', 'Raba', 'Drzewna', '41', '1973-10-15', '2003-09-01', 'Mszana Dolna', 1, b'0', NULL, NULL, '50.00'),
(669, 'Bajacka', 'Anna', 'Skomielna', 'Dzika', '243', '1965-08-05', '2003-09-01', 'Czarny Dunajec', 13, b'0', NULL, NULL, '9.00'),
(670, 'Cakacka', 'Anna', 'Skomielna', 'Myśliwska', '30', '1976-03-01', '2003-09-01', 'Krościenko', 7, b'0', NULL, NULL, '42.00'),
(671, 'Dalacka', 'Joanna', 'Rabka-Zdrój', 'Potulicka', '268', '1971-07-13', '2003-09-01', 'Rabka - Zdrój', 12, b'0', NULL, NULL, '8.00'),
(672, 'Eamacka', 'Karolina', 'Rabka-Zdrój', 'Urodzajna', '168', '1979-12-20', '2003-09-01', 'Zakopane', 8, b'1', NULL, NULL, '55.00'),
(673, 'Fanacka', 'Marlena', 'Podwilk', 'Wiejska', '135', '1970-06-17', '2003-09-01', 'Nowy Targ', 4, b'0', NULL, NULL, '57.00'),
(674, 'Gaoacka', 'Klaudia', 'Raba', 'Wspólna', '206', '1992-07-23', '2003-09-01', 'Sucha Beskidzka', 7, b'1', NULL, NULL, '51.00'),
(675, 'Hapacka', 'Emilia', 'Skawa', 'Cicha', '254', '1978-02-28', '2003-09-01', 'Kraków', 4, b'0', NULL, NULL, '32.00'),
(676, 'Iaracka', 'Natalia', 'Mszana', 'Graniczna', '190', '1994-04-07', '2003-09-01', 'Warszawa', 4, b'0', NULL, NULL, '13.00'),
(677, 'Jasacka', 'Karolina', 'Rabka-Zdrój', 'Jaskółcza', '69', '1985-04-28', '2003-09-01', 'Katowice', 11, b'0', NULL, NULL, '53.00'),
(678, 'Katacka', 'Julia', 'Rabka-Zdrój', 'Kurkowa', '38', '1965-08-02', '2003-09-01', 'Mszana Dolna', 5, b'0', NULL, NULL, '35.00'),
(679, 'Lawacka', 'Patrycja', 'Mszana', 'Żwirowa', '85', '1993-07-27', '2003-09-01', 'Czarny Dunajec', 7, b'0', NULL, NULL, '31.00'),
(680, 'Maxacka', 'Kornelia', 'Raba', 'Koźlaka', '87', '1965-12-27', '2004-09-01', 'Krościenko', 7, b'0', NULL, NULL, '36.00'),
(681, 'Nayacka', 'Daria', 'Skawa', 'Bursztynowa', '166', '1999-03-06', '2004-09-01', 'Rabka - Zdrój', 13, b'1', NULL, NULL, '5.00'),
(682, 'Oazacka', 'Małgorzata', 'Raba', 'Cicha', '221', '1988-03-25', '2004-09-01', 'Zakopane', 8, b'0', NULL, NULL, '46.00'),
(683, 'Paaacka', 'Natalia', 'Mszana', 'Dereniowa', '101', '1970-10-20', '2004-09-01', 'Nowy Targ', 2, b'0', NULL, NULL, '25.00'),
(684, 'Racacka', 'Ewelina', 'Sieniawa', 'Gradowa', '203', '1972-07-30', '2004-09-01', 'Sucha Beskidzka', 3, b'0', NULL, NULL, '54.00'),
(685, 'Sadacka', 'Dominika', 'Skawa', 'Iglasta', '13', '1987-04-14', '2004-09-01', 'Kraków', 3, b'0', NULL, NULL, '4.00'),
(686, 'Taeacka', 'Karolina', 'Rabka-Zdrój', 'Jesienna', '217', '1996-02-03', '2004-09-01', 'Warszawa', 8, b'1', NULL, NULL, '23.00'),
(687, 'Wafacka', 'Justyna', 'Rabka-Zdrój', 'Jeżynowa', '268', '1967-05-12', '2004-09-01', 'Katowice', 6, b'0', NULL, NULL, '19.00'),
(688, 'Xagacka', 'Weronika', 'Jordanów', 'Mahoniowa', '67', '1973-01-02', '2004-09-01', 'Mszana Dolna', 11, b'0', NULL, NULL, '54.00'),
(689, 'Yahacka', 'Agnieszka', 'Zakopane', 'Mickiewicza', '156', '1979-05-16', '2004-09-01', 'Czarny Dunajec', 6, b'0', NULL, NULL, '7.00'),
(690, 'Zaiacka', 'Aleksandra', 'Spytkowice', 'Opalowa', '64', '1971-09-07', '2004-09-01', 'Krościenko', 6, b'0', NULL, NULL, '35.00'),
(691, 'Aajacka', 'Sara', 'Lubien', 'Śluzowa', '298', '1975-05-31', '2004-09-01', 'Rabka - Zdrój', 9, b'1', NULL, NULL, '60.00'),
(692, 'Bakacka', 'Gabriela', 'Sidzina', NULL, '184', '1971-05-30', '2004-09-01', 'Zakopane', 13, b'0', NULL, NULL, '26.00'),
(693, 'Calacka', 'Klaudia', 'Raba', NULL, '72', '1978-12-22', '2004-09-01', 'Nowy Targ', 5, b'0', NULL, NULL, '27.00'),
(694, 'Damacka', 'Iwona', 'Rabka-Zdrój', NULL, '271', '1968-04-01', '2004-09-01', 'Sucha Beskidzka', 11, b'0', NULL, NULL, '4.00'),
(695, 'Eanacka', 'Klaudia', 'Raba', NULL, '300', '1982-07-05', '2004-09-01', 'Kraków', 6, b'0', NULL, NULL, '42.00'),
(696, 'Faoacka', 'Patrycja', 'Mszana', NULL, '137', '1985-01-25', '2004-09-01', 'Warszawa', 12, b'0', NULL, NULL, '49.00'),
(697, 'Gapacka', 'Małgorzata', 'Raba', NULL, '44', '1971-05-15', '2004-09-01', 'Katowice', 10, b'0', NULL, NULL, '40.00'),
(698, 'Haracka', 'Aleksandra', 'Spytkowice', NULL, '66', '1978-05-10', '2004-09-01', 'Mszana Dolna', 10, b'0', NULL, NULL, '52.00'),
(699, 'Iasacka', 'Zofia', 'Chabówka', NULL, '58', '1969-12-06', '2004-09-01', 'Czarny Dunajec', 2, b'0', NULL, NULL, '9.00'),
(700, 'Jatacka', 'Laura', 'Raba', NULL, '275', '1969-06-16', '2004-09-01', 'Krościenko', 12, b'0', NULL, NULL, '27.00'),
(701, 'Kawacka', 'Aleksandra', 'Spytkowice', NULL, '279', '1979-05-22', '2004-09-01', 'Rabka - Zdrój', 6, b'0', NULL, NULL, '35.00'),
(702, 'Laxacka', 'Weronika', 'Jordanów', NULL, '287', '1997-04-14', '2004-09-01', 'Zakopane', 2, b'0', NULL, NULL, '7.00'),
(703, 'Mayacka', 'Aleksandra', 'Spytkowice', 'Granitowa', '94', '1973-08-23', '2004-09-01', 'Nowy Targ', 7, b'0', NULL, NULL, '27.00'),
(704, 'Nazacka', 'Gabriela', 'Sieniawa', 'Jaskółcza', '159', '1984-11-10', '2004-09-01', 'Sucha Beskidzka', 7, b'1', NULL, NULL, '45.00'),
(705, 'Oaaacka', 'Justyna', 'Rabka-Zdrój', 'Kamienna', '49', '1973-09-18', '2004-09-01', 'Kraków', 6, b'0', NULL, NULL, '7.00'),
(706, 'Pacacka', 'Magdalena', 'Raba', 'Kolibra', '152', '1994-01-01', '2004-09-01', 'Warszawa', 5, b'1', NULL, NULL, '22.00'),
(707, 'Radacka', 'Anna', 'Skomielna', 'Koralowa', '47', '1989-06-04', '2004-09-01', 'Katowice', 6, b'0', NULL, NULL, '42.00'),
(708, 'Saeacka', 'Aleksandra', 'Spytkowice', 'Kresowa', '267', '1999-04-15', '2004-09-01', 'Mszana Dolna', 9, b'0', NULL, NULL, '4.00'),
(709, 'Tafacka', 'Ewelina', 'Sieniawa', 'Nad Potokiem', '285', '1999-01-27', '2004-09-01', 'Czarny Dunajec', 4, b'0', NULL, NULL, '11.00'),
(710, 'Wagacka', 'Aneta', 'Spytkowice', 'Opalowa', '204', '1977-11-13', '2004-09-01', 'Krościenko', 8, b'0', NULL, NULL, '28.00'),
(711, 'Xahacka', 'Joanna', 'Rabka-Zdrój', 'Skowronka', '112', '1990-12-13', '2004-09-01', 'Rabka - Zdrój', 2, b'0', NULL, NULL, '26.00'),
(712, 'Yaiacka', 'Weronika', 'Jordanów', 'Stepowa', '238', '1995-03-08', '2004-09-01', 'Zakopane', 13, b'0', NULL, NULL, '17.00'),
(713, 'Zajacka', 'Aleksandra', 'Spytkowice', 'Wjazdowa', '214', '1984-04-23', '2004-09-01', 'Nowy Targ', 2, b'1', NULL, NULL, '46.00'),
(714, 'Aakacka', 'Anna', 'Skomielna', 'Płotki', '138', '1974-06-25', '2004-09-01', 'Sucha Beskidzka', 2, b'0', NULL, NULL, '38.00'),
(715, 'Balacka', 'Alicja', 'Spytkowice', 'Troci', '210', '1999-12-22', '2004-09-01', 'Kraków', 7, b'0', NULL, NULL, '6.00'),
(716, 'Camacka', 'Aleksandra', 'Spytkowice', 'Graniczna', '66', '1995-01-21', '2004-09-01', 'Warszawa', 3, b'0', NULL, NULL, '31.00'),
(717, 'Danacka', 'Natalia', 'Mszana', 'Śluzowa', '197', '1979-01-21', '2004-09-01', 'Katowice', 2, b'0', NULL, NULL, '5.00'),
(718, 'Eaoacka', 'Anna', 'Skawa', 'Podziałowa', '166', '1967-02-25', '2004-09-01', 'Mszana Dolna', 13, b'1', NULL, NULL, '4.00'),
(719, 'Fapacka', 'Małgorzata', 'Raba', 'Biała', '188', '1972-04-02', '2004-09-01', 'Czarny Dunajec', 8, b'0', NULL, NULL, '52.00'),
(720, 'Garacka', 'Katarzyna', 'Rabka-Zdrój', 'Cicha', '58', '1975-02-13', '2004-09-01', 'Krościenko', 13, b'0', NULL, NULL, '56.00'),
(721, 'Hasacka', 'Martyna', 'Podwilk', 'Dymna', '86', '1996-01-04', '2004-09-01', 'Rabka - Zdrój', 3, b'0', NULL, NULL, '54.00'),
(722, 'Iatacka', 'Angelika', 'Spytkowice', 'Plonowa', '54', '1974-12-18', '2004-09-01', 'Zakopane', 4, b'0', NULL, NULL, '3.00'),
(723, 'Jawacka', 'Joanna', 'Rabka-Zdrój', 'Relaksowa', '139', '1992-03-02', '2004-09-01', 'Nowy Targ', 10, b'1', NULL, NULL, '26.00'),
(724, 'Kaxacka', 'Dorota', 'Skawa', 'Wiejska', '7', '1985-04-28', '2004-09-01', 'Sucha Beskidzka', 12, b'0', NULL, NULL, '42.00'),
(725, 'Layacka', 'Magdalena', 'Raba', 'Zabytkowa', '147', '1998-04-15', '2004-09-01', 'Kraków', 13, b'0', NULL, NULL, '31.00'),
(726, 'Mazacka', 'Julia', 'Rabka-Zdrój', 'Żyzna', '125', '1996-01-23', '2004-09-01', 'Warszawa', 11, b'0', NULL, NULL, '12.00'),
(727, 'Naaacka', 'Justyna', 'Rabka-Zdrój', 'Cicha', '281', '1997-08-25', '2004-09-01', 'Katowice', 1, b'0', NULL, NULL, '1.00'),
(728, 'Oacacka', 'Aleksandra', 'Spytkowice', 'Dereniowa', '241', '1985-10-25', '2004-09-01', 'Mszana Dolna', 2, b'0', NULL, NULL, '36.00'),
(729, 'Padacka', 'Weronika', 'Jordanów', 'Jeżynowa', '78', '1981-07-10', '2004-09-01', 'Czarny Dunajec', 13, b'0', NULL, NULL, '24.00'),
(730, 'Raeacka', 'Małgorzata', 'Raba', 'Koźlakowa', '43', '1970-08-24', '2004-09-01', 'Krościenko', 3, b'0', NULL, NULL, '53.00'),
(731, 'Safacka', 'Zuzanna', 'Chabówka', 'Kurkowa', '252', '1966-02-06', '2004-09-01', 'Rabka - Zdrój', 6, b'0', NULL, NULL, '17.00'),
(732, 'Tagacka', 'Natalia', 'Mszana', 'Kolejowa', '81', '1976-01-31', '2004-09-01', 'Zakopane', 7, b'0', NULL, NULL, '40.00'),
(733, 'Wahacka', 'Kinga', 'Raba', 'Lubelska', '220', '1992-08-13', '2004-09-01', 'Nowy Targ', 7, b'0', NULL, NULL, '45.00'),
(734, 'Xaiacka', 'Monika', 'Mszana', 'Maja', '155', '1994-11-01', '2004-09-01', 'Sucha Beskidzka', 13, b'0', NULL, NULL, '44.00'),
(735, 'Yajacka', 'Joanna', 'Rabka-Zdrój', 'Mickiewicza', '67', '1977-08-14', '2004-09-01', 'Kraków', 8, b'0', NULL, NULL, '7.00'),
(736, 'Zakacka', 'Aleksandra', 'Spytkowice', 'Banachiewicza', '291', '1969-04-23', '2004-09-01', 'Warszawa', 7, b'1', NULL, NULL, '9.00'),
(737, 'Aalacka', 'Karolina', 'Rabka-Zdrój', 'Ciołkowskiego', '120', '1973-02-20', '2004-09-01', 'Katowice', 5, b'0', NULL, NULL, '59.00'),
(738, 'Bamacka', 'Marcelina', 'Raba', 'Dzika', '105', '1978-08-20', '2004-09-01', 'Mszana Dolna', 11, b'1', NULL, NULL, '26.00'),
(739, 'Canacka', 'Zofia', 'Chabówka', 'Energetyków', '298', '1995-01-28', '2004-09-01', 'Czarny Dunajec', 11, b'0', NULL, NULL, '53.00'),
(740, 'Daoacka', 'Izabela', 'Rabka-Zdrój', 'Francuska', '232', '1998-12-16', '2004-09-01', 'Krościenko', 3, b'0', NULL, NULL, '47.00'),
(741, 'Eapacka', 'Agnieszka', 'Wisniowa', 'Graniczna', '68', '1965-05-01', '2004-09-01', 'Rabka - Zdrój', 10, b'0', NULL, NULL, '19.00'),
(742, 'Faracka', 'Teresa', 'Kraków', 'Jana Pawła II', '130', '1984-03-27', '2004-09-01', 'Zakopane', 13, b'0', NULL, NULL, '14.00'),
(743, 'Gasacka', 'Anna', 'Skomielna', 'Konarskiego', '56', '1981-10-02', '2004-09-01', 'Nowy Targ', 5, b'0', NULL, NULL, '29.00'),
(744, 'Hatacka', 'Gabriela', 'Sieniawa', 'Drzymały', '283', '1975-05-09', '2004-09-01', 'Sucha Beskidzka', 4, b'0', NULL, NULL, '25.00'),
(745, 'Iawacka', 'Oliwia', 'Mszana', 'Duszy', '240', '1998-03-09', '2004-09-01', 'Kraków', 13, b'1', NULL, NULL, '3.00'),
(746, 'Jaxacka', 'Monika', 'Mszana', 'Fabryczna', '32', '1969-08-07', '2004-09-01', 'Warszawa', 4, b'0', NULL, NULL, '31.00'),
(747, 'Kayacka', 'Julia', 'Rabka-Zdrój', 'Górna', '192', '1983-06-12', '2004-09-01', 'Katowice', 2, b'0', NULL, NULL, '33.00'),
(748, 'Lazacka', 'Julia', 'Rabka-Zdrój', 'Iwaszkiewicza', '200', '1966-04-07', '2004-09-01', 'Mszana Dolna', 11, b'0', NULL, NULL, '49.00'),
(749, 'Maaacka', 'Monika', 'Mszana', 'Kamieniarska', '25', '1973-06-29', '2004-09-01', 'Czarny Dunajec', 10, b'0', NULL, NULL, '7.00'),
(750, 'Nacacka', 'Klaudia', 'Raba', 'Krótka', '236', '1987-07-06', '2004-09-01', 'Krościenko', 4, b'1', NULL, NULL, '17.00'),
(751, 'Oadacka', 'Aleksandra', 'Spytkowice', 'Łódzka', '174', '1989-12-30', '2004-09-01', 'Rabka - Zdrój', 10, b'0', NULL, NULL, '43.00'),
(752, 'Paeacka', 'Weronika', 'Jordanów', 'Malczewskiego', '210', '1995-09-04', '2004-09-01', 'Zakopane', 12, b'0', NULL, NULL, '53.00'),
(753, 'Rafacka', 'Julia', 'Rabka-Zdrój', 'Norwida', '105', '1994-03-31', '2004-09-01', 'Nowy Targ', 1, b'0', NULL, NULL, '12.00'),
(754, 'Sagacka', 'Anna', 'Skawa', 'Piłsudskiego', '32', '1992-06-20', '2004-09-01', 'Sucha Beskidzka', 5, b'0', NULL, NULL, '24.00'),
(755, 'Tahacka', 'Dominika', 'Skawa', 'Rzeczki Górne', '115', '1973-08-05', '2004-09-01', 'Kraków', 7, b'1', NULL, NULL, '28.00'),
(756, 'Waiacka', 'Justyna', 'Rabka-Zdrój', 'Słoneczna', '157', '1996-04-24', '2004-09-01', 'Warszawa', 9, b'0', NULL, NULL, '8.00'),
(757, 'Xajacka', 'Anna', 'Skawa', 'Sulikowska', '264', '1984-09-08', '2004-09-01', 'Katowice', 7, b'0', NULL, NULL, '16.00'),
(758, 'Yakacka', 'Wiktoria', 'Jordanów', 'Tuwima', '172', '1998-10-07', '2004-09-01', 'Mszana Dolna', 11, b'0', NULL, NULL, '14.00'),
(759, 'Zalacka', 'Weronika', 'Jordanów', 'Warszawska', '208', '1996-07-14', '2004-09-01', 'Czarny Dunajec', 9, b'0', NULL, NULL, '37.00'),
(760, 'Aamacka', 'Natalia', 'Mszana', 'Wolności', '172', '1976-05-01', '2004-09-01', 'Krościenko', 6, b'0', NULL, NULL, '27.00'),
(761, 'Banacka', 'Emilia', 'Skawa', 'Wysockiego', '6', '1981-09-18', '2004-09-01', 'Rabka - Zdrój', 11, b'0', NULL, NULL, '19.00'),
(762, 'Caoacka', 'Natalia', 'Mszana', 'Żwirki i Wigury', '184', '1983-01-01', '2004-09-01', 'Zakopane', 13, b'0', NULL, NULL, '37.00'),
(763, 'Dapacka', 'Maja', 'Raba', 'Fabryczna', '119', '1994-06-28', '2004-09-01', 'Nowy Targ', 10, b'0', NULL, NULL, '33.00'),
(764, 'Earacka', 'Aleksandra', 'Spytkowice', 'Górna', '106', '1994-11-29', '2004-09-01', 'Sucha Beskidzka', 4, b'0', NULL, NULL, '29.00'),
(765, 'Fasacka', 'Oliwia', 'Mszana', 'Komedy-Trzcińskiego', '128', '1973-10-06', '2004-09-01', 'Kraków', 5, b'0', NULL, NULL, '42.00'),
(766, 'Gatacka', 'Gabriela', 'Sieniawa', 'Krótka', '14', '1977-11-19', '2004-09-01', 'Warszawa', 7, b'0', NULL, NULL, '46.00'),
(767, 'Hawacka', 'Weronika', 'Jordanów', 'Malczewskiego', '125', '1992-06-11', '2004-09-01', 'Katowice', 8, b'0', NULL, NULL, '27.00'),
(768, 'Iaxacka', 'Ilona', 'Rabka-Zdrój', 'Pocztowa', '18', '1989-09-26', '2004-09-01', 'Mszana Dolna', 5, b'1', NULL, NULL, '20.00'),
(769, 'Jayacka', 'Anna', 'Skomielna', 'Słoneczna', '266', '1966-01-23', '2004-09-01', 'Czarny Dunajec', 7, b'0', NULL, NULL, '12.00'),
(770, 'Kazacka', 'Angelika', 'Spytkowice', 'Spółdzielcza', '15', '1979-09-16', '2004-09-01', 'Krościenko', 4, b'1', NULL, NULL, '22.00'),
(771, 'Laaacka', 'Anna', 'Skomielna', 'Szpitalna', '159', '1995-01-24', '2004-09-01', 'Rabka - Zdrój', 4, b'0', NULL, NULL, '16.00'),
(772, 'Macacka', 'Oliwia', 'Mszana', 'Warszawska', '116', '1971-03-06', '2004-09-01', 'Zakopane', 4, b'0', NULL, NULL, '10.00'),
(773, 'Nadacka', 'Magdalena', 'Raba', 'Wolności', '249', '1967-11-14', '2004-09-01', 'Nowy Targ', 4, b'0', NULL, NULL, '54.00'),
(774, 'Oaeacka', 'Aleksandra', 'Spytkowice', 'Zamoyskiego', '192', '1973-09-22', '2004-09-01', 'Sucha Beskidzka', 3, b'0', NULL, NULL, '25.00'),
(775, 'Pafacka', 'Agnieszka', 'Zakopane', 'Krótka', '119', '1996-12-08', '2004-09-01', 'Kraków', 5, b'0', NULL, NULL, '5.00'),
(776, 'Ragacka', 'Aleksandra', 'Spytkowice', 'Zdrojowa', '197', '1979-10-02', '2004-09-01', 'Warszawa', 9, b'0', NULL, NULL, '16.00'),
(777, 'Sahacka', 'Dominika', 'Skawa', 'Mostowa', '149', '1977-08-23', '2004-09-01', 'Katowice', 11, b'1', NULL, NULL, '59.00'),
(778, 'Taiacka', 'Wiktoria', 'Jordanów', 'Podgórna', '29', '1974-04-11', '2004-09-01', 'Mszana Dolna', 1, b'0', NULL, NULL, '34.00'),
(779, 'Wajacka', 'Sylwia', 'Kraków', 'Czarnieckiego', '200', '1975-12-15', '2004-09-01', 'Czarny Dunajec', 1, b'0', NULL, NULL, '35.00'),
(780, 'Xakacka', 'Anna', 'Skomielna', 'Fabryczna', '250', '1984-10-23', '2004-09-01', 'Krościenko', 12, b'0', NULL, NULL, '30.00'),
(781, 'Yalacka', 'Aleksandra', 'Spytkowice', 'Krótka', '150', '1968-09-28', '2004-09-01', 'Rabka - Zdrój', 5, b'0', NULL, NULL, '27.00'),
(782, 'Zamacka', 'Klaudia', 'Raba', 'Rzeczna', '83', '1976-10-09', '2004-09-01', 'Zakopane', 12, b'1', NULL, NULL, '44.00'),
(783, 'Aanacka', 'Ewelina', 'Skawa', 'Słoneczna', '183', '1976-08-24', '2004-09-01', 'Nowy Targ', 2, b'0', NULL, NULL, '25.00'),
(784, 'Baoacka', 'Zuzanna', 'Chabówka', 'Górna', '159', '1967-10-04', '2004-09-01', 'Sucha Beskidzka', 10, b'0', NULL, NULL, '57.00'),
(785, 'Capacka', 'Wioleta', 'Jordanów', 'Krótka', '200', '1990-10-14', '2004-09-01', 'Kraków', 10, b'0', NULL, NULL, '38.00'),
(786, 'Daracka', 'Agnieszka', 'Zakopane', 'Pocztowa', '31', '1987-04-03', '2004-09-01', 'Warszawa', 6, b'0', NULL, NULL, '23.00'),
(787, 'Easacka', 'Anna', 'Skomielna', 'Krótka', '70', '1999-10-03', '2004-09-01', 'Katowice', 13, b'1', NULL, NULL, '29.00'),
(788, 'Fatacka', 'Karolina', 'Rabka-Zdrój', 'Mickiewicza', '63', '1991-12-20', '2004-09-01', 'Mszana Dolna', 10, b'0', NULL, NULL, '42.00'),
(789, 'Gawacka', 'Ewelina', 'Sieniawa', 'Górna', '140', '1990-10-04', '2004-09-01', 'Czarny Dunajec', 11, b'0', NULL, NULL, '51.00'),
(790, 'Haxacka', 'Weronika', 'Jordanów', 'Krótka', '274', '1983-05-31', '2004-09-01', 'Krościenko', 9, b'0', NULL, NULL, '60.00'),
(791, 'Iayacka', 'Olga', 'Mszana', 'Mickiewicza', '158', '1998-07-27', '2004-09-01', 'Rabka - Zdrój', 11, b'0', NULL, NULL, '0.00'),
(792, 'Jazacka', 'Karolina', 'Rabka-Zdrój', 'Ratuszowa', '47', '1983-03-01', '2004-09-01', 'Zakopane', 12, b'0', NULL, NULL, '23.00'),
(793, 'Kaaacka', 'Zuzanna', 'Chabówka', 'Sienkiewicza', '255', '1998-02-09', '2004-09-01', 'Nowy Targ', 4, b'0', NULL, NULL, '49.00'),
(794, 'Lacacka', 'Sabina', 'Łetownia', 'Wójtowska', '202', '1985-05-15', '2004-09-01', 'Sucha Beskidzka', 2, b'0', NULL, NULL, '59.00'),
(795, 'Madacka', 'Natalia', 'Mszana', 'Krótka', '108', '1994-09-23', '2004-09-01', 'Kraków', 3, b'0', NULL, NULL, '15.00'),
(796, 'Naeacka', 'Dominika', 'Skawa', 'Rzeczna', '205', '1969-04-22', '2004-09-01', 'Warszawa', 3, b'0', NULL, NULL, '34.00'),
(797, 'Oafacka', 'Maria', 'Podwilk', 'Słowackiego', '80', '1978-08-30', '2004-09-01', 'Katowice', 8, b'0', NULL, NULL, '26.00'),
(798, 'Pagacka', 'Sylwia', 'Kraków', 'Górna', '142', '1974-07-19', '2004-09-01', 'Mszana Dolna', 10, b'0', NULL, NULL, '51.00'),
(799, 'Rahacka', 'Klaudia', 'Raba', 'Mostowa', '65', '1970-02-24', '2004-09-01', 'Czarny Dunajec', 5, b'0', NULL, NULL, '49.00'),
(800, 'Saiacka', 'Katarzyna', 'Raba', 'Pocztowa', '276', '1975-10-05', '2004-09-01', 'Krościenko', 8, b'1', NULL, NULL, '58.00'),
(801, 'Tajacka', 'Natalia', 'Mszana', 'Słoneczna', '87', '1984-06-08', '2004-09-01', 'Rabka - Zdrój', 8, b'0', NULL, NULL, '3.00'),
(802, 'Wakacka', 'Karolina', 'Rabka-Zdrój', NULL, '97', '1967-06-20', '2004-09-01', 'Zakopane', 7, b'1', NULL, NULL, '6.00'),
(803, 'Xalacka', 'Anna', 'Skomielna', NULL, '187', '1991-06-06', '2004-09-01', 'Nowy Targ', 6, b'0', NULL, NULL, '55.00');
INSERT INTO `uczen` (`id_ucznia`, `Nazwisko`, `Imie`, `Miejscowosc`, `Ulica`, `Nr_domu`, `Data_ur`, `Data_rozpoczecia_nauki`, `Miejsce_urodzenia`, `id_klasy`, `Koniec_nauki`, `Notatki_o _uczniu`, `Zdjecie`, `Komitet`) VALUES
(804, 'Yamacka', 'Katarzyna', 'Raba', NULL, '10', '1982-10-21', '2004-09-01', 'Sucha Beskidzka', 1, b'0', NULL, NULL, '7.00'),
(805, 'Zanacka', 'Aleksandra', 'Spytkowice', NULL, '273', '1974-04-08', '2004-09-01', 'Kraków', 1, b'0', NULL, NULL, '35.00'),
(806, 'Aaoacka', 'Klaudia', 'Raba', NULL, '183', '1983-04-14', '2004-09-01', 'Warszawa', 3, b'0', NULL, NULL, '34.00'),
(807, 'Bapacka', 'Urszula', 'Jordanów', NULL, '213', '1999-01-13', '2004-09-01', 'Katowice', 5, b'0', NULL, NULL, '45.00'),
(808, 'Caracka', 'Magdalena', 'Raba', NULL, '172', '1994-10-24', '2004-09-01', 'Mszana Dolna', 5, b'0', NULL, NULL, '59.00'),
(809, 'Dasacka', 'Katarzyna', 'Rabka-Zdrój', NULL, '296', '1984-10-14', '2004-09-01', 'Czarny Dunajec', 5, b'1', NULL, NULL, '33.00'),
(810, 'Eatacka', 'Anna', 'Skomielna', 'Rynek', '82', '1991-12-19', '2004-09-01', 'Krościenko', 1, b'0', NULL, NULL, '38.00'),
(811, 'Fawacka', 'Weronika', 'Jordanów', 'Rzeczna', '295', '1990-11-22', '2004-09-01', 'Rabka - Zdrój', 8, b'0', NULL, NULL, '22.00'),
(812, 'Gaxacka', 'Angelika', 'Spytkowice', 'Słoneczna', '295', '1976-07-15', '2004-09-01', 'Zakopane', 2, b'0', NULL, NULL, '46.00'),
(813, 'Hayacka', 'Izabela', 'Rabka-Zdrój', 'Staromiejska', '190', '1984-05-29', '2004-09-01', 'Nowy Targ', 6, b'0', NULL, NULL, '49.00'),
(814, 'Iazacka', 'Anna', 'Skawa', 'Szpitalna', '147', '1977-11-06', '2004-09-01', 'Sucha Beskidzka', 2, b'1', NULL, NULL, '32.00'),
(815, 'Jaaacka', 'Natalia', 'Mszana', 'Śląska', '9', '1982-07-01', '2004-09-01', 'Kraków', 6, b'0', NULL, NULL, '21.00'),
(816, 'Kacacka', 'Anna', 'Skomielna', 'Świętokrzyska', '70', '1992-03-12', '2004-09-01', 'Warszawa', 12, b'0', NULL, NULL, '41.00'),
(817, 'Ladacka', 'Barbara', 'Skawa', 'Tuwima', '111', '1977-02-05', '2004-09-01', 'Katowice', 13, b'0', NULL, NULL, '7.00'),
(818, 'Maeacka', 'Natalia', 'Mszana', 'Wyszyńskiego', '220', '1967-10-31', '2004-09-01', 'Mszana Dolna', 11, b'0', NULL, NULL, '38.00'),
(819, 'Nafacka', 'Agnieszka', 'Zakopane', 'Sprzymierzeńców', '22', '1989-12-23', '2004-09-01', 'Czarny Dunajec', 12, b'1', NULL, NULL, '32.00'),
(820, 'Oagacka', 'Anna', 'Skomielna', 'Mickiewicza', '163', '1968-09-17', '2004-09-01', 'Krościenko', 1, b'0', NULL, NULL, '22.00'),
(821, 'Pahacka', 'Katarzyna', 'Rabka-Zdrój', 'Mostowa', '152', '1994-08-25', '2004-09-01', 'Rabka - Zdrój', 9, b'0', NULL, NULL, '48.00'),
(822, 'Raiacka', 'Kamila', 'Rabka-Zdrój', 'Skowronia Góra', '214', '1971-04-13', '2004-09-01', 'Zakopane', 11, b'0', NULL, NULL, '18.00'),
(823, 'Sajacka', 'Karolina', 'Rabka-Zdrój', 'Spółdzielcza', '40', '1997-08-22', '2004-09-01', 'Nowy Targ', 10, b'0', NULL, NULL, '57.00'),
(824, 'Takacka', 'Weronika', 'Jordanów', 'Strzelecki', '6', '1980-07-10', '2004-09-01', 'Sucha Beskidzka', 6, b'0', NULL, NULL, '25.00'),
(825, 'Walacka', 'Paulina', 'Mszana', 'Toruńska', '82', '1970-06-28', '2004-09-01', 'Kraków', 11, b'0', NULL, NULL, '40.00'),
(826, 'Xamacka', 'Karolina', 'Rabka-Zdrój', 'Kujawska', '38', '1984-01-21', '2004-09-01', 'Warszawa', 12, b'0', NULL, NULL, '34.00'),
(827, 'Yanacka', 'Izabela', 'Rabka-Zdrój', 'Lipowa', '130', '1992-11-27', '2004-09-01', 'Katowice', 5, b'0', NULL, NULL, '48.00'),
(828, 'Zaoacka', 'Natalia', 'Mszana', 'Przedmiejska', '22', '1979-09-07', '2004-09-01', 'Mszana Dolna', 12, b'0', NULL, NULL, '1.00'),
(829, 'Aapacka', 'Kinga', 'Raba', 'Jarominiaka', '66', '1989-09-01', '2004-09-01', 'Czarny Dunajec', 13, b'0', NULL, NULL, '30.00'),
(830, 'Baracka', 'Angelika', 'Spytkowice', 'Kujawska', '155', '1977-05-02', '2004-09-01', 'Krościenko', 13, b'0', NULL, NULL, '27.00'),
(831, 'Casacka', 'Joanna', 'Rabka-Zdrój', 'Kujawska', '28', '1970-10-20', '2004-09-01', 'Rabka - Zdrój', 11, b'0', NULL, NULL, '43.00'),
(832, 'Datacka', 'Julia', 'Rabka-Zdrój', 'Kujawska', '234', '1997-02-27', '2004-09-01', 'Zakopane', 5, b'1', NULL, NULL, '23.00'),
(833, 'Eawacka', 'Dominika', 'Skawa', 'Lipowa', '169', '1985-06-15', '2004-09-01', 'Nowy Targ', 8, b'0', NULL, NULL, '28.00'),
(834, 'Faxacka', 'Agnieszka', 'Wisniowa', 'Stawowa', '186', '1974-07-20', '2004-09-01', 'Sucha Beskidzka', 12, b'1', NULL, NULL, '53.00'),
(835, 'Gayacka', 'Katarzyna', 'Raba', '700-lecia', '11', '1997-06-12', '2004-09-01', 'Kraków', 6, b'0', NULL, NULL, '16.00'),
(836, 'Hazacka', 'Karolina', 'Rabka-Zdrój', 'Długa', '283', '1967-05-17', '2004-09-01', 'Warszawa', 12, b'0', NULL, NULL, '36.00'),
(837, 'Iaaacka', 'Paulina', 'Mszana', 'Gajdy', '140', '1995-10-07', '2004-09-01', 'Katowice', 8, b'0', NULL, NULL, '11.00'),
(838, 'Jacacka', 'Klaudia', 'Raba', 'Jagodowa', '54', '1998-06-20', '2004-09-01', 'Mszana Dolna', 13, b'0', NULL, NULL, '0.00'),
(839, 'Kadacka', 'Weronika', 'Jordanów', 'Janaszka', '16', '1997-04-03', '2004-09-01', 'Czarny Dunajec', 1, b'0', NULL, NULL, '4.00'),
(840, 'Laeacka', 'Aleksandra', 'Spytkowice', 'Karbowska', '258', '1986-12-26', '2004-09-01', 'Krościenko', 11, b'0', NULL, NULL, '53.00'),
(841, 'Mafacka', 'Joanna', 'Rabka-Zdrój', 'Krzywoń', '228', '1991-09-06', '2004-09-01', 'Rabka - Zdrój', 5, b'1', NULL, NULL, '21.00'),
(842, 'Nagacka', 'Martyna', 'Podwilk', 'Lipowa', '238', '1993-03-04', '2004-09-01', 'Zakopane', 11, b'0', NULL, NULL, '32.00'),
(843, 'Oahacka', 'Julia', 'Rabka-Zdrój', 'Władysława Łokietka', '70', '1972-01-30', '2004-09-01', 'Nowy Targ', 13, b'0', NULL, NULL, '34.00'),
(844, 'Paiacka', 'Oliwia', 'Mszana', 'Mały Rynek', '300', '1970-01-26', '2004-09-01', 'Sucha Beskidzka', 10, b'0', NULL, NULL, '53.00'),
(845, 'Rajacka', 'Ewa', 'Rabka-Zdrój', 'Mieszka I', '88', '1989-03-23', '2004-09-01', 'Kraków', 11, b'0', NULL, NULL, '58.00'),
(846, 'Sakacka', 'Wiktoria', 'Jordanów', 'Moniuszki', '207', '1995-01-05', '2004-09-01', 'Warszawa', 7, b'1', NULL, NULL, '3.00'),
(847, 'Talacka', 'Magdalena', 'Raba', 'Niskie Brodno', '145', '1998-07-18', '2004-09-01', 'Katowice', 4, b'0', NULL, NULL, '27.00'),
(848, 'Wamacka', 'Maria', 'Podwilk', NULL, '289', '1978-10-11', '2004-09-01', 'Mszana Dolna', 2, b'0', NULL, NULL, '16.00'),
(849, 'Xanacka', 'Magdalena', 'Raba', NULL, '66', '1980-04-09', '2004-09-01', 'Czarny Dunajec', 9, b'0', NULL, NULL, '44.00'),
(850, 'Yaoacka', 'Natalia', 'Mszana', NULL, '45', '1988-07-22', '2004-09-01', 'Krościenko', 7, b'0', NULL, NULL, '41.00'),
(851, 'Zapacka', 'Magdalena', 'Raba', NULL, '281', '1965-06-28', '2004-09-01', 'Rabka - Zdrój', 1, b'1', NULL, NULL, '20.00'),
(852, 'Aaracka', 'Izabela', 'Rabka-Zdrój', NULL, '107', '1974-02-23', '2004-09-01', 'Zakopane', 11, b'0', NULL, NULL, '16.00'),
(853, 'Basacka', 'Ada', 'Zakopane', NULL, '294', '1975-12-21', '2004-09-01', 'Nowy Targ', 1, b'0', NULL, NULL, '29.00'),
(854, 'Catacka', 'Justyna', 'Rabka-Zdrój', NULL, '118', '1987-11-20', '2004-09-01', 'Sucha Beskidzka', 8, b'0', NULL, NULL, '24.00'),
(855, 'Dawacka', 'Weronika', 'Jordanów', NULL, '122', '1994-10-12', '2004-09-01', 'Kraków', 6, b'0', NULL, NULL, '22.00'),
(856, 'Eaxacka', 'Natalia', 'Mszana', 'Witosa', '46', '1995-06-24', '2004-09-01', 'Warszawa', 7, b'0', NULL, NULL, '40.00'),
(857, 'Fayacka', 'Katarzyna', 'Raba', 'Władysława Jagiełły', '235', '1997-02-12', '2004-09-01', 'Katowice', 10, b'0', NULL, NULL, '50.00'),
(858, 'Gazacka', 'Joanna', 'Rabka-Zdrój', 'Wybickiego', '256', '1971-05-31', '2004-09-01', 'Mszana Dolna', 8, b'0', NULL, NULL, '10.00'),
(859, 'Haaacka', 'Julia', 'Rabka-Zdrój', 'Zduńska', '267', '1978-11-09', '2004-09-01', 'Czarny Dunajec', 3, b'0', NULL, NULL, '16.00'),
(860, 'Iacacka', 'Julia', 'Rabka-Zdrój', 'Widokowa', '259', '1984-09-16', '2004-09-01', 'Krościenko', 5, b'0', NULL, NULL, '36.00'),
(861, 'Jadacka', 'Gabriela', 'Sieniawa', 'Chabrowa', '44', '1965-02-18', '2004-09-01', 'Rabka - Zdrój', 2, b'0', NULL, NULL, '53.00'),
(862, 'Kaeacka', 'Aleksandra', 'Spytkowice', 'Liliowa', '199', '1982-09-08', '2004-09-01', 'Zakopane', 8, b'0', NULL, NULL, '60.00'),
(863, 'Lafacka', 'Klaudia', 'Raba', 'Narcyzowa', '286', '1994-11-30', '2004-09-01', 'Nowy Targ', 4, b'0', NULL, NULL, '51.00'),
(864, 'Magacka', 'Karolina', 'Rabka-Zdrój', 'Freta', '49', '1973-07-13', '2004-09-01', 'Sucha Beskidzka', 12, b'1', NULL, NULL, '24.00'),
(865, 'Nahacka', 'Judyta', 'Rabka-Zdrój', 'Gołuńskiego', '295', '1997-03-25', '2004-09-01', 'Kraków', 2, b'0', NULL, NULL, '57.00'),
(866, 'Oaiacka', 'Gabriela', 'Sieniawa', 'Moniuszki', '239', '1993-06-20', '2004-09-01', 'Warszawa', 7, b'1', NULL, NULL, '36.00'),
(867, 'Pajacka', 'Natalia', 'Mszana', 'Reymonta', '237', '1992-06-11', '2004-09-01', 'Katowice', 11, b'0', NULL, NULL, '39.00'),
(868, 'Rakacka', 'Katarzyna', 'Rabka-Zdrój', 'Witosa', '197', '1994-01-15', '2004-09-01', 'Mszana Dolna', 12, b'0', NULL, NULL, '15.00'),
(869, 'Salacka', 'Dominika', 'Skawa', 'Długa', '183', '1971-06-24', '2004-09-01', 'Czarny Dunajec', 10, b'0', NULL, NULL, '59.00'),
(870, 'Tamacka', 'Wioletta', 'Jordanów', NULL, '44', '1987-07-08', '2004-09-01', 'Krościenko', 10, b'0', NULL, NULL, '56.00'),
(871, 'Wanacka', 'Anna', 'Skomielna', NULL, '95', '1991-01-11', '2004-09-01', 'Rabka - Zdrój', 8, b'0', NULL, NULL, '18.00'),
(872, 'Xaoacka', 'Katarzyna', 'Rabka-Zdrój', NULL, '290', '1994-05-18', '2004-09-01', 'Zakopane', 11, b'0', NULL, NULL, '25.00'),
(873, 'Yapacka', 'Joanna', 'Rabka-Zdrój', NULL, '221', '1967-12-25', '2004-09-01', 'Nowy Targ', 11, b'1', NULL, NULL, '33.00'),
(874, 'Zaracka', 'Marta', 'Podwilk', NULL, '194', '1978-09-08', '2004-09-01', 'Sucha Beskidzka', 5, b'0', NULL, NULL, '50.00'),
(875, 'Aasacka', 'Michalina', 'Olszówka', NULL, '92', '1992-06-25', '2005-05-01', 'Kraków', 11, b'0', NULL, NULL, '1.00'),
(876, 'Batacka', 'Joanna', 'Rabka-Zdrój', NULL, '231', '1975-09-20', '2005-09-01', 'Warszawa', 9, b'0', NULL, NULL, '32.00'),
(877, 'Cawacka', 'Aleksandra', 'Spytkowice', NULL, '137', '1972-10-16', '2006-01-01', 'Katowice', 10, b'0', NULL, NULL, '29.00'),
(878, 'Daxacka', 'Natalia', 'Mszana', 'Kadetów', '276', '1968-02-21', '2006-05-01', 'Mszana Dolna', 7, b'1', NULL, NULL, '14.00'),
(879, 'Eayacka', 'Maria', 'Podwilk', 'Ku Belmie', '225', '1992-01-28', '2006-09-01', 'Czarny Dunajec', 8, b'0', NULL, NULL, '34.00'),
(880, 'Fazacka', 'Karolina', 'Rabka-Zdrój', 'Modra', '88', '1965-06-17', '2007-01-01', 'Krościenko', 6, b'0', NULL, NULL, '46.00'),
(881, 'Gaaacka', 'Weronika', 'Jordanów', 'Niedzielna', '162', '1989-12-09', '2007-05-01', 'Rabka - Zdrój', 11, b'0', NULL, NULL, '4.00'),
(882, 'Hacacka', 'Agnieszka', 'Zakopane', 'Obwodowa', '245', '1982-07-12', '2007-09-01', 'Zakopane', 1, b'0', NULL, NULL, '20.00'),
(883, 'Iadacka', 'Emilia', 'Skawa', 'Piesza', '242', '1974-11-08', '2008-01-01', 'Nowy Targ', 8, b'1', NULL, NULL, '2.00'),
(884, 'Jaeacka', 'Natalia', 'Mszana', 'Rusłana', '36', '1978-03-10', '2008-05-01', 'Sucha Beskidzka', 5, b'0', NULL, NULL, '24.00'),
(885, 'Kafacka', 'Weronika', 'Jordanów', 'Tulipanowa', '270', '1995-04-23', '2008-09-01', 'Kraków', 2, b'0', NULL, NULL, '51.00'),
(886, 'Lagacka', 'Faustyna', 'Sieniawa', 'Zazuli', '91', '1998-05-10', '2009-01-01', 'Warszawa', 7, b'0', NULL, NULL, '51.00'),
(887, 'Mahacka', 'Anna', 'Skawa', 'Łagodna', '262', '1982-12-01', '2009-05-01', 'Katowice', 9, b'0', NULL, NULL, '56.00'),
(888, 'Naiacka', 'Laura', 'Raba', 'Skromna', '58', '1992-02-02', '2009-09-01', 'Mszana Dolna', 7, b'0', NULL, NULL, '51.00'),
(889, 'Oajacka', 'Anna', 'Skomielna', 'Strzelecka', '294', '1989-07-26', '2010-01-01', 'Czarny Dunajec', NULL, b'0', NULL, NULL, '49.00'),
(890, 'Pakacka', 'Anna', 'Skomielna', 'Tęczowa', '241', '1992-09-10', '2010-05-01', 'Krościenko', 10, b'0', NULL, NULL, '59.00'),
(891, 'Ralacka', 'Joanna', 'Rabka-Zdrój', 'Toruńska', '274', '1996-01-05', '2010-09-01', 'Rabka - Zdrój', 2, b'0', NULL, NULL, '48.00'),
(892, 'Samacka', 'Karolina', 'Rabka-Zdrój', 'Zjazdowa', '171', '1987-09-13', '2011-01-01', 'Zakopane', 3, b'0', NULL, NULL, '4.00'),
(893, 'Tanacka', 'Marlena', 'Podwilk', 'Długa', '19', '1987-09-02', '2011-05-01', 'Nowy Targ', NULL, b'0', NULL, NULL, '57.00'),
(894, 'Waoacka', 'Klaudia', 'Raba', 'Jałowcowa', '120', '1985-07-05', '2011-09-01', 'Sucha Beskidzka', 8, b'0', NULL, NULL, '26.00'),
(895, 'Xapacka', 'Emilia', 'Skawa', 'Jasiniecka', '248', '1966-12-17', '2012-01-01', 'Kraków', 10, b'0', NULL, NULL, '4.00'),
(896, 'Yaracka', 'Natalia', 'Mszana', 'Lipowa', '53', '1969-06-30', '2012-05-01', 'Warszawa', 12, b'1', NULL, NULL, '19.00'),
(897, 'Zasacka', 'Karolina', 'Rabka-Zdrój', 'Bydgoska', '270', '1999-05-29', '2012-09-01', 'Katowice', 6, b'0', NULL, NULL, '11.00'),
(898, 'Aatacka', 'Julia', 'Rabka-Zdrój', 'Diamentowa', '192', '1992-03-20', '2013-01-01', 'Mszana Dolna', 8, b'1', NULL, NULL, '47.00'),
(899, 'Bawacka', 'Patrycja', 'Mszana', 'Nowowiejska', '293', '1997-11-04', '2013-05-01', 'Czarny Dunajec', 9, b'0', NULL, NULL, '58.00'),
(900, 'Caxacka', 'Kornelia', 'Raba', 'Piesza', '190', '1986-02-16', '2013-09-01', 'Krościenko', 2, b'0', NULL, NULL, '39.00'),
(901, 'Dayacka', 'Daria', 'Skawa', 'Platynowa', '21', '1971-06-18', '2014-01-01', 'Rabka - Zdrój', 9, b'0', NULL, NULL, '18.00'),
(902, 'Eazacka', 'Małgorzata', 'Raba', 'Pszczela', '176', '1970-01-08', '2014-05-01', 'Zakopane', 10, b'0', NULL, NULL, '43.00'),
(903, 'Faaacka', 'Natalia', 'Mszana', 'Rekreacyjna', '182', '1971-11-08', '2014-09-01', 'Nowy Targ', 4, b'0', NULL, NULL, '16.00'),
(904, 'Gacacka', 'Ewelina', 'Sieniawa', 'Startowa', '229', '1987-09-22', '2015-01-01', 'Sucha Beskidzka', 5, b'0', NULL, NULL, '2.00'),
(905, 'Hadacka', 'Dominika', 'Skawa', 'Stawowa', '104', '1968-10-29', '2015-05-01', 'Kraków', 6, b'1', NULL, NULL, '52.00'),
(906, 'Iaeacka', 'Karolina', 'Rabka-Zdrój', 'Strzelecka', '177', '1968-03-01', '2015-09-01', 'Warszawa', 13, b'0', NULL, NULL, '19.00'),
(907, 'Jafacka', 'Justyna', 'Rabka-Zdrój', 'Siemianicka', '25', '1990-08-06', '2016-01-01', 'Katowice', 10, b'0', NULL, NULL, '30.00'),
(908, 'Kagacka', 'Weronika', 'Jordanów', NULL, '276', '1990-09-10', '2016-05-01', 'Mszana Dolna', 8, b'0', NULL, NULL, '16.00'),
(909, 'Lahacka', 'Agnieszka', 'Zakopane', NULL, '146', '1979-06-06', '2016-09-01', 'Czarny Dunajec', 6, b'0', NULL, NULL, '34.00'),
(910, 'Maiacka', 'Aleksandra', 'Spytkowice', NULL, '148', '1969-09-03', '2017-01-01', 'Krościenko', 13, b'1', NULL, NULL, '31.00'),
(911, 'Najacka', 'Sara', 'Lubien', NULL, '297', '1991-01-29', '2017-05-01', 'Rabka - Zdrój', 3, b'0', NULL, NULL, '14.00'),
(912, 'Oakacka', 'Gabriela', 'Sidzina', NULL, '189', '1966-12-23', '2017-09-01', 'Zakopane', 12, b'0', NULL, NULL, '35.00'),
(913, 'Palacka', 'Klaudia', 'Raba', NULL, '18', '1965-05-17', '2018-01-01', 'Nowy Targ', 5, b'0', NULL, NULL, NULL),
(914, 'Ramacka', 'Iwona', 'Rabka-Zdrój', NULL, '143', '1994-11-28', '2018-05-01', 'Sucha Beskidzka', 3, b'0', NULL, NULL, NULL),
(915, 'Sanacka', 'Klaudia', 'Raba', NULL, '291', '1994-07-25', '2018-09-01', 'Kraków', 8, b'1', NULL, NULL, '38.00'),
(916, 'Taoacka', 'Patrycja', 'Mszana', NULL, '46', '1990-01-17', '2019-01-01', 'Warszawa', 9, b'0', NULL, NULL, '22.00'),
(917, 'Wapacka', 'Małgorzata', 'Raba', NULL, '234', '1965-07-29', '2019-05-01', 'Katowice', 1, b'0', NULL, NULL, '3.00'),
(918, 'Xaracka', 'Aleksandra', 'Spytkowice', 'Obornicka', '251', '1976-09-13', '2019-09-01', 'Mszana Dolna', 4, b'0', NULL, NULL, '13.00'),
(919, 'Yasacka', 'Zofia', 'Chabówka', 'Sportowa', '162', '1974-07-10', '2020-01-01', 'Czarny Dunajec', 3, b'0', NULL, NULL, '20.00'),
(920, 'Zatacka', 'Laura', 'Raba', 'Wypoczynkowa', '296', '1986-12-29', '2020-05-01', 'Krościenko', 5, b'0', NULL, NULL, '34.00'),
(921, 'Aawacka', 'Aleksandra', 'Spytkowice', 'Główna', '226', '1965-09-10', '2020-09-01', 'Rabka - Zdrój', 9, b'0', NULL, NULL, '12.00'),
(922, 'Baxacka', 'Weronika', 'Jordanów', 'Boczna', '142', '1976-01-14', '2021-01-01', 'Zakopane', 8, b'0', NULL, NULL, '19.00'),
(923, 'Cayacka', 'Aleksandra', 'Spytkowice', 'Główna', '43', '1965-12-14', '2021-05-01', 'Nowy Targ', 13, b'0', NULL, NULL, '3.00'),
(924, 'Dazacka', 'Gabriela', 'Sieniawa', 'Klonowa', '7', '1979-03-24', '2021-09-01', 'Sucha Beskidzka', 11, b'0', NULL, NULL, '39.00'),
(925, 'Eaaacka', 'Justyna', 'Rabka-Zdrój', 'Kwiatowa', '71', '1970-11-24', '2022-01-01', 'Kraków', 1, b'0', NULL, NULL, '26.00'),
(926, 'Facacka', 'Magdalena', 'Raba', 'Południowa', '101', '1981-01-15', '2022-05-01', 'Warszawa', 1, b'0', NULL, NULL, '18.00'),
(927, 'Gadacka', 'Anna', 'Skomielna', 'Pszenna', '235', '1983-06-28', '2022-09-01', 'Katowice', 7, b'0', NULL, NULL, '31.00'),
(928, 'Haeacka', 'Aleksandra', 'Spytkowice', 'Wąska', '117', '1970-09-19', '2023-01-01', 'Mszana Dolna', 10, b'1', NULL, NULL, '35.00'),
(929, 'Iafacka', 'Ewelina', 'Sieniawa', 'Wiśniowa', '55', '1995-02-19', '2023-05-01', 'Czarny Dunajec', 3, b'0', NULL, NULL, '16.00'),
(930, 'Jagacka', 'Aneta', 'Spytkowice', 'Wypoczynkowa', '133', '1998-07-01', '2023-09-01', 'Krościenko', 10, b'1', NULL, NULL, '9.00'),
(931, 'Kahacka', 'Joanna', 'Rabka-Zdrój', 'Boczna', '288', '1975-07-18', '2024-01-01', 'Rabka - Zdrój', 12, b'0', NULL, NULL, '9.00'),
(932, 'Laiacka', 'Weronika', 'Jordanów', 'Kręta', '136', '1969-09-25', '2024-05-01', 'Zakopane', 9, b'0', NULL, NULL, NULL),
(933, 'Majacka', 'Aleksandra', 'Spytkowice', 'Rubinowa', '106', '1998-03-03', '2024-09-01', 'Nowy Targ', 3, b'0', NULL, NULL, '7.00'),
(934, 'Nakacka', 'Anna', 'Skomielna', 'Szybowcowa', '145', '1982-07-03', '2025-01-01', 'Sucha Beskidzka', 13, b'0', NULL, NULL, '49.00'),
(935, 'Oalacka', 'Alicja', 'Spytkowice', 'Wichrowe Wzgórze', '258', '1990-01-27', '2025-05-01', 'Kraków', 10, b'0', NULL, NULL, '200.00'),
(936, 'Pamacka', 'Aleksandra', 'Spytkowice', 'Brzeska', '184', '1985-12-24', '2025-09-01', 'Warszawa', 2, b'0', NULL, NULL, '13.00'),
(937, 'Ranacka', 'Natalia', 'Mszana', 'Kwiatowa', '205', '1969-07-01', '2022-01-01', 'Katowice', 10, b'1', NULL, NULL, '56.00'),
(938, 'Saoacka', 'Anna', 'Skawa', 'Maja', '150', '1992-06-16', '2022-05-01', 'Mszana Dolna', 8, b'0', NULL, NULL, '34.00'),
(939, 'Tapacka', 'Małgorzata', 'Raba', 'Obornicka', '237', '1985-10-07', '2022-09-01', 'Czarny Dunajec', 4, b'0', NULL, NULL, '33.00'),
(940, 'Waracka', 'Katarzyna', 'Rabka-Zdrój', 'Kościuszki', '38', '1999-03-31', '2022-01-01', 'Krościenko', 2, b'0', NULL, NULL, '14.00'),
(941, 'Xasacka', 'Martyna', 'Podwilk', 'Południowa', '46', '1969-09-10', '2022-05-01', 'Rabka - Zdrój', 7, b'0', NULL, NULL, '6.00'),
(942, 'Yatacka', 'Angelika', 'Spytkowice', 'Boczna', '269', '1974-06-14', '2022-09-01', 'Zakopane', 2, b'1', NULL, NULL, '7.00'),
(943, 'Zawacka', 'Joanna', 'Rabka-Zdrój', 'Kwiatowa', '216', '1995-11-28', '2022-01-01', 'Nowy Targ', 11, b'0', NULL, NULL, '6.00'),
(944, 'Aaxacka', 'Dorota', 'Skawa', 'Kwiatowa', '225', '1970-05-30', '2022-05-01', 'Sucha Beskidzka', 10, b'0', NULL, NULL, NULL),
(945, 'Bayacka', 'Magdalena', 'Raba', 'Armii Krajowej', '209', '1973-08-03', '2022-09-01', 'Kraków', 12, b'0', NULL, NULL, '54.00'),
(946, 'Cazacka', 'Julia', 'Rabka-Zdrój', 'Bema', '244', '1979-02-26', '2022-01-01', 'Warszawa', 3, b'0', NULL, NULL, '49.00'),
(947, 'Daaacka', 'Justyna', 'Rabka-Zdrój', 'Czereśniowa', '130', '1983-08-24', '2022-05-01', 'Katowice', 9, b'1', NULL, NULL, '56.00'),
(948, 'Eacacka', 'Aleksandra', 'Spytkowice', 'Daszyńskiego', '220', '1975-05-26', '2022-09-01', 'Mszana Dolna', 13, b'0', NULL, NULL, '7.00'),
(949, 'Fadacka', 'Weronika', 'Jordanów', 'Harcerska', '213', '1997-10-28', '2022-01-01', 'Czarny Dunajec', 4, b'0', NULL, NULL, '17.00'),
(950, 'Gaeacka', 'Małgorzata', 'Raba', 'Henryka Pobożnego', '95', '1995-10-29', '2022-05-01', 'Krościenko', 5, b'0', NULL, NULL, '29.00'),
(951, 'Hafacka', 'Zuzanna', 'Chabówka', 'Jędrzejowska', '68', '1986-05-25', '2022-09-01', 'Rabka - Zdrój', 7, b'0', NULL, NULL, '4.00'),
(952, 'Iagacka', 'Natalia', 'Mszana', 'Kościuszki', '250', '1988-09-01', '2022-01-01', 'Zakopane', 4, b'0', NULL, NULL, '59.00'),
(953, 'Jahacka', 'Kinga', 'Raba', 'Krakowska', '39', '1980-08-08', '2022-05-01', 'Nowy Targ', 9, b'0', NULL, NULL, '51.00'),
(954, 'Kaiacka', 'Monika', 'Mszana', NULL, '93', '1994-06-22', '2022-09-01', 'Sucha Beskidzka', 6, b'0', NULL, NULL, '57.00'),
(955, 'Lajacka', 'Joanna', 'Rabka-Zdrój', 'Maja', '133', '1988-04-13', '2022-01-01', 'Kraków', 3, b'0', NULL, NULL, NULL),
(956, 'Makacka', 'Aleksandra', 'Spytkowice', 'Nowa', '131', '1999-07-26', '2022-05-01', 'Warszawa', 10, b'0', NULL, NULL, NULL),
(957, 'Nalacka', 'Karolina', 'Rabka-Zdrój', 'Obornicka', '25', '1985-04-30', '2022-09-01', 'Katowice', 9, b'0', NULL, NULL, '36.00'),
(958, 'Oamacka', 'Marcelina', 'Raba', 'Piłsudskiego', '229', '1984-04-17', '2022-01-01', 'Mszana Dolna', 4, b'0', NULL, NULL, '54.00'),
(959, 'Panacka', 'Zofia', 'Chabówka', 'Piwniczna', '61', '1996-04-10', '2022-05-01', 'Czarny Dunajec', 2, b'0', NULL, NULL, '56.00'),
(960, 'Raoacka', 'Izabela', 'Rabka-Zdrój', 'Sportowa', '16', '1969-09-05', '2022-09-01', 'Krościenko', 1, b'1', NULL, NULL, '0.00'),
(961, 'Sapacka', 'Agnieszka', 'Wisniowa', 'Wąska', '132', '1979-03-27', '2022-01-01', 'Rabka - Zdrój', 1, b'0', NULL, NULL, '29.00'),
(962, 'Taracka', 'Teresa', 'Kraków', 'Bochenka', '299', '1996-12-13', '2022-05-01', 'Zakopane', 11, b'1', NULL, NULL, '37.00'),
(963, 'Wasacka', 'Anna', 'Skomielna', 'Kwiatowa', '23', '1984-11-01', '2022-09-01', 'Nowy Targ', 1, b'0', NULL, NULL, '21.00'),
(964, 'Xatacka', 'Gabriela', 'Sieniawa', 'Czereśniowa', '5', '1977-04-27', '2022-01-01', 'Sucha Beskidzka', 9, b'0', NULL, NULL, '15.00'),
(965, 'Yawacka', 'Oliwia', 'Mszana', 'Sportowa', '217', '1994-11-19', '2022-05-01', 'Kraków', 6, b'0', NULL, NULL, '53.00'),
(966, 'Zaxacka', 'Monika', 'Mszana', 'Rakowa', '165', '1996-10-30', '2022-09-01', 'Warszawa', 1, b'0', NULL, NULL, '53.00'),
(967, 'Aayacka', 'Julia', 'Rabka-Zdrój', 'Główna', '112', '1990-04-29', '2022-01-01', 'Katowice', 5, b'0', NULL, NULL, '29.00'),
(968, 'Bazacka', 'Julia', 'Rabka-Zdrój', 'Wiśniowa', '196', '1997-08-17', '2022-05-01', 'Mszana Dolna', 5, b'0', NULL, NULL, '33.00'),
(969, 'Caaacka', 'Monika', 'Mszana', 'Główna', '257', '1999-12-04', '2022-09-01', 'Czarny Dunajec', 13, b'1', NULL, NULL, '10.00'),
(970, 'Dacacka', 'Klaudia', 'Raba', 'Kręta', '61', '1983-02-18', '2022-01-01', 'Krościenko', 11, b'0', NULL, NULL, '36.00'),
(971, 'Eadacka', 'Aleksandra', 'Spytkowice', 'Sportowa', '132', '1979-10-28', '2022-05-01', 'Rabka - Zdrój', 9, b'0', NULL, NULL, '52.00'),
(972, 'Faeacka', 'Weronika', 'Jordanów', 'Wąska', '242', '1989-05-20', '2022-09-01', 'Zakopane', 7, b'0', NULL, NULL, '4.00'),
(973, 'Gafacka', 'Julia', 'Rabka-Zdrój', 'Wiśniowa', '282', '1981-10-20', '2022-01-01', 'Nowy Targ', 6, b'0', NULL, NULL, '57.00'),
(974, 'Hagacka', 'Anna', 'Skawa', 'Główna', '157', '1973-06-21', '2022-05-01', 'Sucha Beskidzka', 12, b'1', NULL, NULL, '53.00'),
(975, 'Iahacka', 'Dominika', 'Skawa', 'Sportowa', '81', '1976-03-01', '2022-09-01', 'Kraków', 13, b'0', NULL, NULL, '50.00'),
(976, 'Jaiacka', 'Justyna', 'Rabka-Zdrój', 'Wiśniowa', '272', '1984-09-13', '2022-01-01', 'Warszawa', 10, b'0', NULL, NULL, NULL),
(977, 'Kajacka', 'Anna', 'Skawa', 'Sportowa', '45', '1972-07-06', '2022-05-01', 'Katowice', 2, b'0', NULL, NULL, '5.00'),
(978, 'Lakacka', 'Wiktoria', 'Jordanów', 'Wiśniowa', '191', '1995-09-03', '2022-09-01', 'Mszana Dolna', 11, b'0', NULL, NULL, '18.00'),
(979, 'Malacka', 'Weronika', 'Jordanów', 'Za Ogrodami', '122', '1986-09-30', '2022-01-01', 'Czarny Dunajec', 6, b'1', NULL, NULL, '28.00'),
(980, 'Namacka', 'Natalia', 'Mszana', 'Główna', '182', '1968-06-20', '2022-05-01', 'Krościenko', 8, b'0', NULL, NULL, '44.00'),
(981, 'Oanacka', 'Emilia', 'Skawa', 'Nowa', '244', '1976-12-22', '2022-09-01', 'Rabka - Zdrój', 4, b'0', NULL, NULL, '47.00'),
(982, 'Paoacka', 'Natalia', 'Mszana', 'Boczna', '281', '1985-04-03', '2022-01-01', 'Zakopane', 10, b'0', NULL, NULL, '44.00'),
(983, 'Rapacka', 'Maja', 'Raba', 'Kwiatowa', '185', '1981-11-03', '2022-05-01', 'Nowy Targ', 2, b'0', NULL, NULL, '27.00'),
(984, 'Saracka', 'Aleksandra', 'Spytkowice', NULL, '1', '1971-10-30', '2022-09-01', 'Sucha Beskidzka', 2, b'0', NULL, NULL, '14.00'),
(985, 'Tasacka', 'Oliwia', 'Mszana', 'Sportowa', '7', '1993-02-17', '2022-01-01', 'Kraków', 2, b'0', NULL, NULL, '43.00'),
(986, 'Watacka', 'Gabriela', 'Sieniawa', 'Torowa', '231', '1997-04-26', '2022-05-01', 'Warszawa', 2, b'0', NULL, NULL, '29.00'),
(987, 'Xawacka', 'Weronika', 'Jordanów', 'Kwiatowa', '270', '1991-11-26', '2022-09-01', 'Katowice', 7, b'0', NULL, NULL, NULL),
(988, 'Yaxacka', 'Ilona', 'Rabka-Zdrój', 'Sportowa', '231', '1977-06-01', '2022-01-01', 'Mszana Dolna', 10, b'0', NULL, NULL, '54.00'),
(989, 'Zayacka', 'Anna', 'Skomielna', 'Kwiatowa', '168', '1981-01-10', '2022-05-01', 'Czarny Dunajec', 1, b'0', NULL, NULL, '37.00'),
(990, 'Aazacka', 'Angelika', 'Spytkowice', 'Akacjowa', '232', '1982-03-14', '2022-09-01', 'Krościenko', 1, b'0', NULL, NULL, '41.00'),
(991, 'Baaacka', 'Anna', 'Skomielna', 'Bielska', '143', '1994-03-30', '2022-01-01', 'Rabka - Zdrój', 6, b'0', NULL, NULL, NULL),
(992, 'Cacacka', 'Oliwia', 'Mszana', 'Grunwaldzka', '138', '1989-01-16', '2022-05-01', 'Zakopane', 2, b'1', NULL, NULL, '35.00'),
(993, 'Dadacka', 'Magdalena', 'Raba', 'Jarzębinowa', '277', '1966-01-21', '2022-09-01', 'Nowy Targ', 5, b'0', NULL, NULL, '45.00'),
(994, 'Eaeacka', 'Aleksandra', 'Spytkowice', 'Kasztanowa', '93', '1984-07-18', '2022-01-01', 'Sucha Beskidzka', 2, b'1', NULL, NULL, '12.00'),
(995, 'Fafacka', 'Agnieszka', 'Zakopane', 'Kazimierza Wielkiego', '66', '1985-11-15', '2022-05-01', 'Kraków', 1, b'0', NULL, NULL, '30.00'),
(996, 'Gagacka', 'Aleksandra', 'Spytkowice', 'Kilińskiego', '214', '1982-04-24', '2022-09-01', 'Warszawa', 10, b'0', NULL, NULL, '48.00'),
(997, 'Hahacka', 'Dominika', 'Skawa', 'Konopnickiej', '38', '1967-02-06', '2022-01-01', 'Katowice', 4, b'0', NULL, NULL, '6.00'),
(998, 'Iaiacka', 'Wiktoria', 'Jordanów', 'Konwaliowa', '266', '1980-12-09', '2022-05-01', 'Mszana Dolna', 5, b'0', NULL, NULL, '55.00'),
(999, 'Jajacka', 'Sylwia', 'Kraków', 'Kosiby', '73', '1979-07-16', '2022-09-01', 'Czarny Dunajec', 4, b'0', NULL, NULL, '34.00'),
(1000, 'Kakacka', 'Anna', 'Skomielna', 'Miarki', '12', '1983-04-28', '2022-01-01', 'Krościenko', 5, b'0', NULL, NULL, '52.00'),
(1001, 'Lalacka', 'Aleksandra', 'Spytkowice', 'Miodowa', '234', '1965-04-15', '2022-05-01', 'Rabka - Zdrój', 4, b'1', NULL, NULL, '41.00'),
(1002, 'Mamacka', 'Klaudia', 'Raba', 'Modłowa', '226', '1965-01-06', '2022-09-01', 'Zakopane', 5, b'0', NULL, NULL, '34.00'),
(1003, 'Nanacka', 'Ewelina', 'Skawa', 'Narcyzów', '51', '1982-06-28', '2022-01-01', 'Nowy Targ', 13, b'0', NULL, NULL, NULL),
(1004, 'Oaoacka', 'Zuzanna', 'Chabówka', 'Narutowicza', '284', '1986-12-28', '2022-05-01', 'Sucha Beskidzka', 1, b'0', NULL, NULL, '43.00'),
(1005, 'Papacka', 'Wioleta', 'Jordanów', 'Orzeszkowej', '95', '1993-10-22', '2022-09-01', 'Kraków', NULL, b'0', NULL, NULL, '57.00'),
(1006, 'Raracka', 'Agnieszka', 'Zakopane', 'Parkowa', '42', '1995-10-17', '2022-01-01', 'Warszawa', 4, b'1', NULL, NULL, '34.00'),
(1007, 'Sasacka', 'Anna', 'Skomielna', 'Robotnicza', '265', '1981-06-15', '2022-05-01', 'Katowice', NULL, b'0', NULL, NULL, '57.00'),
(1008, 'Tatacka', 'Karolina', 'Rabka-Zdrój', 'Różana', '120', '1969-11-14', '2022-09-01', 'Mszana Dolna', 8, b'0', NULL, NULL, '7.00'),
(1009, 'Wawacka', 'Ewelina', 'Sieniawa', 'Rzemieślnicza', '156', '1967-04-25', '2022-01-01', 'Czarny Dunajec', 5, b'0', NULL, NULL, '1.00'),
(1010, 'Xaxacka', 'Weronika', 'Jordanów', 'Sikorskiego', '109', '1998-09-11', '2022-05-01', 'Krościenko', 3, b'0', NULL, NULL, '49.00'),
(1011, 'Yayacka', 'Olga', 'Mszana', 'Słowackiego', '116', '1999-07-13', '2022-09-01', 'Rabka - Zdrój', 11, b'1', NULL, NULL, '60.00'),
(1012, 'Zazacka', 'Karolina', 'Rabka-Zdrój', 'Słowiańska', '125', '1998-11-04', '2022-01-01', 'Zakopane', NULL, b'0', NULL, NULL, '12.00');

--
-- Indeksy dla zrzutów tabel
--

--
-- Indeksy dla tabeli `klasa`
--
ALTER TABLE `klasa`
  ADD PRIMARY KEY (`id_klasy`),
  ADD KEY `id_wychowawcy` (`id_wychowawcy`);

--
-- Indeksy dla tabeli `nauczane_przedmioty`
--
ALTER TABLE `nauczane_przedmioty`
  ADD PRIMARY KEY (`id_nauczyciela`,`id_przedmiotu`),
  ADD KEY `id_przedmiotu` (`id_przedmiotu`);

--
-- Indeksy dla tabeli `nauczyciel`
--
ALTER TABLE `nauczyciel`
  ADD PRIMARY KEY (`id_nauczyciela`);

--
-- Indeksy dla tabeli `oceny`
--
ALTER TABLE `oceny`
  ADD PRIMARY KEY (`id_oceny`),
  ADD KEY `id_ucznia` (`id_ucznia`),
  ADD KEY `id_przedmiotu` (`id_przedmiotu`);

--
-- Indeksy dla tabeli `przedmioty`
--
ALTER TABLE `przedmioty`
  ADD PRIMARY KEY (`id_przedmiotu`);

--
-- Indeksy dla tabeli `uczen`
--
ALTER TABLE `uczen`
  ADD PRIMARY KEY (`id_ucznia`),
  ADD KEY `Nr_klasy` (`id_klasy`);

--
-- AUTO_INCREMENT dla zrzuconych tabel
--

--
-- AUTO_INCREMENT dla tabeli `nauczyciel`
--
ALTER TABLE `nauczyciel`
  MODIFY `id_nauczyciela` int(11) NOT NULL AUTO_INCREMENT, AUTO_INCREMENT=37;

--
-- AUTO_INCREMENT dla tabeli `oceny`
--
ALTER TABLE `oceny`
  MODIFY `id_oceny` int(11) NOT NULL AUTO_INCREMENT, AUTO_INCREMENT=1001;

--
-- AUTO_INCREMENT dla tabeli `przedmioty`
--
ALTER TABLE `przedmioty`
  MODIFY `id_przedmiotu` int(11) NOT NULL AUTO_INCREMENT, AUTO_INCREMENT=41;

--
-- AUTO_INCREMENT dla tabeli `uczen`
--
ALTER TABLE `uczen`
  MODIFY `id_ucznia` int(11) NOT NULL AUTO_INCREMENT, AUTO_INCREMENT=1013;

--
-- Ograniczenia dla zrzutów tabel
--

--
-- Ograniczenia dla tabeli `klasa`
--
ALTER TABLE `klasa`
  ADD CONSTRAINT `klasa_ibfk_1` FOREIGN KEY (`id_wychowawcy`) REFERENCES `nauczyciel` (`id_nauczyciela`);

--
-- Ograniczenia dla tabeli `nauczane_przedmioty`
--
ALTER TABLE `nauczane_przedmioty`
  ADD CONSTRAINT `nauczane_przedmioty_ibfk_1` FOREIGN KEY (`id_przedmiotu`) REFERENCES `przedmioty` (`id_przedmiotu`),
  ADD CONSTRAINT `nauczane_przedmioty_ibfk_2` FOREIGN KEY (`id_nauczyciela`) REFERENCES `nauczyciel` (`id_nauczyciela`);

--
-- Ograniczenia dla tabeli `oceny`
--
ALTER TABLE `oceny`
  ADD CONSTRAINT `oceny_ibfk_1` FOREIGN KEY (`id_ucznia`) REFERENCES `uczen` (`id_ucznia`),
  ADD CONSTRAINT `oceny_ibfk_2` FOREIGN KEY (`id_przedmiotu`) REFERENCES `przedmioty` (`id_przedmiotu`);

--
-- Ograniczenia dla tabeli `uczen`
--
ALTER TABLE `uczen`
  ADD CONSTRAINT `uczen_ibfk_1` FOREIGN KEY (`id_klasy`) REFERENCES `klasa` (`id_klasy`);
COMMIT;

/*!40101 SET CHARACTER_SET_CLIENT=@OLD_CHARACTER_SET_CLIENT */;
/*!40101 SET CHARACTER_SET_RESULTS=@OLD_CHARACTER_SET_RESULTS */;
/*!40101 SET COLLATION_CONNECTION=@OLD_COLLATION_CONNECTION */;
